date,station,hour,passenger_count,is_weekend,is_am_peak,is_pm_peak
2025-01-01,Aluva,6,177,0,0,0
2025-01-01,Aluva,7,171,0,0,0
2025-01-01,Aluva,8,500,0,1,0
2025-01-01,Aluva,9,514,0,1,0
2025-01-01,Aluva,10,526,0,1,0
2025-01-01,Aluva,11,207,0,0,0
2025-01-01,Aluva,12,204,0,0,0
2025-01-01,Aluva,13,193,0,0,0
2025-01-01,Aluva,14,187,0,0,0
2025-01-01,Aluva,15,201,0,0,0
2025-01-01,Aluva,16,188,0,0,0
2025-01-01,Aluva,17,513,0,0,1
2025-01-01,Aluva,18,515,0,0,1
2025-01-01,Aluva,19,518,0,0,1
2025-01-01,Aluva,20,504,0,0,1
2025-01-01,Aluva,21,210,0,0,0
2025-01-01,Aluva,22,183,0,0,0
2025-01-01,Pulinchodu,6,91,0,0,0
2025-01-01,Pulinchodu,7,69,0,0,0
2025-01-01,Pulinchodu,8,199,0,1,0
2025-01-01,Pulinchodu,9,200,0,1,0
2025-01-01,Pulinchodu,10,217,0,1,0
2025-01-01,Pulinchodu,11,85,0,0,0
2025-01-01,Pulinchodu,12,89,0,0,0
2025-01-01,Pulinchodu,13,82,0,0,0
2025-01-01,Pulinchodu,14,97,0,0,0
2025-01-01,Pulinchodu,15,78,0,0,0
2025-01-01,Pulinchodu,16,94,0,0,0
2025-01-01,Pulinchodu,17,222,0,0,1
2025-01-01,Pulinchodu,18,205,0,0,1
2025-01-01,Pulinchodu,19,202,0,0,1
2025-01-01,Pulinchodu,20,201,0,0,1
2025-01-01,Pulinchodu,21,86,0,0,0
2025-01-01,Pulinchodu,22,93,0,0,0
2025-01-01,Companypady,6,87,0,0,0
2025-01-01,Companypady,7,83,0,0,0
2025-01-01,Companypady,8,185,0,1,0
2025-01-01,Companypady,9,208,0,1,0
2025-01-01,Companypady,10,200,0,1,0
2025-01-01,Companypady,11,89,0,0,0
2025-01-01,Companypady,12,92,0,0,0
2025-01-01,Companypady,13,81,0,0,0
2025-01-01,Companypady,14,88,0,0,0
2025-01-01,Companypady,15,88,0,0,0
2025-01-01,Companypady,16,69,0,0,0
2025-01-01,Companypady,17,204,0,0,1
2025-01-01,Companypady,18,206,0,0,1
2025-01-01,Companypady,19,192,0,0,1
2025-01-01,Companypady,20,188,0,0,1
2025-01-01,Companypady,21,83,0,0,0
2025-01-01,Companypady,22,76,0,0,0
2025-01-01,Ambattukavu,6,62,0,0,0
2025-01-01,Ambattukavu,7,77,0,0,0
2025-01-01,Ambattukavu,8,214,0,1,0
2025-01-01,Ambattukavu,9,199,0,1,0
2025-01-01,Ambattukavu,10,209,0,1,0
2025-01-01,Ambattukavu,11,68,0,0,0
2025-01-01,Ambattukavu,12,83,0,0,0
2025-01-01,Ambattukavu,13,89,0,0,0
2025-01-01,Ambattukavu,14,95,0,0,0
2025-01-01,Ambattukavu,15,69,0,0,0
2025-01-01,Ambattukavu,16,69,0,0,0
2025-01-01,Ambattukavu,17,193,0,0,1
2025-01-01,Ambattukavu,18,225,0,0,1
2025-01-01,Ambattukavu,19,201,0,0,1
2025-01-01,Ambattukavu,20,192,0,0,1
2025-01-01,Ambattukavu,21,83,0,0,0
2025-01-01,Ambattukavu,22,76,0,0,0
2025-01-01,Muttom,6,85,0,0,0
2025-01-01,Muttom,7,66,0,0,0
2025-01-01,Muttom,8,198,0,1,0
2025-01-01,Muttom,9,212,0,1,0
2025-01-01,Muttom,10,190,0,1,0
2025-01-01,Muttom,11,93,0,0,0
2025-01-01,Muttom,12,72,0,0,0
2025-01-01,Muttom,13,88,0,0,0
2025-01-01,Muttom,14,69,0,0,0
2025-01-01,Muttom,15,90,0,0,0
2025-01-01,Muttom,16,81,0,0,0
2025-01-01,Muttom,17,191,0,0,1
2025-01-01,Muttom,18,194,0,0,1
2025-01-01,Muttom,19,197,0,0,1
2025-01-01,Muttom,20,196,0,0,1
2025-01-01,Muttom,21,81,0,0,0
2025-01-01,Muttom,22,80,0,0,0
2025-01-01,Kalamassery,6,191,0,0,0
2025-01-01,Kalamassery,7,202,0,0,0
2025-01-01,Kalamassery,8,506,0,1,0
2025-01-01,Kalamassery,9,480,0,1,0
2025-01-01,Kalamassery,10,525,0,1,0
2025-01-01,Kalamassery,11,171,0,0,0
2025-01-01,Kalamassery,12,197,0,0,0
2025-01-01,Kalamassery,13,213,0,0,0
2025-01-01,Kalamassery,14,186,0,0,0
2025-01-01,Kalamassery,15,188,0,0,0
2025-01-01,Kalamassery,16,206,0,0,0
2025-01-01,Kalamassery,17,511,0,0,1
2025-01-01,Kalamassery,18,476,0,0,1
2025-01-01,Kalamassery,19,474,0,0,1
2025-01-01,Kalamassery,20,544,0,0,1
2025-01-01,Kalamassery,21,198,0,0,0
2025-01-01,Kalamassery,22,189,0,0,0
2025-01-01,CUSAT,6,70,0,0,0
2025-01-01,CUSAT,7,79,0,0,0
2025-01-01,CUSAT,8,191,0,1,0
2025-01-01,CUSAT,9,198,0,1,0
2025-01-01,CUSAT,10,169,0,1,0
2025-01-01,CUSAT,11,87,0,0,0
2025-01-01,CUSAT,12,68,0,0,0
2025-01-01,CUSAT,13,96,0,0,0
2025-01-01,CUSAT,14,81,0,0,0
2025-01-01,CUSAT,15,77,0,0,0
2025-01-01,CUSAT,16,81,0,0,0
2025-01-01,CUSAT,17,188,0,0,1
2025-01-01,CUSAT,18,205,0,0,1
2025-01-01,CUSAT,19,182,0,0,1
2025-01-01,CUSAT,20,183,0,0,1
2025-01-01,CUSAT,21,90,0,0,0
2025-01-01,CUSAT,22,85,0,0,0
2025-01-01,Pathadipalam,6,81,0,0,0
2025-01-01,Pathadipalam,7,62,0,0,0
2025-01-01,Pathadipalam,8,213,0,1,0
2025-01-01,Pathadipalam,9,232,0,1,0
2025-01-01,Pathadipalam,10,197,0,1,0
2025-01-01,Pathadipalam,11,78,0,0,0
2025-01-01,Pathadipalam,12,75,0,0,0
2025-01-01,Pathadipalam,13,81,0,0,0
2025-01-01,Pathadipalam,14,78,0,0,0
2025-01-01,Pathadipalam,15,74,0,0,0
2025-01-01,Pathadipalam,16,82,0,0,0
2025-01-01,Pathadipalam,17,189,0,0,1
2025-01-01,Pathadipalam,18,222,0,0,1
2025-01-01,Pathadipalam,19,206,0,0,1
2025-01-01,Pathadipalam,20,228,0,0,1
2025-01-01,Pathadipalam,21,73,0,0,0
2025-01-01,Pathadipalam,22,75,0,0,0
2025-01-01,Edappally,6,189,0,0,0
2025-01-01,Edappally,7,210,0,0,0
2025-01-01,Edappally,8,521,0,1,0
2025-01-01,Edappally,9,471,0,1,0
2025-01-01,Edappally,10,507,0,1,0
2025-01-01,Edappally,11,204,0,0,0
2025-01-01,Edappally,12,189,0,0,0
2025-01-01,Edappally,13,190,0,0,0
2025-01-01,Edappally,14,201,0,0,0
2025-01-01,Edappally,15,170,0,0,0
2025-01-01,Edappally,16,208,0,0,0
2025-01-01,Edappally,17,517,0,0,1
2025-01-01,Edappally,18,465,0,0,1
2025-01-01,Edappally,19,548,0,0,1
2025-01-01,Edappally,20,475,0,0,1
2025-01-01,Edappally,21,182,0,0,0
2025-01-01,Edappally,22,190,0,0,0
2025-01-01,Changampuzha Park,6,88,0,0,0
2025-01-01,Changampuzha Park,7,79,0,0,0
2025-01-01,Changampuzha Park,8,210,0,1,0
2025-01-01,Changampuzha Park,9,185,0,1,0
2025-01-01,Changampuzha Park,10,199,0,1,0
2025-01-01,Changampuzha Park,11,77,0,0,0
2025-01-01,Changampuzha Park,12,65,0,0,0
2025-01-01,Changampuzha Park,13,82,0,0,0
2025-01-01,Changampuzha Park,14,81,0,0,0
2025-01-01,Changampuzha Park,15,77,0,0,0
2025-01-01,Changampuzha Park,16,78,0,0,0
2025-01-01,Changampuzha Park,17,210,0,0,1
2025-01-01,Changampuzha Park,18,180,0,0,1
2025-01-01,Changampuzha Park,19,214,0,0,1
2025-01-01,Changampuzha Park,20,211,0,0,1
2025-01-01,Changampuzha Park,21,78,0,0,0
2025-01-01,Changampuzha Park,22,67,0,0,0
2025-01-01,Palarivattom,6,78,0,0,0
2025-01-01,Palarivattom,7,67,0,0,0
2025-01-01,Palarivattom,8,195,0,1,0
2025-01-01,Palarivattom,9,187,0,1,0
2025-01-01,Palarivattom,10,191,0,1,0
2025-01-01,Palarivattom,11,73,0,0,0
2025-01-01,Palarivattom,12,73,0,0,0
2025-01-01,Palarivattom,13,91,0,0,0
2025-01-01,Palarivattom,14,76,0,0,0
2025-01-01,Palarivattom,15,83,0,0,0
2025-01-01,Palarivattom,16,78,0,0,0
2025-01-01,Palarivattom,17,206,0,0,1
2025-01-01,Palarivattom,18,199,0,0,1
2025-01-01,Palarivattom,19,194,0,0,1
2025-01-01,Palarivattom,20,194,0,0,1
2025-01-01,Palarivattom,21,76,0,0,0
2025-01-01,Palarivattom,22,80,0,0,0
2025-01-01,JLN Stadium,6,85,0,0,0
2025-01-01,JLN Stadium,7,75,0,0,0
2025-01-01,JLN Stadium,8,194,0,1,0
2025-01-01,JLN Stadium,9,190,0,1,0
2025-01-01,JLN Stadium,10,178,0,1,0
2025-01-01,JLN Stadium,11,86,0,0,0
2025-01-01,JLN Stadium,12,82,0,0,0
2025-01-01,JLN Stadium,13,73,0,0,0
2025-01-01,JLN Stadium,14,80,0,0,0
2025-01-01,JLN Stadium,15,76,0,0,0
2025-01-01,JLN Stadium,16,77,0,0,0
2025-01-01,JLN Stadium,17,205,0,0,1
2025-01-01,JLN Stadium,18,195,0,0,1
2025-01-01,JLN Stadium,19,200,0,0,1
2025-01-01,JLN Stadium,20,197,0,0,1
2025-01-01,JLN Stadium,21,82,0,0,0
2025-01-01,JLN Stadium,22,76,0,0,0
2025-01-01,Kaloor Town Hall,6,73,0,0,0
2025-01-01,Kaloor Town Hall,7,83,0,0,0
2025-01-01,Kaloor Town Hall,8,220,0,1,0
2025-01-01,Kaloor Town Hall,9,210,0,1,0
2025-01-01,Kaloor Town Hall,10,218,0,1,0
2025-01-01,Kaloor Town Hall,11,81,0,0,0
2025-01-01,Kaloor Town Hall,12,88,0,0,0
2025-01-01,Kaloor Town Hall,13,72,0,0,0
2025-01-01,Kaloor Town Hall,14,76,0,0,0
2025-01-01,Kaloor Town Hall,15,94,0,0,0
2025-01-01,Kaloor Town Hall,16,81,0,0,0
2025-01-01,Kaloor Town Hall,17,207,0,0,1
2025-01-01,Kaloor Town Hall,18,175,0,0,1
2025-01-01,Kaloor Town Hall,19,192,0,0,1
2025-01-01,Kaloor Town Hall,20,185,0,0,1
2025-01-01,Kaloor Town Hall,21,77,0,0,0
2025-01-01,Kaloor Town Hall,22,93,0,0,0
2025-01-01,MG Road,6,207,0,0,0
2025-01-01,MG Road,7,207,0,0,0
2025-01-01,MG Road,8,518,0,1,0
2025-01-01,MG Road,9,496,0,1,0
2025-01-01,MG Road,10,515,0,1,0
2025-01-01,MG Road,11,195,0,0,0
2025-01-01,MG Road,12,199,0,0,0
2025-01-01,MG Road,13,213,0,0,0
2025-01-01,MG Road,14,203,0,0,0
2025-01-01,MG Road,15,201,0,0,0
2025-01-01,MG Road,16,205,0,0,0
2025-01-01,MG Road,17,493,0,0,1
2025-01-01,MG Road,18,484,0,0,1
2025-01-01,MG Road,19,492,0,0,1
2025-01-01,MG Road,20,489,0,0,1
2025-01-01,MG Road,21,231,0,0,0
2025-01-01,MG Road,22,199,0,0,0
2025-01-01,Maharaja's College,6,87,0,0,0
2025-01-01,Maharaja's College,7,77,0,0,0
2025-01-01,Maharaja's College,8,190,0,1,0
2025-01-01,Maharaja's College,9,215,0,1,0
2025-01-01,Maharaja's College,10,204,0,1,0
2025-01-01,Maharaja's College,11,69,0,0,0
2025-01-01,Maharaja's College,12,78,0,0,0
2025-01-01,Maharaja's College,13,74,0,0,0
2025-01-01,Maharaja's College,14,75,0,0,0
2025-01-01,Maharaja's College,15,77,0,0,0
2025-01-01,Maharaja's College,16,72,0,0,0
2025-01-01,Maharaja's College,17,206,0,0,1
2025-01-01,Maharaja's College,18,213,0,0,1
2025-01-01,Maharaja's College,19,194,0,0,1
2025-01-01,Maharaja's College,20,197,0,0,1
2025-01-01,Maharaja's College,21,81,0,0,0
2025-01-01,Maharaja's College,22,79,0,0,0
2025-01-01,Ernakulam South,6,190,0,0,0
2025-01-01,Ernakulam South,7,185,0,0,0
2025-01-01,Ernakulam South,8,516,0,1,0
2025-01-01,Ernakulam South,9,503,0,1,0
2025-01-01,Ernakulam South,10,496,0,1,0
2025-01-01,Ernakulam South,11,184,0,0,0
2025-01-01,Ernakulam South,12,190,0,0,0
2025-01-01,Ernakulam South,13,199,0,0,0
2025-01-01,Ernakulam South,14,204,0,0,0
2025-01-01,Ernakulam South,15,197,0,0,0
2025-01-01,Ernakulam South,16,210,0,0,0
2025-01-01,Ernakulam South,17,524,0,0,1
2025-01-01,Ernakulam South,18,533,0,0,1
2025-01-01,Ernakulam South,19,505,0,0,1
2025-01-01,Ernakulam South,20,522,0,0,1
2025-01-01,Ernakulam South,21,200,0,0,0
2025-01-01,Ernakulam South,22,198,0,0,0
2025-01-01,Kadavanthra,6,82,0,0,0
2025-01-01,Kadavanthra,7,80,0,0,0
2025-01-01,Kadavanthra,8,194,0,1,0
2025-01-01,Kadavanthra,9,200,0,1,0
2025-01-01,Kadavanthra,10,222,0,1,0
2025-01-01,Kadavanthra,11,82,0,0,0
2025-01-01,Kadavanthra,12,83,0,0,0
2025-01-01,Kadavanthra,13,76,0,0,0
2025-01-01,Kadavanthra,14,69,0,0,0
2025-01-01,Kadavanthra,15,93,0,0,0
2025-01-01,Kadavanthra,16,73,0,0,0
2025-01-01,Kadavanthra,17,198,0,0,1
2025-01-01,Kadavanthra,18,218,0,0,1
2025-01-01,Kadavanthra,19,208,0,0,1
2025-01-01,Kadavanthra,20,180,0,0,1
2025-01-01,Kadavanthra,21,78,0,0,0
2025-01-01,Kadavanthra,22,82,0,0,0
2025-01-01,Elamkulam,6,87,0,0,0
2025-01-01,Elamkulam,7,89,0,0,0
2025-01-01,Elamkulam,8,203,0,1,0
2025-01-01,Elamkulam,9,204,0,1,0
2025-01-01,Elamkulam,10,221,0,1,0
2025-01-01,Elamkulam,11,78,0,0,0
2025-01-01,Elamkulam,12,67,0,0,0
2025-01-01,Elamkulam,13,69,0,0,0
2025-01-01,Elamkulam,14,91,0,0,0
2025-01-01,Elamkulam,15,73,0,0,0
2025-01-01,Elamkulam,16,91,0,0,0
2025-01-01,Elamkulam,17,191,0,0,1
2025-01-01,Elamkulam,18,208,0,0,1
2025-01-01,Elamkulam,19,223,0,0,1
2025-01-01,Elamkulam,20,182,0,0,1
2025-01-01,Elamkulam,21,74,0,0,0
2025-01-01,Elamkulam,22,96,0,0,0
2025-01-01,Vyttila,6,84,0,0,0
2025-01-01,Vyttila,7,68,0,0,0
2025-01-01,Vyttila,8,215,0,1,0
2025-01-01,Vyttila,9,182,0,1,0
2025-01-01,Vyttila,10,210,0,1,0
2025-01-01,Vyttila,11,80,0,0,0
2025-01-01,Vyttila,12,67,0,0,0
2025-01-01,Vyttila,13,78,0,0,0
2025-01-01,Vyttila,14,88,0,0,0
2025-01-01,Vyttila,15,91,0,0,0
2025-01-01,Vyttila,16,81,0,0,0
2025-01-01,Vyttila,17,202,0,0,1
2025-01-01,Vyttila,18,186,0,0,1
2025-01-01,Vyttila,19,205,0,0,1
2025-01-01,Vyttila,20,214,0,0,1
2025-01-01,Vyttila,21,75,0,0,0
2025-01-01,Vyttila,22,80,0,0,0
2025-01-01,Thaikoodam,6,84,0,0,0
2025-01-01,Thaikoodam,7,87,0,0,0
2025-01-01,Thaikoodam,8,193,0,1,0
2025-01-01,Thaikoodam,9,193,0,1,0
2025-01-01,Thaikoodam,10,221,0,1,0
2025-01-01,Thaikoodam,11,78,0,0,0
2025-01-01,Thaikoodam,12,79,0,0,0
2025-01-01,Thaikoodam,13,82,0,0,0
2025-01-01,Thaikoodam,14,84,0,0,0
2025-01-01,Thaikoodam,15,80,0,0,0
2025-01-01,Thaikoodam,16,77,0,0,0
2025-01-01,Thaikoodam,17,184,0,0,1
2025-01-01,Thaikoodam,18,219,0,0,1
2025-01-01,Thaikoodam,19,224,0,0,1
2025-01-01,Thaikoodam,20,220,0,0,1
2025-01-01,Thaikoodam,21,69,0,0,0
2025-01-01,Thaikoodam,22,76,0,0,0
2025-01-01,Petta,6,82,0,0,0
2025-01-01,Petta,7,82,0,0,0
2025-01-01,Petta,8,208,0,1,0
2025-01-01,Petta,9,199,0,1,0
2025-01-01,Petta,10,199,0,1,0
2025-01-01,Petta,11,60,0,0,0
2025-01-01,Petta,12,75,0,0,0
2025-01-01,Petta,13,85,0,0,0
2025-01-01,Petta,14,68,0,0,0
2025-01-01,Petta,15,86,0,0,0
2025-01-01,Petta,16,85,0,0,0
2025-01-01,Petta,17,218,0,0,1
2025-01-01,Petta,18,219,0,0,1
2025-01-01,Petta,19,197,0,0,1
2025-01-01,Petta,20,196,0,0,1
2025-01-01,Petta,21,90,0,0,0
2025-01-01,Petta,22,73,0,0,0
2025-01-01,Vadakkekotta,6,85,0,0,0
2025-01-01,Vadakkekotta,7,86,0,0,0
2025-01-01,Vadakkekotta,8,205,0,1,0
2025-01-01,Vadakkekotta,9,203,0,1,0
2025-01-01,Vadakkekotta,10,189,0,1,0
2025-01-01,Vadakkekotta,11,105,0,0,0
2025-01-01,Vadakkekotta,12,73,0,0,0
2025-01-01,Vadakkekotta,13,78,0,0,0
2025-01-01,Vadakkekotta,14,65,0,0,0
2025-01-01,Vadakkekotta,15,85,0,0,0
2025-01-01,Vadakkekotta,16,83,0,0,0
2025-01-01,Vadakkekotta,17,200,0,0,1
2025-01-01,Vadakkekotta,18,204,0,0,1
2025-01-01,Vadakkekotta,19,197,0,0,1
2025-01-01,Vadakkekotta,20,216,0,0,1
2025-01-01,Vadakkekotta,21,72,0,0,0
2025-01-01,Vadakkekotta,22,93,0,0,0
2025-01-01,SN Junction,6,78,0,0,0
2025-01-01,SN Junction,7,84,0,0,0
2025-01-01,SN Junction,8,216,0,1,0
2025-01-01,SN Junction,9,217,0,1,0
2025-01-01,SN Junction,10,196,0,1,0
2025-01-01,SN Junction,11,93,0,0,0
2025-01-01,SN Junction,12,89,0,0,0
2025-01-01,SN Junction,13,78,0,0,0
2025-01-01,SN Junction,14,88,0,0,0
2025-01-01,SN Junction,15,91,0,0,0
2025-01-01,SN Junction,16,58,0,0,0
2025-01-01,SN Junction,17,180,0,0,1
2025-01-01,SN Junction,18,195,0,0,1
2025-01-01,SN Junction,19,196,0,0,1
2025-01-01,SN Junction,20,190,0,0,1
2025-01-01,SN Junction,21,83,0,0,0
2025-01-01,SN Junction,22,74,0,0,0
2025-01-01,Tripunithura Terminal,6,85,0,0,0
2025-01-01,Tripunithura Terminal,7,75,0,0,0
2025-01-01,Tripunithura Terminal,8,192,0,1,0
2025-01-01,Tripunithura Terminal,9,229,0,1,0
2025-01-01,Tripunithura Terminal,10,205,0,1,0
2025-01-01,Tripunithura Terminal,11,90,0,0,0
2025-01-01,Tripunithura Terminal,12,68,0,0,0
2025-01-01,Tripunithura Terminal,13,69,0,0,0
2025-01-01,Tripunithura Terminal,14,65,0,0,0
2025-01-01,Tripunithura Terminal,15,88,0,0,0
2025-01-01,Tripunithura Terminal,16,84,0,0,0
2025-01-01,Tripunithura Terminal,17,193,0,0,1
2025-01-01,Tripunithura Terminal,18,246,0,0,1
2025-01-01,Tripunithura Terminal,19,190,0,0,1
2025-01-01,Tripunithura Terminal,20,204,0,0,1
2025-01-01,Tripunithura Terminal,21,75,0,0,0
2025-01-01,Tripunithura Terminal,22,61,0,0,0
2025-01-08,Aluva,6,188,0,0,0
2025-01-08,Aluva,7,185,0,0,0
2025-01-08,Aluva,8,532,0,1,0
2025-01-08,Aluva,9,516,0,1,0
2025-01-08,Aluva,10,506,0,1,0
2025-01-08,Aluva,11,192,0,0,0
2025-01-08,Aluva,12,191,0,0,0
2025-01-08,Aluva,13,222,0,0,0
2025-01-08,Aluva,14,191,0,0,0
2025-01-08,Aluva,15,184,0,0,0
2025-01-08,Aluva,16,190,0,0,0
2025-01-08,Aluva,17,517,0,0,1
2025-01-08,Aluva,18,486,0,0,1
2025-01-08,Aluva,19,506,0,0,1
2025-01-08,Aluva,20,510,0,0,1
2025-01-08,Aluva,21,206,0,0,0
2025-01-08,Aluva,22,214,0,0,0
2025-01-08,Pulinchodu,6,69,0,0,0
2025-01-08,Pulinchodu,7,77,0,0,0
2025-01-08,Pulinchodu,8,208,0,1,0
2025-01-08,Pulinchodu,9,197,0,1,0
2025-01-08,Pulinchodu,10,236,0,1,0
2025-01-08,Pulinchodu,11,82,0,0,0
2025-01-08,Pulinchodu,12,73,0,0,0
2025-01-08,Pulinchodu,13,85,0,0,0
2025-01-08,Pulinchodu,14,81,0,0,0
2025-01-08,Pulinchodu,15,105,0,0,0
2025-01-08,Pulinchodu,16,80,0,0,0
2025-01-08,Pulinchodu,17,219,0,0,1
2025-01-08,Pulinchodu,18,201,0,0,1
2025-01-08,Pulinchodu,19,219,0,0,1
2025-01-08,Pulinchodu,20,207,0,0,1
2025-01-08,Pulinchodu,21,83,0,0,0
2025-01-08,Pulinchodu,22,96,0,0,0
2025-01-08,Companypady,6,72,0,0,0
2025-01-08,Companypady,7,76,0,0,0
2025-01-08,Companypady,8,188,0,1,0
2025-01-08,Companypady,9,179,0,1,0
2025-01-08,Companypady,10,197,0,1,0
2025-01-08,Companypady,11,90,0,0,0
2025-01-08,Companypady,12,95,0,0,0
2025-01-08,Companypady,13,70,0,0,0
2025-01-08,Companypady,14,90,0,0,0
2025-01-08,Companypady,15,81,0,0,0
2025-01-08,Companypady,16,94,0,0,0
2025-01-08,Companypady,17,215,0,0,1
2025-01-08,Companypady,18,216,0,0,1
2025-01-08,Companypady,19,195,0,0,1
2025-01-08,Companypady,20,193,0,0,1
2025-01-08,Companypady,21,91,0,0,0
2025-01-08,Companypady,22,73,0,0,0
2025-01-08,Ambattukavu,6,73,0,0,0
2025-01-08,Ambattukavu,7,80,0,0,0
2025-01-08,Ambattukavu,8,175,0,1,0
2025-01-08,Ambattukavu,9,205,0,1,0
2025-01-08,Ambattukavu,10,207,0,1,0
2025-01-08,Ambattukavu,11,80,0,0,0
2025-01-08,Ambattukavu,12,81,0,0,0
2025-01-08,Ambattukavu,13,93,0,0,0
2025-01-08,Ambattukavu,14,84,0,0,0
2025-01-08,Ambattukavu,15,74,0,0,0
2025-01-08,Ambattukavu,16,61,0,0,0
2025-01-08,Ambattukavu,17,200,0,0,1
2025-01-08,Ambattukavu,18,203,0,0,1
2025-01-08,Ambattukavu,19,197,0,0,1
2025-01-08,Ambattukavu,20,209,0,0,1
2025-01-08,Ambattukavu,21,70,0,0,0
2025-01-08,Ambattukavu,22,80,0,0,0
2025-01-08,Muttom,6,91,0,0,0
2025-01-08,Muttom,7,78,0,0,0
2025-01-08,Muttom,8,167,0,1,0
2025-01-08,Muttom,9,193,0,1,0
2025-01-08,Muttom,10,190,0,1,0
2025-01-08,Muttom,11,75,0,0,0
2025-01-08,Muttom,12,91,0,0,0
2025-01-08,Muttom,13,76,0,0,0
2025-01-08,Muttom,14,72,0,0,0
2025-01-08,Muttom,15,92,0,0,0
2025-01-08,Muttom,16,81,0,0,0
2025-01-08,Muttom,17,172,0,0,1
2025-01-08,Muttom,18,182,0,0,1
2025-01-08,Muttom,19,194,0,0,1
2025-01-08,Muttom,20,195,0,0,1
2025-01-08,Muttom,21,73,0,0,0
2025-01-08,Muttom,22,82,0,0,0
2025-01-08,Kalamassery,6,176,0,0,0
2025-01-08,Kalamassery,7,206,0,0,0
2025-01-08,Kalamassery,8,557,0,1,0
2025-01-08,Kalamassery,9,519,0,1,0
2025-01-08,Kalamassery,10,535,0,1,0
2025-01-08,Kalamassery,11,212,0,0,0
2025-01-08,Kalamassery,12,196,0,0,0
2025-01-08,Kalamassery,13,205,0,0,0
2025-01-08,Kalamassery,14,236,0,0,0
2025-01-08,Kalamassery,15,191,0,0,0
2025-01-08,Kalamassery,16,175,0,0,0
2025-01-08,Kalamassery,17,514,0,0,1
2025-01-08,Kalamassery,18,494,0,0,1
2025-01-08,Kalamassery,19,533,0,0,1
2025-01-08,Kalamassery,20,528,0,0,1
2025-01-08,Kalamassery,21,194,0,0,0
2025-01-08,Kalamassery,22,185,0,0,0
2025-01-08,CUSAT,6,93,0,0,0
2025-01-08,CUSAT,7,67,0,0,0
2025-01-08,CUSAT,8,193,0,1,0
2025-01-08,CUSAT,9,214,0,1,0
2025-01-08,CUSAT,10,199,0,1,0
2025-01-08,CUSAT,11,80,0,0,0
2025-01-08,CUSAT,12,85,0,0,0
2025-01-08,CUSAT,13,73,0,0,0
2025-01-08,CUSAT,14,79,0,0,0
2025-01-08,CUSAT,15,63,0,0,0
2025-01-08,CUSAT,16,64,0,0,0
2025-01-08,CUSAT,17,166,0,0,1
2025-01-08,CUSAT,18,197,0,0,1
2025-01-08,CUSAT,19,195,0,0,1
2025-01-08,CUSAT,20,193,0,0,1
2025-01-08,CUSAT,21,90,0,0,0
2025-01-08,CUSAT,22,81,0,0,0
2025-01-08,Pathadipalam,6,72,0,0,0
2025-01-08,Pathadipalam,7,80,0,0,0
2025-01-08,Pathadipalam,8,196,0,1,0
2025-01-08,Pathadipalam,9,206,0,1,0
2025-01-08,Pathadipalam,10,201,0,1,0
2025-01-08,Pathadipalam,11,75,0,0,0
2025-01-08,Pathadipalam,12,80,0,0,0
2025-01-08,Pathadipalam,13,90,0,0,0
2025-01-08,Pathadipalam,14,68,0,0,0
2025-01-08,Pathadipalam,15,73,0,0,0
2025-01-08,Pathadipalam,16,63,0,0,0
2025-01-08,Pathadipalam,17,196,0,0,1
2025-01-08,Pathadipalam,18,207,0,0,1
2025-01-08,Pathadipalam,19,202,0,0,1
2025-01-08,Pathadipalam,20,185,0,0,1
2025-01-08,Pathadipalam,21,88,0,0,0
2025-01-08,Pathadipalam,22,86,0,0,0
2025-01-08,Edappally,6,198,0,0,0
2025-01-08,Edappally,7,192,0,0,0
2025-01-08,Edappally,8,473,0,1,0
2025-01-08,Edappally,9,504,0,1,0
2025-01-08,Edappally,10,457,0,1,0
2025-01-08,Edappally,11,184,0,0,0
2025-01-08,Edappally,12,204,0,0,0
2025-01-08,Edappally,13,174,0,0,0
2025-01-08,Edappally,14,208,0,0,0
2025-01-08,Edappally,15,235,0,0,0
2025-01-08,Edappally,16,206,0,0,0
2025-01-08,Edappally,17,539,0,0,1
2025-01-08,Edappally,18,480,0,0,1
2025-01-08,Edappally,19,481,0,0,1
2025-01-08,Edappally,20,512,0,0,1
2025-01-08,Edappally,21,219,0,0,0
2025-01-08,Edappally,22,191,0,0,0
2025-01-08,Changampuzha Park,6,66,0,0,0
2025-01-08,Changampuzha Park,7,87,0,0,0
2025-01-08,Changampuzha Park,8,196,0,1,0
2025-01-08,Changampuzha Park,9,196,0,1,0
2025-01-08,Changampuzha Park,10,200,0,1,0
2025-01-08,Changampuzha Park,11,66,0,0,0
2025-01-08,Changampuzha Park,12,77,0,0,0
2025-01-08,Changampuzha Park,13,111,0,0,0
2025-01-08,Changampuzha Park,14,85,0,0,0
2025-01-08,Changampuzha Park,15,91,0,0,0
2025-01-08,Changampuzha Park,16,69,0,0,0
2025-01-08,Changampuzha Park,17,216,0,0,1
2025-01-08,Changampuzha Park,18,169,0,0,1
2025-01-08,Changampuzha Park,19,187,0,0,1
2025-01-08,Changampuzha Park,20,199,0,0,1
2025-01-08,Changampuzha Park,21,73,0,0,0
2025-01-08,Changampuzha Park,22,67,0,0,0
2025-01-08,Palarivattom,6,80,0,0,0
2025-01-08,Palarivattom,7,96,0,0,0
2025-01-08,Palarivattom,8,215,0,1,0
2025-01-08,Palarivattom,9,203,0,1,0
2025-01-08,Palarivattom,10,213,0,1,0
2025-01-08,Palarivattom,11,77,0,0,0
2025-01-08,Palarivattom,12,74,0,0,0
2025-01-08,Palarivattom,13,92,0,0,0
2025-01-08,Palarivattom,14,77,0,0,0
2025-01-08,Palarivattom,15,84,0,0,0
2025-01-08,Palarivattom,16,75,0,0,0
2025-01-08,Palarivattom,17,217,0,0,1
2025-01-08,Palarivattom,18,207,0,0,1
2025-01-08,Palarivattom,19,181,0,0,1
2025-01-08,Palarivattom,20,208,0,0,1
2025-01-08,Palarivattom,21,77,0,0,0
2025-01-08,Palarivattom,22,85,0,0,0
2025-01-08,JLN Stadium,6,103,0,0,0
2025-01-08,JLN Stadium,7,72,0,0,0
2025-01-08,JLN Stadium,8,210,0,1,0
2025-01-08,JLN Stadium,9,201,0,1,0
2025-01-08,JLN Stadium,10,166,0,1,0
2025-01-08,JLN Stadium,11,79,0,0,0
2025-01-08,JLN Stadium,12,84,0,0,0
2025-01-08,JLN Stadium,13,93,0,0,0
2025-01-08,JLN Stadium,14,74,0,0,0
2025-01-08,JLN Stadium,15,86,0,0,0
2025-01-08,JLN Stadium,16,81,0,0,0
2025-01-08,JLN Stadium,17,200,0,0,1
2025-01-08,JLN Stadium,18,202,0,0,1
2025-01-08,JLN Stadium,19,217,0,0,1
2025-01-08,JLN Stadium,20,227,0,0,1
2025-01-08,JLN Stadium,21,77,0,0,0
2025-01-08,JLN Stadium,22,83,0,0,0
2025-01-08,Kaloor Town Hall,6,84,0,0,0
2025-01-08,Kaloor Town Hall,7,65,0,0,0
2025-01-08,Kaloor Town Hall,8,189,0,1,0
2025-01-08,Kaloor Town Hall,9,227,0,1,0
2025-01-08,Kaloor Town Hall,10,176,0,1,0
2025-01-08,Kaloor Town Hall,11,99,0,0,0
2025-01-08,Kaloor Town Hall,12,85,0,0,0
2025-01-08,Kaloor Town Hall,13,85,0,0,0
2025-01-08,Kaloor Town Hall,14,87,0,0,0
2025-01-08,Kaloor Town Hall,15,79,0,0,0
2025-01-08,Kaloor Town Hall,16,89,0,0,0
2025-01-08,Kaloor Town Hall,17,202,0,0,1
2025-01-08,Kaloor Town Hall,18,207,0,0,1
2025-01-08,Kaloor Town Hall,19,208,0,0,1
2025-01-08,Kaloor Town Hall,20,191,0,0,1
2025-01-08,Kaloor Town Hall,21,90,0,0,0
2025-01-08,Kaloor Town Hall,22,78,0,0,0
2025-01-08,MG Road,6,180,0,0,0
2025-01-08,MG Road,7,225,0,0,0
2025-01-08,MG Road,8,516,0,1,0
2025-01-08,MG Road,9,507,0,1,0
2025-01-08,MG Road,10,545,0,1,0
2025-01-08,MG Road,11,182,0,0,0
2025-01-08,MG Road,12,171,0,0,0
2025-01-08,MG Road,13,180,0,0,0
2025-01-08,MG Road,14,207,0,0,0
2025-01-08,MG Road,15,211,0,0,0
2025-01-08,MG Road,16,197,0,0,0
2025-01-08,MG Road,17,522,0,0,1
2025-01-08,MG Road,18,489,0,0,1
2025-01-08,MG Road,19,524,0,0,1
2025-01-08,MG Road,20,483,0,0,1
2025-01-08,MG Road,21,215,0,0,0
2025-01-08,MG Road,22,214,0,0,0
2025-01-08,Maharaja's College,6,87,0,0,0
2025-01-08,Maharaja's College,7,90,0,0,0
2025-01-08,Maharaja's College,8,213,0,1,0
2025-01-08,Maharaja's College,9,193,0,1,0
2025-01-08,Maharaja's College,10,226,0,1,0
2025-01-08,Maharaja's College,11,80,0,0,0
2025-01-08,Maharaja's College,12,85,0,0,0
2025-01-08,Maharaja's College,13,85,0,0,0
2025-01-08,Maharaja's College,14,62,0,0,0
2025-01-08,Maharaja's College,15,90,0,0,0
2025-01-08,Maharaja's College,16,66,0,0,0
2025-01-08,Maharaja's College,17,200,0,0,1
2025-01-08,Maharaja's College,18,196,0,0,1
2025-01-08,Maharaja's College,19,195,0,0,1
2025-01-08,Maharaja's College,20,200,0,0,1
2025-01-08,Maharaja's College,21,76,0,0,0
2025-01-08,Maharaja's College,22,84,0,0,0
2025-01-08,Ernakulam South,6,192,0,0,0
2025-01-08,Ernakulam South,7,211,0,0,0
2025-01-08,Ernakulam South,8,505,0,1,0
2025-01-08,Ernakulam South,9,478,0,1,0
2025-01-08,Ernakulam South,10,496,0,1,0
2025-01-08,Ernakulam South,11,177,0,0,0
2025-01-08,Ernakulam South,12,216,0,0,0
2025-01-08,Ernakulam South,13,219,0,0,0
2025-01-08,Ernakulam South,14,206,0,0,0
2025-01-08,Ernakulam South,15,174,0,0,0
2025-01-08,Ernakulam South,16,191,0,0,0
2025-01-08,Ernakulam South,17,517,0,0,1
2025-01-08,Ernakulam South,18,486,0,0,1
2025-01-08,Ernakulam South,19,494,0,0,1
2025-01-08,Ernakulam South,20,502,0,0,1
2025-01-08,Ernakulam South,21,188,0,0,0
2025-01-08,Ernakulam South,22,195,0,0,0
2025-01-08,Kadavanthra,6,86,0,0,0
2025-01-08,Kadavanthra,7,87,0,0,0
2025-01-08,Kadavanthra,8,191,0,1,0
2025-01-08,Kadavanthra,9,213,0,1,0
2025-01-08,Kadavanthra,10,223,0,1,0
2025-01-08,Kadavanthra,11,61,0,0,0
2025-01-08,Kadavanthra,12,77,0,0,0
2025-01-08,Kadavanthra,13,83,0,0,0
2025-01-08,Kadavanthra,14,81,0,0,0
2025-01-08,Kadavanthra,15,105,0,0,0
2025-01-08,Kadavanthra,16,78,0,0,0
2025-01-08,Kadavanthra,17,163,0,0,1
2025-01-08,Kadavanthra,18,183,0,0,1
2025-01-08,Kadavanthra,19,202,0,0,1
2025-01-08,Kadavanthra,20,203,0,0,1
2025-01-08,Kadavanthra,21,91,0,0,0
2025-01-08,Kadavanthra,22,100,0,0,0
2025-01-08,Elamkulam,6,82,0,0,0
2025-01-08,Elamkulam,7,83,0,0,0
2025-01-08,Elamkulam,8,203,0,1,0
2025-01-08,Elamkulam,9,202,0,1,0
2025-01-08,Elamkulam,10,209,0,1,0
2025-01-08,Elamkulam,11,69,0,0,0
2025-01-08,Elamkulam,12,73,0,0,0
2025-01-08,Elamkulam,13,67,0,0,0
2025-01-08,Elamkulam,14,80,0,0,0
2025-01-08,Elamkulam,15,72,0,0,0
2025-01-08,Elamkulam,16,79,0,0,0
2025-01-08,Elamkulam,17,185,0,0,1
2025-01-08,Elamkulam,18,212,0,0,1
2025-01-08,Elamkulam,19,169,0,0,1
2025-01-08,Elamkulam,20,184,0,0,1
2025-01-08,Elamkulam,21,88,0,0,0
2025-01-08,Elamkulam,22,88,0,0,0
2025-01-08,Vyttila,6,87,0,0,0
2025-01-08,Vyttila,7,87,0,0,0
2025-01-08,Vyttila,8,207,0,1,0
2025-01-08,Vyttila,9,188,0,1,0
2025-01-08,Vyttila,10,200,0,1,0
2025-01-08,Vyttila,11,86,0,0,0
2025-01-08,Vyttila,12,75,0,0,0
2025-01-08,Vyttila,13,88,0,0,0
2025-01-08,Vyttila,14,86,0,0,0
2025-01-08,Vyttila,15,59,0,0,0
2025-01-08,Vyttila,16,82,0,0,0
2025-01-08,Vyttila,17,190,0,0,1
2025-01-08,Vyttila,18,198,0,0,1
2025-01-08,Vyttila,19,198,0,0,1
2025-01-08,Vyttila,20,218,0,0,1
2025-01-08,Vyttila,21,65,0,0,0
2025-01-08,Vyttila,22,79,0,0,0
2025-01-08,Thaikoodam,6,83,0,0,0
2025-01-08,Thaikoodam,7,65,0,0,0
2025-01-08,Thaikoodam,8,196,0,1,0
2025-01-08,Thaikoodam,9,185,0,1,0
2025-01-08,Thaikoodam,10,207,0,1,0
2025-01-08,Thaikoodam,11,94,0,0,0
2025-01-08,Thaikoodam,12,84,0,0,0
2025-01-08,Thaikoodam,13,77,0,0,0
2025-01-08,Thaikoodam,14,93,0,0,0
2025-01-08,Thaikoodam,15,67,0,0,0
2025-01-08,Thaikoodam,16,77,0,0,0
2025-01-08,Thaikoodam,17,191,0,0,1
2025-01-08,Thaikoodam,18,214,0,0,1
2025-01-08,Thaikoodam,19,224,0,0,1
2025-01-08,Thaikoodam,20,200,0,0,1
2025-01-08,Thaikoodam,21,89,0,0,0
2025-01-08,Thaikoodam,22,92,0,0,0
2025-01-08,Petta,6,71,0,0,0
2025-01-08,Petta,7,86,0,0,0
2025-01-08,Petta,8,183,0,1,0
2025-01-08,Petta,9,205,0,1,0
2025-01-08,Petta,10,217,0,1,0
2025-01-08,Petta,11,75,0,0,0
2025-01-08,Petta,12,70,0,0,0
2025-01-08,Petta,13,69,0,0,0
2025-01-08,Petta,14,81,0,0,0
2025-01-08,Petta,15,64,0,0,0
2025-01-08,Petta,16,76,0,0,0
2025-01-08,Petta,17,196,0,0,1
2025-01-08,Petta,18,210,0,0,1
2025-01-08,Petta,19,204,0,0,1
2025-01-08,Petta,20,211,0,0,1
2025-01-08,Petta,21,74,0,0,0
2025-01-08,Petta,22,75,0,0,0
2025-01-08,Vadakkekotta,6,72,0,0,0
2025-01-08,Vadakkekotta,7,76,0,0,0
2025-01-08,Vadakkekotta,8,201,0,1,0
2025-01-08,Vadakkekotta,9,188,0,1,0
2025-01-08,Vadakkekotta,10,194,0,1,0
2025-01-08,Vadakkekotta,11,82,0,0,0
2025-01-08,Vadakkekotta,12,65,0,0,0
2025-01-08,Vadakkekotta,13,71,0,0,0
2025-01-08,Vadakkekotta,14,80,0,0,0
2025-01-08,Vadakkekotta,15,76,0,0,0
2025-01-08,Vadakkekotta,16,90,0,0,0
2025-01-08,Vadakkekotta,17,213,0,0,1
2025-01-08,Vadakkekotta,18,180,0,0,1
2025-01-08,Vadakkekotta,19,211,0,0,1
2025-01-08,Vadakkekotta,20,187,0,0,1
2025-01-08,Vadakkekotta,21,77,0,0,0
2025-01-08,Vadakkekotta,22,103,0,0,0
2025-01-08,SN Junction,6,73,0,0,0
2025-01-08,SN Junction,7,82,0,0,0
2025-01-08,SN Junction,8,194,0,1,0
2025-01-08,SN Junction,9,214,0,1,0
2025-01-08,SN Junction,10,224,0,1,0
2025-01-08,SN Junction,11,74,0,0,0
2025-01-08,SN Junction,12,80,0,0,0
2025-01-08,SN Junction,13,77,0,0,0
2025-01-08,SN Junction,14,87,0,0,0
2025-01-08,SN Junction,15,83,0,0,0
2025-01-08,SN Junction,16,86,0,0,0
2025-01-08,SN Junction,17,185,0,0,1
2025-01-08,SN Junction,18,198,0,0,1
2025-01-08,SN Junction,19,211,0,0,1
2025-01-08,SN Junction,20,214,0,0,1
2025-01-08,SN Junction,21,78,0,0,0
2025-01-08,SN Junction,22,74,0,0,0
2025-01-08,Tripunithura Terminal,6,72,0,0,0
2025-01-08,Tripunithura Terminal,7,75,0,0,0
2025-01-08,Tripunithura Terminal,8,183,0,1,0
2025-01-08,Tripunithura Terminal,9,182,0,1,0
2025-01-08,Tripunithura Terminal,10,208,0,1,0
2025-01-08,Tripunithura Terminal,11,91,0,0,0
2025-01-08,Tripunithura Terminal,12,67,0,0,0
2025-01-08,Tripunithura Terminal,13,96,0,0,0
2025-01-08,Tripunithura Terminal,14,100,0,0,0
2025-01-08,Tripunithura Terminal,15,73,0,0,0
2025-01-08,Tripunithura Terminal,16,77,0,0,0
2025-01-08,Tripunithura Terminal,17,189,0,0,1
2025-01-08,Tripunithura Terminal,18,179,0,0,1
2025-01-08,Tripunithura Terminal,19,229,0,0,1
2025-01-08,Tripunithura Terminal,20,211,0,0,1
2025-01-08,Tripunithura Terminal,21,91,0,0,0
2025-01-08,Tripunithura Terminal,22,68,0,0,0
2025-01-15,Aluva,6,207,0,0,0
2025-01-15,Aluva,7,193,0,0,0
2025-01-15,Aluva,8,502,0,1,0
2025-01-15,Aluva,9,477,0,1,0
2025-01-15,Aluva,10,499,0,1,0
2025-01-15,Aluva,11,211,0,0,0
2025-01-15,Aluva,12,178,0,0,0
2025-01-15,Aluva,13,180,0,0,0
2025-01-15,Aluva,14,194,0,0,0
2025-01-15,Aluva,15,204,0,0,0
2025-01-15,Aluva,16,197,0,0,0
2025-01-15,Aluva,17,481,0,0,1
2025-01-15,Aluva,18,525,0,0,1
2025-01-15,Aluva,19,524,0,0,1
2025-01-15,Aluva,20,468,0,0,1
2025-01-15,Aluva,21,194,0,0,0
2025-01-15,Aluva,22,180,0,0,0
2025-01-15,Pulinchodu,6,78,0,0,0
2025-01-15,Pulinchodu,7,84,0,0,0
2025-01-15,Pulinchodu,8,212,0,1,0
2025-01-15,Pulinchodu,9,183,0,1,0
2025-01-15,Pulinchodu,10,189,0,1,0
2025-01-15,Pulinchodu,11,86,0,0,0
2025-01-15,Pulinchodu,12,73,0,0,0
2025-01-15,Pulinchodu,13,82,0,0,0
2025-01-15,Pulinchodu,14,79,0,0,0
2025-01-15,Pulinchodu,15,76,0,0,0
2025-01-15,Pulinchodu,16,66,0,0,0
2025-01-15,Pulinchodu,17,221,0,0,1
2025-01-15,Pulinchodu,18,205,0,0,1
2025-01-15,Pulinchodu,19,222,0,0,1
2025-01-15,Pulinchodu,20,223,0,0,1
2025-01-15,Pulinchodu,21,70,0,0,0
2025-01-15,Pulinchodu,22,88,0,0,0
2025-01-15,Companypady,6,73,0,0,0
2025-01-15,Companypady,7,58,0,0,0
2025-01-15,Companypady,8,207,0,1,0
2025-01-15,Companypady,9,181,0,1,0
2025-01-15,Companypady,10,191,0,1,0
2025-01-15,Companypady,11,89,0,0,0
2025-01-15,Companypady,12,83,0,0,0
2025-01-15,Companypady,13,76,0,0,0
2025-01-15,Companypady,14,81,0,0,0
2025-01-15,Companypady,15,72,0,0,0
2025-01-15,Companypady,16,93,0,0,0
2025-01-15,Companypady,17,216,0,0,1
2025-01-15,Companypady,18,189,0,0,1
2025-01-15,Companypady,19,215,0,0,1
2025-01-15,Companypady,20,207,0,0,1
2025-01-15,Companypady,21,83,0,0,0
2025-01-15,Companypady,22,73,0,0,0
2025-01-15,Ambattukavu,6,85,0,0,0
2025-01-15,Ambattukavu,7,89,0,0,0
2025-01-15,Ambattukavu,8,195,0,1,0
2025-01-15,Ambattukavu,9,187,0,1,0
2025-01-15,Ambattukavu,10,180,0,1,0
2025-01-15,Ambattukavu,11,78,0,0,0
2025-01-15,Ambattukavu,12,72,0,0,0
2025-01-15,Ambattukavu,13,76,0,0,0
2025-01-15,Ambattukavu,14,65,0,0,0
2025-01-15,Ambattukavu,15,82,0,0,0
2025-01-15,Ambattukavu,16,87,0,0,0
2025-01-15,Ambattukavu,17,190,0,0,1
2025-01-15,Ambattukavu,18,220,0,0,1
2025-01-15,Ambattukavu,19,190,0,0,1
2025-01-15,Ambattukavu,20,203,0,0,1
2025-01-15,Ambattukavu,21,92,0,0,0
2025-01-15,Ambattukavu,22,96,0,0,0
2025-01-15,Muttom,6,80,0,0,0
2025-01-15,Muttom,7,83,0,0,0
2025-01-15,Muttom,8,177,0,1,0
2025-01-15,Muttom,9,205,0,1,0
2025-01-15,Muttom,10,203,0,1,0
2025-01-15,Muttom,11,66,0,0,0
2025-01-15,Muttom,12,69,0,0,0
2025-01-15,Muttom,13,76,0,0,0
2025-01-15,Muttom,14,79,0,0,0
2025-01-15,Muttom,15,79,0,0,0
2025-01-15,Muttom,16,67,0,0,0
2025-01-15,Muttom,17,189,0,0,1
2025-01-15,Muttom,18,186,0,0,1
2025-01-15,Muttom,19,200,0,0,1
2025-01-15,Muttom,20,211,0,0,1
2025-01-15,Muttom,21,92,0,0,0
2025-01-15,Muttom,22,84,0,0,0
2025-01-15,Kalamassery,6,197,0,0,0
2025-01-15,Kalamassery,7,225,0,0,0
2025-01-15,Kalamassery,8,479,0,1,0
2025-01-15,Kalamassery,9,510,0,1,0
2025-01-15,Kalamassery,10,503,0,1,0
2025-01-15,Kalamassery,11,207,0,0,0
2025-01-15,Kalamassery,12,204,0,0,0
2025-01-15,Kalamassery,13,191,0,0,0
2025-01-15,Kalamassery,14,194,0,0,0
2025-01-15,Kalamassery,15,202,0,0,0
2025-01-15,Kalamassery,16,211,0,0,0
2025-01-15,Kalamassery,17,504,0,0,1
2025-01-15,Kalamassery,18,504,0,0,1
2025-01-15,Kalamassery,19,494,0,0,1
2025-01-15,Kalamassery,20,478,0,0,1
2025-01-15,Kalamassery,21,199,0,0,0
2025-01-15,Kalamassery,22,192,0,0,0
2025-01-15,CUSAT,6,90,0,0,0
2025-01-15,CUSAT,7,82,0,0,0
2025-01-15,CUSAT,8,212,0,1,0
2025-01-15,CUSAT,9,214,0,1,0
2025-01-15,CUSAT,10,183,0,1,0
2025-01-15,CUSAT,11,76,0,0,0
2025-01-15,CUSAT,12,77,0,0,0
2025-01-15,CUSAT,13,75,0,0,0
2025-01-15,CUSAT,14,79,0,0,0
2025-01-15,CUSAT,15,84,0,0,0
2025-01-15,CUSAT,16,90,0,0,0
2025-01-15,CUSAT,17,218,0,0,1
2025-01-15,CUSAT,18,215,0,0,1
2025-01-15,CUSAT,19,217,0,0,1
2025-01-15,CUSAT,20,194,0,0,1
2025-01-15,CUSAT,21,75,0,0,0
2025-01-15,CUSAT,22,78,0,0,0
2025-01-15,Pathadipalam,6,74,0,0,0
2025-01-15,Pathadipalam,7,71,0,0,0
2025-01-15,Pathadipalam,8,179,0,1,0
2025-01-15,Pathadipalam,9,216,0,1,0
2025-01-15,Pathadipalam,10,192,0,1,0
2025-01-15,Pathadipalam,11,66,0,0,0
2025-01-15,Pathadipalam,12,88,0,0,0
2025-01-15,Pathadipalam,13,81,0,0,0
2025-01-15,Pathadipalam,14,81,0,0,0
2025-01-15,Pathadipalam,15,77,0,0,0
2025-01-15,Pathadipalam,16,72,0,0,0
2025-01-15,Pathadipalam,17,197,0,0,1
2025-01-15,Pathadipalam,18,189,0,0,1
2025-01-15,Pathadipalam,19,205,0,0,1
2025-01-15,Pathadipalam,20,211,0,0,1
2025-01-15,Pathadipalam,21,70,0,0,0
2025-01-15,Pathadipalam,22,82,0,0,0
2025-01-15,Edappally,6,240,0,0,0
2025-01-15,Edappally,7,186,0,0,0
2025-01-15,Edappally,8,501,0,1,0
2025-01-15,Edappally,9,495,0,1,0
2025-01-15,Edappally,10,518,0,1,0
2025-01-15,Edappally,11,200,0,0,0
2025-01-15,Edappally,12,210,0,0,0
2025-01-15,Edappally,13,200,0,0,0
2025-01-15,Edappally,14,197,0,0,0
2025-01-15,Edappally,15,200,0,0,0
2025-01-15,Edappally,16,186,0,0,0
2025-01-15,Edappally,17,528,0,0,1
2025-01-15,Edappally,18,499,0,0,1
2025-01-15,Edappally,19,551,0,0,1
2025-01-15,Edappally,20,510,0,0,1
2025-01-15,Edappally,21,252,0,0,0
2025-01-15,Edappally,22,202,0,0,0
2025-01-15,Changampuzha Park,6,99,0,0,0
2025-01-15,Changampuzha Park,7,92,0,0,0
2025-01-15,Changampuzha Park,8,210,0,1,0
2025-01-15,Changampuzha Park,9,218,0,1,0
2025-01-15,Changampuzha Park,10,201,0,1,0
2025-01-15,Changampuzha Park,11,82,0,0,0
2025-01-15,Changampuzha Park,12,75,0,0,0
2025-01-15,Changampuzha Park,13,96,0,0,0
2025-01-15,Changampuzha Park,14,86,0,0,0
2025-01-15,Changampuzha Park,15,91,0,0,0
2025-01-15,Changampuzha Park,16,93,0,0,0
2025-01-15,Changampuzha Park,17,185,0,0,1
2025-01-15,Changampuzha Park,18,177,0,0,1
2025-01-15,Changampuzha Park,19,209,0,0,1
2025-01-15,Changampuzha Park,20,197,0,0,1
2025-01-15,Changampuzha Park,21,73,0,0,0
2025-01-15,Changampuzha Park,22,79,0,0,0
2025-01-15,Palarivattom,6,74,0,0,0
2025-01-15,Palarivattom,7,82,0,0,0
2025-01-15,Palarivattom,8,186,0,1,0
2025-01-15,Palarivattom,9,187,0,1,0
2025-01-15,Palarivattom,10,229,0,1,0
2025-01-15,Palarivattom,11,92,0,0,0
2025-01-15,Palarivattom,12,97,0,0,0
2025-01-15,Palarivattom,13,72,0,0,0
2025-01-15,Palarivattom,14,95,0,0,0
2025-01-15,Palarivattom,15,74,0,0,0
2025-01-15,Palarivattom,16,73,0,0,0
2025-01-15,Palarivattom,17,228,0,0,1
2025-01-15,Palarivattom,18,191,0,0,1
2025-01-15,Palarivattom,19,199,0,0,1
2025-01-15,Palarivattom,20,197,0,0,1
2025-01-15,Palarivattom,21,91,0,0,0
2025-01-15,Palarivattom,22,86,0,0,0
2025-01-15,JLN Stadium,6,79,0,0,0
2025-01-15,JLN Stadium,7,79,0,0,0
2025-01-15,JLN Stadium,8,217,0,1,0
2025-01-15,JLN Stadium,9,209,0,1,0
2025-01-15,JLN Stadium,10,181,0,1,0
2025-01-15,JLN Stadium,11,90,0,0,0
2025-01-15,JLN Stadium,12,87,0,0,0
2025-01-15,JLN Stadium,13,88,0,0,0
2025-01-15,JLN Stadium,14,70,0,0,0
2025-01-15,JLN Stadium,15,65,0,0,0
2025-01-15,JLN Stadium,16,61,0,0,0
2025-01-15,JLN Stadium,17,179,0,0,1
2025-01-15,JLN Stadium,18,194,0,0,1
2025-01-15,JLN Stadium,19,168,0,0,1
2025-01-15,JLN Stadium,20,212,0,0,1
2025-01-15,JLN Stadium,21,84,0,0,0
2025-01-15,JLN Stadium,22,85,0,0,0
2025-01-15,Kaloor Town Hall,6,83,0,0,0
2025-01-15,Kaloor Town Hall,7,79,0,0,0
2025-01-15,Kaloor Town Hall,8,178,0,1,0
2025-01-15,Kaloor Town Hall,9,221,0,1,0
2025-01-15,Kaloor Town Hall,10,205,0,1,0
2025-01-15,Kaloor Town Hall,11,80,0,0,0
2025-01-15,Kaloor Town Hall,12,99,0,0,0
2025-01-15,Kaloor Town Hall,13,83,0,0,0
2025-01-15,Kaloor Town Hall,14,84,0,0,0
2025-01-15,Kaloor Town Hall,15,81,0,0,0
2025-01-15,Kaloor Town Hall,16,74,0,0,0
2025-01-15,Kaloor Town Hall,17,228,0,0,1
2025-01-15,Kaloor Town Hall,18,187,0,0,1
2025-01-15,Kaloor Town Hall,19,197,0,0,1
2025-01-15,Kaloor Town Hall,20,218,0,0,1
2025-01-15,Kaloor Town Hall,21,79,0,0,0
2025-01-15,Kaloor Town Hall,22,85,0,0,0
2025-01-15,MG Road,6,186,0,0,0
2025-01-15,MG Road,7,202,0,0,0
2025-01-15,MG Road,8,496,0,1,0
2025-01-15,MG Road,9,472,0,1,0
2025-01-15,MG Road,10,516,0,1,0
2025-01-15,MG Road,11,205,0,0,0
2025-01-15,MG Road,12,198,0,0,0
2025-01-15,MG Road,13,176,0,0,0
2025-01-15,MG Road,14,197,0,0,0
2025-01-15,MG Road,15,210,0,0,0
2025-01-15,MG Road,16,188,0,0,0
2025-01-15,MG Road,17,519,0,0,1
2025-01-15,MG Road,18,469,0,0,1
2025-01-15,MG Road,19,531,0,0,1
2025-01-15,MG Road,20,499,0,0,1
2025-01-15,MG Road,21,199,0,0,0
2025-01-15,MG Road,22,210,0,0,0
2025-01-15,Maharaja's College,6,85,0,0,0
2025-01-15,Maharaja's College,7,91,0,0,0
2025-01-15,Maharaja's College,8,169,0,1,0
2025-01-15,Maharaja's College,9,208,0,1,0
2025-01-15,Maharaja's College,10,210,0,1,0
2025-01-15,Maharaja's College,11,77,0,0,0
2025-01-15,Maharaja's College,12,85,0,0,0
2025-01-15,Maharaja's College,13,87,0,0,0
2025-01-15,Maharaja's College,14,93,0,0,0
2025-01-15,Maharaja's College,15,95,0,0,0
2025-01-15,Maharaja's College,16,84,0,0,0
2025-01-15,Maharaja's College,17,183,0,0,1
2025-01-15,Maharaja's College,18,210,0,0,1
2025-01-15,Maharaja's College,19,198,0,0,1
2025-01-15,Maharaja's College,20,166,0,0,1
2025-01-15,Maharaja's College,21,92,0,0,0
2025-01-15,Maharaja's College,22,71,0,0,0
2025-01-15,Ernakulam South,6,205,0,0,0
2025-01-15,Ernakulam South,7,207,0,0,0
2025-01-15,Ernakulam South,8,507,0,1,0
2025-01-15,Ernakulam South,9,482,0,1,0
2025-01-15,Ernakulam South,10,503,0,1,0
2025-01-15,Ernakulam South,11,225,0,0,0
2025-01-15,Ernakulam South,12,163,0,0,0
2025-01-15,Ernakulam South,13,197,0,0,0
2025-01-15,Ernakulam South,14,192,0,0,0
2025-01-15,Ernakulam South,15,202,0,0,0
2025-01-15,Ernakulam South,16,175,0,0,0
2025-01-15,Ernakulam South,17,510,0,0,1
2025-01-15,Ernakulam South,18,477,0,0,1
2025-01-15,Ernakulam South,19,501,0,0,1
2025-01-15,Ernakulam South,20,520,0,0,1
2025-01-15,Ernakulam South,21,201,0,0,0
2025-01-15,Ernakulam South,22,187,0,0,0
2025-01-15,Kadavanthra,6,97,0,0,0
2025-01-15,Kadavanthra,7,71,0,0,0
2025-01-15,Kadavanthra,8,189,0,1,0
2025-01-15,Kadavanthra,9,205,0,1,0
2025-01-15,Kadavanthra,10,168,0,1,0
2025-01-15,Kadavanthra,11,78,0,0,0
2025-01-15,Kadavanthra,12,77,0,0,0
2025-01-15,Kadavanthra,13,75,0,0,0
2025-01-15,Kadavanthra,14,76,0,0,0
2025-01-15,Kadavanthra,15,78,0,0,0
2025-01-15,Kadavanthra,16,69,0,0,0
2025-01-15,Kadavanthra,17,171,0,0,1
2025-01-15,Kadavanthra,18,193,0,0,1
2025-01-15,Kadavanthra,19,195,0,0,1
2025-01-15,Kadavanthra,20,206,0,0,1
2025-01-15,Kadavanthra,21,75,0,0,0
2025-01-15,Kadavanthra,22,91,0,0,0
2025-01-15,Elamkulam,6,106,0,0,0
2025-01-15,Elamkulam,7,73,0,0,0
2025-01-15,Elamkulam,8,209,0,1,0
2025-01-15,Elamkulam,9,201,0,1,0
2025-01-15,Elamkulam,10,203,0,1,0
2025-01-15,Elamkulam,11,70,0,0,0
2025-01-15,Elamkulam,12,74,0,0,0
2025-01-15,Elamkulam,13,79,0,0,0
2025-01-15,Elamkulam,14,75,0,0,0
2025-01-15,Elamkulam,15,64,0,0,0
2025-01-15,Elamkulam,16,76,0,0,0
2025-01-15,Elamkulam,17,191,0,0,1
2025-01-15,Elamkulam,18,178,0,0,1
2025-01-15,Elamkulam,19,217,0,0,1
2025-01-15,Elamkulam,20,197,0,0,1
2025-01-15,Elamkulam,21,72,0,0,0
2025-01-15,Elamkulam,22,81,0,0,0
2025-01-15,Vyttila,6,63,0,0,0
2025-01-15,Vyttila,7,73,0,0,0
2025-01-15,Vyttila,8,199,0,1,0
2025-01-15,Vyttila,9,200,0,1,0
2025-01-15,Vyttila,10,199,0,1,0
2025-01-15,Vyttila,11,92,0,0,0
2025-01-15,Vyttila,12,84,0,0,0
2025-01-15,Vyttila,13,65,0,0,0
2025-01-15,Vyttila,14,73,0,0,0
2025-01-15,Vyttila,15,73,0,0,0
2025-01-15,Vyttila,16,90,0,0,0
2025-01-15,Vyttila,17,215,0,0,1
2025-01-15,Vyttila,18,212,0,0,1
2025-01-15,Vyttila,19,204,0,0,1
2025-01-15,Vyttila,20,209,0,0,1
2025-01-15,Vyttila,21,96,0,0,0
2025-01-15,Vyttila,22,91,0,0,0
2025-01-15,Thaikoodam,6,66,0,0,0
2025-01-15,Thaikoodam,7,85,0,0,0
2025-01-15,Thaikoodam,8,194,0,1,0
2025-01-15,Thaikoodam,9,198,0,1,0
2025-01-15,Thaikoodam,10,184,0,1,0
2025-01-15,Thaikoodam,11,63,0,0,0
2025-01-15,Thaikoodam,12,90,0,0,0
2025-01-15,Thaikoodam,13,73,0,0,0
2025-01-15,Thaikoodam,14,67,0,0,0
2025-01-15,Thaikoodam,15,72,0,0,0
2025-01-15,Thaikoodam,16,83,0,0,0
2025-01-15,Thaikoodam,17,225,0,0,1
2025-01-15,Thaikoodam,18,213,0,0,1
2025-01-15,Thaikoodam,19,206,0,0,1
2025-01-15,Thaikoodam,20,206,0,0,1
2025-01-15,Thaikoodam,21,69,0,0,0
2025-01-15,Thaikoodam,22,95,0,0,0
2025-01-15,Petta,6,83,0,0,0
2025-01-15,Petta,7,88,0,0,0
2025-01-15,Petta,8,220,0,1,0
2025-01-15,Petta,9,196,0,1,0
2025-01-15,Petta,10,214,0,1,0
2025-01-15,Petta,11,76,0,0,0
2025-01-15,Petta,12,74,0,0,0
2025-01-15,Petta,13,83,0,0,0
2025-01-15,Petta,14,80,0,0,0
2025-01-15,Petta,15,95,0,0,0
2025-01-15,Petta,16,72,0,0,0
2025-01-15,Petta,17,197,0,0,1
2025-01-15,Petta,18,207,0,0,1
2025-01-15,Petta,19,188,0,0,1
2025-01-15,Petta,20,176,0,0,1
2025-01-15,Petta,21,71,0,0,0
2025-01-15,Petta,22,70,0,0,0
2025-01-15,Vadakkekotta,6,84,0,0,0
2025-01-15,Vadakkekotta,7,88,0,0,0
2025-01-15,Vadakkekotta,8,201,0,1,0
2025-01-15,Vadakkekotta,9,196,0,1,0
2025-01-15,Vadakkekotta,10,195,0,1,0
2025-01-15,Vadakkekotta,11,78,0,0,0
2025-01-15,Vadakkekotta,12,83,0,0,0
2025-01-15,Vadakkekotta,13,71,0,0,0
2025-01-15,Vadakkekotta,14,88,0,0,0
2025-01-15,Vadakkekotta,15,81,0,0,0
2025-01-15,Vadakkekotta,16,78,0,0,0
2025-01-15,Vadakkekotta,17,202,0,0,1
2025-01-15,Vadakkekotta,18,215,0,0,1
2025-01-15,Vadakkekotta,19,176,0,0,1
2025-01-15,Vadakkekotta,20,188,0,0,1
2025-01-15,Vadakkekotta,21,89,0,0,0
2025-01-15,Vadakkekotta,22,74,0,0,0
2025-01-15,SN Junction,6,76,0,0,0
2025-01-15,SN Junction,7,89,0,0,0
2025-01-15,SN Junction,8,197,0,1,0
2025-01-15,SN Junction,9,205,0,1,0
2025-01-15,SN Junction,10,198,0,1,0
2025-01-15,SN Junction,11,70,0,0,0
2025-01-15,SN Junction,12,77,0,0,0
2025-01-15,SN Junction,13,91,0,0,0
2025-01-15,SN Junction,14,83,0,0,0
2025-01-15,SN Junction,15,85,0,0,0
2025-01-15,SN Junction,16,79,0,0,0
2025-01-15,SN Junction,17,209,0,0,1
2025-01-15,SN Junction,18,210,0,0,1
2025-01-15,SN Junction,19,214,0,0,1
2025-01-15,SN Junction,20,212,0,0,1
2025-01-15,SN Junction,21,84,0,0,0
2025-01-15,SN Junction,22,67,0,0,0
2025-01-15,Tripunithura Terminal,6,63,0,0,0
2025-01-15,Tripunithura Terminal,7,83,0,0,0
2025-01-15,Tripunithura Terminal,8,218,0,1,0
2025-01-15,Tripunithura Terminal,9,191,0,1,0
2025-01-15,Tripunithura Terminal,10,185,0,1,0
2025-01-15,Tripunithura Terminal,11,85,0,0,0
2025-01-15,Tripunithura Terminal,12,87,0,0,0
2025-01-15,Tripunithura Terminal,13,93,0,0,0
2025-01-15,Tripunithura Terminal,14,73,0,0,0
2025-01-15,Tripunithura Terminal,15,93,0,0,0
2025-01-15,Tripunithura Terminal,16,71,0,0,0
2025-01-15,Tripunithura Terminal,17,195,0,0,1
2025-01-15,Tripunithura Terminal,18,215,0,0,1
2025-01-15,Tripunithura Terminal,19,211,0,0,1
2025-01-15,Tripunithura Terminal,20,199,0,0,1
2025-01-15,Tripunithura Terminal,21,83,0,0,0
2025-01-15,Tripunithura Terminal,22,81,0,0,0
2025-01-22,Aluva,6,199,0,0,0
2025-01-22,Aluva,7,196,0,0,0
2025-01-22,Aluva,8,500,0,1,0
2025-01-22,Aluva,9,504,0,1,0
2025-01-22,Aluva,10,502,0,1,0
2025-01-22,Aluva,11,218,0,0,0
2025-01-22,Aluva,12,201,0,0,0
2025-01-22,Aluva,13,232,0,0,0
2025-01-22,Aluva,14,207,0,0,0
2025-01-22,Aluva,15,200,0,0,0
2025-01-22,Aluva,16,196,0,0,0
2025-01-22,Aluva,17,489,0,0,1
2025-01-22,Aluva,18,493,0,0,1
2025-01-22,Aluva,19,449,0,0,1
2025-01-22,Aluva,20,505,0,0,1
2025-01-22,Aluva,21,178,0,0,0
2025-01-22,Aluva,22,174,0,0,0
2025-01-22,Pulinchodu,6,82,0,0,0
2025-01-22,Pulinchodu,7,64,0,0,0
2025-01-22,Pulinchodu,8,195,0,1,0
2025-01-22,Pulinchodu,9,194,0,1,0
2025-01-22,Pulinchodu,10,221,0,1,0
2025-01-22,Pulinchodu,11,74,0,0,0
2025-01-22,Pulinchodu,12,83,0,0,0
2025-01-22,Pulinchodu,13,84,0,0,0
2025-01-22,Pulinchodu,14,83,0,0,0
2025-01-22,Pulinchodu,15,83,0,0,0
2025-01-22,Pulinchodu,16,79,0,0,0
2025-01-22,Pulinchodu,17,183,0,0,1
2025-01-22,Pulinchodu,18,198,0,0,1
2025-01-22,Pulinchodu,19,209,0,0,1
2025-01-22,Pulinchodu,20,215,0,0,1
2025-01-22,Pulinchodu,21,84,0,0,0
2025-01-22,Pulinchodu,22,81,0,0,0
2025-01-22,Companypady,6,82,0,0,0
2025-01-22,Companypady,7,73,0,0,0
2025-01-22,Companypady,8,183,0,1,0
2025-01-22,Companypady,9,226,0,1,0
2025-01-22,Companypady,10,184,0,1,0
2025-01-22,Companypady,11,71,0,0,0
2025-01-22,Companypady,12,83,0,0,0
2025-01-22,Companypady,13,82,0,0,0
2025-01-22,Companypady,14,83,0,0,0
2025-01-22,Companypady,15,83,0,0,0
2025-01-22,Companypady,16,79,0,0,0
2025-01-22,Companypady,17,206,0,0,1
2025-01-22,Companypady,18,208,0,0,1
2025-01-22,Companypady,19,197,0,0,1
2025-01-22,Companypady,20,206,0,0,1
2025-01-22,Companypady,21,76,0,0,0
2025-01-22,Companypady,22,85,0,0,0
2025-01-22,Ambattukavu,6,100,0,0,0
2025-01-22,Ambattukavu,7,70,0,0,0
2025-01-22,Ambattukavu,8,215,0,1,0
2025-01-22,Ambattukavu,9,171,0,1,0
2025-01-22,Ambattukavu,10,218,0,1,0
2025-01-22,Ambattukavu,11,86,0,0,0
2025-01-22,Ambattukavu,12,72,0,0,0
2025-01-22,Ambattukavu,13,93,0,0,0
2025-01-22,Ambattukavu,14,80,0,0,0
2025-01-22,Ambattukavu,15,67,0,0,0
2025-01-22,Ambattukavu,16,82,0,0,0
2025-01-22,Ambattukavu,17,205,0,0,1
2025-01-22,Ambattukavu,18,209,0,0,1
2025-01-22,Ambattukavu,19,221,0,0,1
2025-01-22,Ambattukavu,20,195,0,0,1
2025-01-22,Ambattukavu,21,106,0,0,0
2025-01-22,Ambattukavu,22,84,0,0,0
2025-01-22,Muttom,6,70,0,0,0
2025-01-22,Muttom,7,76,0,0,0
2025-01-22,Muttom,8,201,0,1,0
2025-01-22,Muttom,9,197,0,1,0
2025-01-22,Muttom,10,209,0,1,0
2025-01-22,Muttom,11,62,0,0,0
2025-01-22,Muttom,12,77,0,0,0
2025-01-22,Muttom,13,79,0,0,0
2025-01-22,Muttom,14,70,0,0,0
2025-01-22,Muttom,15,69,0,0,0
2025-01-22,Muttom,16,74,0,0,0
2025-01-22,Muttom,17,188,0,0,1
2025-01-22,Muttom,18,202,0,0,1
2025-01-22,Muttom,19,210,0,0,1
2025-01-22,Muttom,20,197,0,0,1
2025-01-22,Muttom,21,82,0,0,0
2025-01-22,Muttom,22,87,0,0,0
2025-01-22,Kalamassery,6,200,0,0,0
2025-01-22,Kalamassery,7,185,0,0,0
2025-01-22,Kalamassery,8,484,0,1,0
2025-01-22,Kalamassery,9,454,0,1,0
2025-01-22,Kalamassery,10,491,0,1,0
2025-01-22,Kalamassery,11,227,0,0,0
2025-01-22,Kalamassery,12,193,0,0,0
2025-01-22,Kalamassery,13,223,0,0,0
2025-01-22,Kalamassery,14,166,0,0,0
2025-01-22,Kalamassery,15,192,0,0,0
2025-01-22,Kalamassery,16,179,0,0,0
2025-01-22,Kalamassery,17,481,0,0,1
2025-01-22,Kalamassery,18,539,0,0,1
2025-01-22,Kalamassery,19,508,0,0,1
2025-01-22,Kalamassery,20,498,0,0,1
2025-01-22,Kalamassery,21,213,0,0,0
2025-01-22,Kalamassery,22,191,0,0,0
2025-01-22,CUSAT,6,79,0,0,0
2025-01-22,CUSAT,7,101,0,0,0
2025-01-22,CUSAT,8,211,0,1,0
2025-01-22,CUSAT,9,188,0,1,0
2025-01-22,CUSAT,10,236,0,1,0
2025-01-22,CUSAT,11,83,0,0,0
2025-01-22,CUSAT,12,73,0,0,0
2025-01-22,CUSAT,13,75,0,0,0
2025-01-22,CUSAT,14,83,0,0,0
2025-01-22,CUSAT,15,81,0,0,0
2025-01-22,CUSAT,16,63,0,0,0
2025-01-22,CUSAT,17,189,0,0,1
2025-01-22,CUSAT,18,225,0,0,1
2025-01-22,CUSAT,19,239,0,0,1
2025-01-22,CUSAT,20,234,0,0,1
2025-01-22,CUSAT,21,75,0,0,0
2025-01-22,CUSAT,22,90,0,0,0
2025-01-22,Pathadipalam,6,97,0,0,0
2025-01-22,Pathadipalam,7,86,0,0,0
2025-01-22,Pathadipalam,8,198,0,1,0
2025-01-22,Pathadipalam,9,172,0,1,0
2025-01-22,Pathadipalam,10,197,0,1,0
2025-01-22,Pathadipalam,11,90,0,0,0
2025-01-22,Pathadipalam,12,82,0,0,0
2025-01-22,Pathadipalam,13,82,0,0,0
2025-01-22,Pathadipalam,14,92,0,0,0
2025-01-22,Pathadipalam,15,88,0,0,0
2025-01-22,Pathadipalam,16,93,0,0,0
2025-01-22,Pathadipalam,17,210,0,0,1
2025-01-22,Pathadipalam,18,184,0,0,1
2025-01-22,Pathadipalam,19,187,0,0,1
2025-01-22,Pathadipalam,20,190,0,0,1
2025-01-22,Pathadipalam,21,79,0,0,0
2025-01-22,Pathadipalam,22,90,0,0,0
2025-01-22,Edappally,6,212,0,0,0
2025-01-22,Edappally,7,187,0,0,0
2025-01-22,Edappally,8,495,0,1,0
2025-01-22,Edappally,9,522,0,1,0
2025-01-22,Edappally,10,499,0,1,0
2025-01-22,Edappally,11,188,0,0,0
2025-01-22,Edappally,12,223,0,0,0
2025-01-22,Edappally,13,191,0,0,0
2025-01-22,Edappally,14,193,0,0,0
2025-01-22,Edappally,15,188,0,0,0
2025-01-22,Edappally,16,185,0,0,0
2025-01-22,Edappally,17,532,0,0,1
2025-01-22,Edappally,18,536,0,0,1
2025-01-22,Edappally,19,508,0,0,1
2025-01-22,Edappally,20,488,0,0,1
2025-01-22,Edappally,21,203,0,0,0
2025-01-22,Edappally,22,230,0,0,0
2025-01-22,Changampuzha Park,6,78,0,0,0
2025-01-22,Changampuzha Park,7,81,0,0,0
2025-01-22,Changampuzha Park,8,170,0,1,0
2025-01-22,Changampuzha Park,9,189,0,1,0
2025-01-22,Changampuzha Park,10,206,0,1,0
2025-01-22,Changampuzha Park,11,75,0,0,0
2025-01-22,Changampuzha Park,12,74,0,0,0
2025-01-22,Changampuzha Park,13,68,0,0,0
2025-01-22,Changampuzha Park,14,71,0,0,0
2025-01-22,Changampuzha Park,15,88,0,0,0
2025-01-22,Changampuzha Park,16,78,0,0,0
2025-01-22,Changampuzha Park,17,215,0,0,1
2025-01-22,Changampuzha Park,18,219,0,0,1
2025-01-22,Changampuzha Park,19,190,0,0,1
2025-01-22,Changampuzha Park,20,224,0,0,1
2025-01-22,Changampuzha Park,21,91,0,0,0
2025-01-22,Changampuzha Park,22,77,0,0,0
2025-01-22,Palarivattom,6,85,0,0,0
2025-01-22,Palarivattom,7,71,0,0,0
2025-01-22,Palarivattom,8,191,0,1,0
2025-01-22,Palarivattom,9,221,0,1,0
2025-01-22,Palarivattom,10,208,0,1,0
2025-01-22,Palarivattom,11,84,0,0,0
2025-01-22,Palarivattom,12,102,0,0,0
2025-01-22,Palarivattom,13,67,0,0,0
2025-01-22,Palarivattom,14,91,0,0,0
2025-01-22,Palarivattom,15,77,0,0,0
2025-01-22,Palarivattom,16,70,0,0,0
2025-01-22,Palarivattom,17,194,0,0,1
2025-01-22,Palarivattom,18,181,0,0,1
2025-01-22,Palarivattom,19,201,0,0,1
2025-01-22,Palarivattom,20,171,0,0,1
2025-01-22,Palarivattom,21,93,0,0,0
2025-01-22,Palarivattom,22,86,0,0,0
2025-01-22,JLN Stadium,6,74,0,0,0
2025-01-22,JLN Stadium,7,98,0,0,0
2025-01-22,JLN Stadium,8,198,0,1,0
2025-01-22,JLN Stadium,9,211,0,1,0
2025-01-22,JLN Stadium,10,219,0,1,0
2025-01-22,JLN Stadium,11,78,0,0,0
2025-01-22,JLN Stadium,12,68,0,0,0
2025-01-22,JLN Stadium,13,88,0,0,0
2025-01-22,JLN Stadium,14,82,0,0,0
2025-01-22,JLN Stadium,15,63,0,0,0
2025-01-22,JLN Stadium,16,70,0,0,0
2025-01-22,JLN Stadium,17,175,0,0,1
2025-01-22,JLN Stadium,18,219,0,0,1
2025-01-22,JLN Stadium,19,203,0,0,1
2025-01-22,JLN Stadium,20,195,0,0,1
2025-01-22,JLN Stadium,21,62,0,0,0
2025-01-22,JLN Stadium,22,79,0,0,0
2025-01-22,Kaloor Town Hall,6,97,0,0,0
2025-01-22,Kaloor Town Hall,7,93,0,0,0
2025-01-22,Kaloor Town Hall,8,216,0,1,0
2025-01-22,Kaloor Town Hall,9,177,0,1,0
2025-01-22,Kaloor Town Hall,10,183,0,1,0
2025-01-22,Kaloor Town Hall,11,86,0,0,0
2025-01-22,Kaloor Town Hall,12,90,0,0,0
2025-01-22,Kaloor Town Hall,13,82,0,0,0
2025-01-22,Kaloor Town Hall,14,80,0,0,0
2025-01-22,Kaloor Town Hall,15,79,0,0,0
2025-01-22,Kaloor Town Hall,16,85,0,0,0
2025-01-22,Kaloor Town Hall,17,236,0,0,1
2025-01-22,Kaloor Town Hall,18,198,0,0,1
2025-01-22,Kaloor Town Hall,19,206,0,0,1
2025-01-22,Kaloor Town Hall,20,191,0,0,1
2025-01-22,Kaloor Town Hall,21,72,0,0,0
2025-01-22,Kaloor Town Hall,22,84,0,0,0
2025-01-22,MG Road,6,198,0,0,0
2025-01-22,MG Road,7,201,0,0,0
2025-01-22,MG Road,8,533,0,1,0
2025-01-22,MG Road,9,507,0,1,0
2025-01-22,MG Road,10,472,0,1,0
2025-01-22,MG Road,11,184,0,0,0
2025-01-22,MG Road,12,200,0,0,0
2025-01-22,MG Road,13,212,0,0,0
2025-01-22,MG Road,14,202,0,0,0
2025-01-22,MG Road,15,195,0,0,0
2025-01-22,MG Road,16,212,0,0,0
2025-01-22,MG Road,17,538,0,0,1
2025-01-22,MG Road,18,576,0,0,1
2025-01-22,MG Road,19,507,0,0,1
2025-01-22,MG Road,20,461,0,0,1
2025-01-22,MG Road,21,227,0,0,0
2025-01-22,MG Road,22,196,0,0,0
2025-01-22,Maharaja's College,6,92,0,0,0
2025-01-22,Maharaja's College,7,82,0,0,0
2025-01-22,Maharaja's College,8,212,0,1,0
2025-01-22,Maharaja's College,9,210,0,1,0
2025-01-22,Maharaja's College,10,184,0,1,0
2025-01-22,Maharaja's College,11,87,0,0,0
2025-01-22,Maharaja's College,12,81,0,0,0
2025-01-22,Maharaja's College,13,104,0,0,0
2025-01-22,Maharaja's College,14,84,0,0,0
2025-01-22,Maharaja's College,15,78,0,0,0
2025-01-22,Maharaja's College,16,86,0,0,0
2025-01-22,Maharaja's College,17,188,0,0,1
2025-01-22,Maharaja's College,18,187,0,0,1
2025-01-22,Maharaja's College,19,199,0,0,1
2025-01-22,Maharaja's College,20,192,0,0,1
2025-01-22,Maharaja's College,21,81,0,0,0
2025-01-22,Maharaja's College,22,89,0,0,0
2025-01-22,Ernakulam South,6,194,0,0,0
2025-01-22,Ernakulam South,7,211,0,0,0
2025-01-22,Ernakulam South,8,487,0,1,0
2025-01-22,Ernakulam South,9,514,0,1,0
2025-01-22,Ernakulam South,10,507,0,1,0
2025-01-22,Ernakulam South,11,200,0,0,0
2025-01-22,Ernakulam South,12,199,0,0,0
2025-01-22,Ernakulam South,13,217,0,0,0
2025-01-22,Ernakulam South,14,171,0,0,0
2025-01-22,Ernakulam South,15,190,0,0,0
2025-01-22,Ernakulam South,16,207,0,0,0
2025-01-22,Ernakulam South,17,522,0,0,1
2025-01-22,Ernakulam South,18,530,0,0,1
2025-01-22,Ernakulam South,19,511,0,0,1
2025-01-22,Ernakulam South,20,507,0,0,1
2025-01-22,Ernakulam South,21,214,0,0,0
2025-01-22,Ernakulam South,22,204,0,0,0
2025-01-22,Kadavanthra,6,89,0,0,0
2025-01-22,Kadavanthra,7,71,0,0,0
2025-01-22,Kadavanthra,8,177,0,1,0
2025-01-22,Kadavanthra,9,221,0,1,0
2025-01-22,Kadavanthra,10,184,0,1,0
2025-01-22,Kadavanthra,11,61,0,0,0
2025-01-22,Kadavanthra,12,87,0,0,0
2025-01-22,Kadavanthra,13,78,0,0,0
2025-01-22,Kadavanthra,14,74,0,0,0
2025-01-22,Kadavanthra,15,92,0,0,0
2025-01-22,Kadavanthra,16,81,0,0,0
2025-01-22,Kadavanthra,17,211,0,0,1
2025-01-22,Kadavanthra,18,213,0,0,1
2025-01-22,Kadavanthra,19,205,0,0,1
2025-01-22,Kadavanthra,20,192,0,0,1
2025-01-22,Kadavanthra,21,90,0,0,0
2025-01-22,Kadavanthra,22,79,0,0,0
2025-01-22,Elamkulam,6,88,0,0,0
2025-01-22,Elamkulam,7,83,0,0,0
2025-01-22,Elamkulam,8,193,0,1,0
2025-01-22,Elamkulam,9,189,0,1,0
2025-01-22,Elamkulam,10,185,0,1,0
2025-01-22,Elamkulam,11,82,0,0,0
2025-01-22,Elamkulam,12,85,0,0,0
2025-01-22,Elamkulam,13,77,0,0,0
2025-01-22,Elamkulam,14,72,0,0,0
2025-01-22,Elamkulam,15,81,0,0,0
2025-01-22,Elamkulam,16,71,0,0,0
2025-01-22,Elamkulam,17,203,0,0,1
2025-01-22,Elamkulam,18,195,0,0,1
2025-01-22,Elamkulam,19,230,0,0,1
2025-01-22,Elamkulam,20,220,0,0,1
2025-01-22,Elamkulam,21,74,0,0,0
2025-01-22,Elamkulam,22,87,0,0,0
2025-01-22,Vyttila,6,80,0,0,0
2025-01-22,Vyttila,7,74,0,0,0
2025-01-22,Vyttila,8,169,0,1,0
2025-01-22,Vyttila,9,179,0,1,0
2025-01-22,Vyttila,10,206,0,1,0
2025-01-22,Vyttila,11,73,0,0,0
2025-01-22,Vyttila,12,78,0,0,0
2025-01-22,Vyttila,13,85,0,0,0
2025-01-22,Vyttila,14,86,0,0,0
2025-01-22,Vyttila,15,88,0,0,0
2025-01-22,Vyttila,16,81,0,0,0
2025-01-22,Vyttila,17,207,0,0,1
2025-01-22,Vyttila,18,224,0,0,1
2025-01-22,Vyttila,19,220,0,0,1
2025-01-22,Vyttila,20,198,0,0,1
2025-01-22,Vyttila,21,76,0,0,0
2025-01-22,Vyttila,22,86,0,0,0
2025-01-22,Thaikoodam,6,86,0,0,0
2025-01-22,Thaikoodam,7,81,0,0,0
2025-01-22,Thaikoodam,8,202,0,1,0
2025-01-22,Thaikoodam,9,193,0,1,0
2025-01-22,Thaikoodam,10,195,0,1,0
2025-01-22,Thaikoodam,11,79,0,0,0
2025-01-22,Thaikoodam,12,83,0,0,0
2025-01-22,Thaikoodam,13,67,0,0,0
2025-01-22,Thaikoodam,14,72,0,0,0
2025-01-22,Thaikoodam,15,95,0,0,0
2025-01-22,Thaikoodam,16,83,0,0,0
2025-01-22,Thaikoodam,17,194,0,0,1
2025-01-22,Thaikoodam,18,187,0,0,1
2025-01-22,Thaikoodam,19,222,0,0,1
2025-01-22,Thaikoodam,20,201,0,0,1
2025-01-22,Thaikoodam,21,72,0,0,0
2025-01-22,Thaikoodam,22,85,0,0,0
2025-01-22,Petta,6,88,0,0,0
2025-01-22,Petta,7,63,0,0,0
2025-01-22,Petta,8,209,0,1,0
2025-01-22,Petta,9,193,0,1,0
2025-01-22,Petta,10,218,0,1,0
2025-01-22,Petta,11,94,0,0,0
2025-01-22,Petta,12,85,0,0,0
2025-01-22,Petta,13,82,0,0,0
2025-01-22,Petta,14,81,0,0,0
2025-01-22,Petta,15,67,0,0,0
2025-01-22,Petta,16,80,0,0,0
2025-01-22,Petta,17,192,0,0,1
2025-01-22,Petta,18,206,0,0,1
2025-01-22,Petta,19,171,0,0,1
2025-01-22,Petta,20,200,0,0,1
2025-01-22,Petta,21,84,0,0,0
2025-01-22,Petta,22,86,0,0,0
2025-01-22,Vadakkekotta,6,87,0,0,0
2025-01-22,Vadakkekotta,7,76,0,0,0
2025-01-22,Vadakkekotta,8,191,0,1,0
2025-01-22,Vadakkekotta,9,178,0,1,0
2025-01-22,Vadakkekotta,10,190,0,1,0
2025-01-22,Vadakkekotta,11,81,0,0,0
2025-01-22,Vadakkekotta,12,78,0,0,0
2025-01-22,Vadakkekotta,13,81,0,0,0
2025-01-22,Vadakkekotta,14,71,0,0,0
2025-01-22,Vadakkekotta,15,78,0,0,0
2025-01-22,Vadakkekotta,16,75,0,0,0
2025-01-22,Vadakkekotta,17,214,0,0,1
2025-01-22,Vadakkekotta,18,178,0,0,1
2025-01-22,Vadakkekotta,19,180,0,0,1
2025-01-22,Vadakkekotta,20,191,0,0,1
2025-01-22,Vadakkekotta,21,88,0,0,0
2025-01-22,Vadakkekotta,22,87,0,0,0
2025-01-22,SN Junction,6,90,0,0,0
2025-01-22,SN Junction,7,78,0,0,0
2025-01-22,SN Junction,8,188,0,1,0
2025-01-22,SN Junction,9,220,0,1,0
2025-01-22,SN Junction,10,186,0,1,0
2025-01-22,SN Junction,11,82,0,0,0
2025-01-22,SN Junction,12,81,0,0,0
2025-01-22,SN Junction,13,71,0,0,0
2025-01-22,SN Junction,14,99,0,0,0
2025-01-22,SN Junction,15,88,0,0,0
2025-01-22,SN Junction,16,71,0,0,0
2025-01-22,SN Junction,17,210,0,0,1
2025-01-22,SN Junction,18,224,0,0,1
2025-01-22,SN Junction,19,166,0,0,1
2025-01-22,SN Junction,20,210,0,0,1
2025-01-22,SN Junction,21,76,0,0,0
2025-01-22,SN Junction,22,77,0,0,0
2025-01-22,Tripunithura Terminal,6,74,0,0,0
2025-01-22,Tripunithura Terminal,7,78,0,0,0
2025-01-22,Tripunithura Terminal,8,203,0,1,0
2025-01-22,Tripunithura Terminal,9,179,0,1,0
2025-01-22,Tripunithura Terminal,10,208,0,1,0
2025-01-22,Tripunithura Terminal,11,77,0,0,0
2025-01-22,Tripunithura Terminal,12,85,0,0,0
2025-01-22,Tripunithura Terminal,13,62,0,0,0
2025-01-22,Tripunithura Terminal,14,92,0,0,0
2025-01-22,Tripunithura Terminal,15,67,0,0,0
2025-01-22,Tripunithura Terminal,16,91,0,0,0
2025-01-22,Tripunithura Terminal,17,174,0,0,1
2025-01-22,Tripunithura Terminal,18,198,0,0,1
2025-01-22,Tripunithura Terminal,19,190,0,0,1
2025-01-22,Tripunithura Terminal,20,187,0,0,1
2025-01-22,Tripunithura Terminal,21,96,0,0,0
2025-01-22,Tripunithura Terminal,22,85,0,0,0
2025-01-29,Aluva,6,208,0,0,0
2025-01-29,Aluva,7,192,0,0,0
2025-01-29,Aluva,8,470,0,1,0
2025-01-29,Aluva,9,498,0,1,0
2025-01-29,Aluva,10,454,0,1,0
2025-01-29,Aluva,11,184,0,0,0
2025-01-29,Aluva,12,193,0,0,0
2025-01-29,Aluva,13,204,0,0,0
2025-01-29,Aluva,14,206,0,0,0
2025-01-29,Aluva,15,208,0,0,0
2025-01-29,Aluva,16,204,0,0,0
2025-01-29,Aluva,17,476,0,0,1
2025-01-29,Aluva,18,491,0,0,1
2025-01-29,Aluva,19,506,0,0,1
2025-01-29,Aluva,20,532,0,0,1
2025-01-29,Aluva,21,201,0,0,0
2025-01-29,Aluva,22,220,0,0,0
2025-01-29,Pulinchodu,6,70,0,0,0
2025-01-29,Pulinchodu,7,62,0,0,0
2025-01-29,Pulinchodu,8,215,0,1,0
2025-01-29,Pulinchodu,9,195,0,1,0
2025-01-29,Pulinchodu,10,187,0,1,0
2025-01-29,Pulinchodu,11,89,0,0,0
2025-01-29,Pulinchodu,12,82,0,0,0
2025-01-29,Pulinchodu,13,100,0,0,0
2025-01-29,Pulinchodu,14,84,0,0,0
2025-01-29,Pulinchodu,15,67,0,0,0
2025-01-29,Pulinchodu,16,74,0,0,0
2025-01-29,Pulinchodu,17,198,0,0,1
2025-01-29,Pulinchodu,18,192,0,0,1
2025-01-29,Pulinchodu,19,195,0,0,1
2025-01-29,Pulinchodu,20,204,0,0,1
2025-01-29,Pulinchodu,21,72,0,0,0
2025-01-29,Pulinchodu,22,95,0,0,0
2025-01-29,Companypady,6,89,0,0,0
2025-01-29,Companypady,7,82,0,0,0
2025-01-29,Companypady,8,208,0,1,0
2025-01-29,Companypady,9,200,0,1,0
2025-01-29,Companypady,10,198,0,1,0
2025-01-29,Companypady,11,80,0,0,0
2025-01-29,Companypady,12,90,0,0,0
2025-01-29,Companypady,13,65,0,0,0
2025-01-29,Companypady,14,97,0,0,0
2025-01-29,Companypady,15,77,0,0,0
2025-01-29,Companypady,16,84,0,0,0
2025-01-29,Companypady,17,186,0,0,1
2025-01-29,Companypady,18,194,0,0,1
2025-01-29,Companypady,19,199,0,0,1
2025-01-29,Companypady,20,212,0,0,1
2025-01-29,Companypady,21,95,0,0,0
2025-01-29,Companypady,22,79,0,0,0
2025-01-29,Ambattukavu,6,89,0,0,0
2025-01-29,Ambattukavu,7,95,0,0,0
2025-01-29,Ambattukavu,8,189,0,1,0
2025-01-29,Ambattukavu,9,168,0,1,0
2025-01-29,Ambattukavu,10,212,0,1,0
2025-01-29,Ambattukavu,11,76,0,0,0
2025-01-29,Ambattukavu,12,81,0,0,0
2025-01-29,Ambattukavu,13,81,0,0,0
2025-01-29,Ambattukavu,14,83,0,0,0
2025-01-29,Ambattukavu,15,91,0,0,0
2025-01-29,Ambattukavu,16,85,0,0,0
2025-01-29,Ambattukavu,17,194,0,0,1
2025-01-29,Ambattukavu,18,199,0,0,1
2025-01-29,Ambattukavu,19,229,0,0,1
2025-01-29,Ambattukavu,20,184,0,0,1
2025-01-29,Ambattukavu,21,82,0,0,0
2025-01-29,Ambattukavu,22,79,0,0,0
2025-01-29,Muttom,6,64,0,0,0
2025-01-29,Muttom,7,71,0,0,0
2025-01-29,Muttom,8,206,0,1,0
2025-01-29,Muttom,9,198,0,1,0
2025-01-29,Muttom,10,183,0,1,0
2025-01-29,Muttom,11,64,0,0,0
2025-01-29,Muttom,12,88,0,0,0
2025-01-29,Muttom,13,65,0,0,0
2025-01-29,Muttom,14,57,0,0,0
2025-01-29,Muttom,15,72,0,0,0
2025-01-29,Muttom,16,76,0,0,0
2025-01-29,Muttom,17,211,0,0,1
2025-01-29,Muttom,18,204,0,0,1
2025-01-29,Muttom,19,200,0,0,1
2025-01-29,Muttom,20,185,0,0,1
2025-01-29,Muttom,21,75,0,0,0
2025-01-29,Muttom,22,66,0,0,0
2025-01-29,Kalamassery,6,178,0,0,0
2025-01-29,Kalamassery,7,182,0,0,0
2025-01-29,Kalamassery,8,528,0,1,0
2025-01-29,Kalamassery,9,535,0,1,0
2025-01-29,Kalamassery,10,489,0,1,0
2025-01-29,Kalamassery,11,238,0,0,0
2025-01-29,Kalamassery,12,199,0,0,0
2025-01-29,Kalamassery,13,199,0,0,0
2025-01-29,Kalamassery,14,199,0,0,0
2025-01-29,Kalamassery,15,196,0,0,0
2025-01-29,Kalamassery,16,193,0,0,0
2025-01-29,Kalamassery,17,493,0,0,1
2025-01-29,Kalamassery,18,545,0,0,1
2025-01-29,Kalamassery,19,536,0,0,1
2025-01-29,Kalamassery,20,483,0,0,1
2025-01-29,Kalamassery,21,215,0,0,0
2025-01-29,Kalamassery,22,220,0,0,0
2025-01-29,CUSAT,6,80,0,0,0
2025-01-29,CUSAT,7,80,0,0,0
2025-01-29,CUSAT,8,228,0,1,0
2025-01-29,CUSAT,9,171,0,1,0
2025-01-29,CUSAT,10,200,0,1,0
2025-01-29,CUSAT,11,86,0,0,0
2025-01-29,CUSAT,12,81,0,0,0
2025-01-29,CUSAT,13,91,0,0,0
2025-01-29,CUSAT,14,72,0,0,0
2025-01-29,CUSAT,15,70,0,0,0
2025-01-29,CUSAT,16,86,0,0,0
2025-01-29,CUSAT,17,208,0,0,1
2025-01-29,CUSAT,18,205,0,0,1
2025-01-29,CUSAT,19,195,0,0,1
2025-01-29,CUSAT,20,205,0,0,1
2025-01-29,CUSAT,21,82,0,0,0
2025-01-29,CUSAT,22,79,0,0,0
2025-01-29,Pathadipalam,6,67,0,0,0
2025-01-29,Pathadipalam,7,67,0,0,0
2025-01-29,Pathadipalam,8,218,0,1,0
2025-01-29,Pathadipalam,9,201,0,1,0
2025-01-29,Pathadipalam,10,208,0,1,0
2025-01-29,Pathadipalam,11,84,0,0,0
2025-01-29,Pathadipalam,12,83,0,0,0
2025-01-29,Pathadipalam,13,70,0,0,0
2025-01-29,Pathadipalam,14,73,0,0,0
2025-01-29,Pathadipalam,15,63,0,0,0
2025-01-29,Pathadipalam,16,65,0,0,0
2025-01-29,Pathadipalam,17,203,0,0,1
2025-01-29,Pathadipalam,18,216,0,0,1
2025-01-29,Pathadipalam,19,183,0,0,1
2025-01-29,Pathadipalam,20,220,0,0,1
2025-01-29,Pathadipalam,21,80,0,0,0
2025-01-29,Pathadipalam,22,82,0,0,0
2025-01-29,Edappally,6,185,0,0,0
2025-01-29,Edappally,7,198,0,0,0
2025-01-29,Edappally,8,517,0,1,0
2025-01-29,Edappally,9,484,0,1,0
2025-01-29,Edappally,10,472,0,1,0
2025-01-29,Edappally,11,197,0,0,0
2025-01-29,Edappally,12,182,0,0,0
2025-01-29,Edappally,13,191,0,0,0
2025-01-29,Edappally,14,183,0,0,0
2025-01-29,Edappally,15,221,0,0,0
2025-01-29,Edappally,16,203,0,0,0
2025-01-29,Edappally,17,492,0,0,1
2025-01-29,Edappally,18,549,0,0,1
2025-01-29,Edappally,19,452,0,0,1
2025-01-29,Edappally,20,505,0,0,1
2025-01-29,Edappally,21,198,0,0,0
2025-01-29,Edappally,22,194,0,0,0
2025-01-29,Changampuzha Park,6,99,0,0,0
2025-01-29,Changampuzha Park,7,85,0,0,0
2025-01-29,Changampuzha Park,8,184,0,1,0
2025-01-29,Changampuzha Park,9,189,0,1,0
2025-01-29,Changampuzha Park,10,190,0,1,0
2025-01-29,Changampuzha Park,11,77,0,0,0
2025-01-29,Changampuzha Park,12,75,0,0,0
2025-01-29,Changampuzha Park,13,85,0,0,0
2025-01-29,Changampuzha Park,14,83,0,0,0
2025-01-29,Changampuzha Park,15,79,0,0,0
2025-01-29,Changampuzha Park,16,77,0,0,0
2025-01-29,Changampuzha Park,17,213,0,0,1
2025-01-29,Changampuzha Park,18,165,0,0,1
2025-01-29,Changampuzha Park,19,212,0,0,1
2025-01-29,Changampuzha Park,20,195,0,0,1
2025-01-29,Changampuzha Park,21,83,0,0,0
2025-01-29,Changampuzha Park,22,81,0,0,0
2025-01-29,Palarivattom,6,78,0,0,0
2025-01-29,Palarivattom,7,91,0,0,0
2025-01-29,Palarivattom,8,203,0,1,0
2025-01-29,Palarivattom,9,215,0,1,0
2025-01-29,Palarivattom,10,180,0,1,0
2025-01-29,Palarivattom,11,99,0,0,0
2025-01-29,Palarivattom,12,80,0,0,0
2025-01-29,Palarivattom,13,85,0,0,0
2025-01-29,Palarivattom,14,82,0,0,0
2025-01-29,Palarivattom,15,87,0,0,0
2025-01-29,Palarivattom,16,77,0,0,0
2025-01-29,Palarivattom,17,218,0,0,1
2025-01-29,Palarivattom,18,202,0,0,1
2025-01-29,Palarivattom,19,200,0,0,1
2025-01-29,Palarivattom,20,226,0,0,1
2025-01-29,Palarivattom,21,87,0,0,0
2025-01-29,Palarivattom,22,82,0,0,0
2025-01-29,JLN Stadium,6,65,0,0,0
2025-01-29,JLN Stadium,7,72,0,0,0
2025-01-29,JLN Stadium,8,199,0,1,0
2025-01-29,JLN Stadium,9,189,0,1,0
2025-01-29,JLN Stadium,10,215,0,1,0
2025-01-29,JLN Stadium,11,72,0,0,0
2025-01-29,JLN Stadium,12,92,0,0,0
2025-01-29,JLN Stadium,13,84,0,0,0
2025-01-29,JLN Stadium,14,88,0,0,0
2025-01-29,JLN Stadium,15,61,0,0,0
2025-01-29,JLN Stadium,16,77,0,0,0
2025-01-29,JLN Stadium,17,196,0,0,1
2025-01-29,JLN Stadium,18,222,0,0,1
2025-01-29,JLN Stadium,19,194,0,0,1
2025-01-29,JLN Stadium,20,191,0,0,1
2025-01-29,JLN Stadium,21,79,0,0,0
2025-01-29,JLN Stadium,22,67,0,0,0
2025-01-29,Kaloor Town Hall,6,70,0,0,0
2025-01-29,Kaloor Town Hall,7,75,0,0,0
2025-01-29,Kaloor Town Hall,8,209,0,1,0
2025-01-29,Kaloor Town Hall,9,192,0,1,0
2025-01-29,Kaloor Town Hall,10,207,0,1,0
2025-01-29,Kaloor Town Hall,11,69,0,0,0
2025-01-29,Kaloor Town Hall,12,88,0,0,0
2025-01-29,Kaloor Town Hall,13,69,0,0,0
2025-01-29,Kaloor Town Hall,14,82,0,0,0
2025-01-29,Kaloor Town Hall,15,76,0,0,0
2025-01-29,Kaloor Town Hall,16,70,0,0,0
2025-01-29,Kaloor Town Hall,17,191,0,0,1
2025-01-29,Kaloor Town Hall,18,213,0,0,1
2025-01-29,Kaloor Town Hall,19,180,0,0,1
2025-01-29,Kaloor Town Hall,20,181,0,0,1
2025-01-29,Kaloor Town Hall,21,75,0,0,0
2025-01-29,Kaloor Town Hall,22,92,0,0,0
2025-01-29,MG Road,6,178,0,0,0
2025-01-29,MG Road,7,182,0,0,0
2025-01-29,MG Road,8,496,0,1,0
2025-01-29,MG Road,9,467,0,1,0
2025-01-29,MG Road,10,507,0,1,0
2025-01-29,MG Road,11,197,0,0,0
2025-01-29,MG Road,12,202,0,0,0
2025-01-29,MG Road,13,211,0,0,0
2025-01-29,MG Road,14,194,0,0,0
2025-01-29,MG Road,15,196,0,0,0
2025-01-29,MG Road,16,202,0,0,0
2025-01-29,MG Road,17,509,0,0,1
2025-01-29,MG Road,18,507,0,0,1
2025-01-29,MG Road,19,491,0,0,1
2025-01-29,MG Road,20,470,0,0,1
2025-01-29,MG Road,21,184,0,0,0
2025-01-29,MG Road,22,212,0,0,0
2025-01-29,Maharaja's College,6,83,0,0,0
2025-01-29,Maharaja's College,7,94,0,0,0
2025-01-29,Maharaja's College,8,194,0,1,0
2025-01-29,Maharaja's College,9,194,0,1,0
2025-01-29,Maharaja's College,10,190,0,1,0
2025-01-29,Maharaja's College,11,75,0,0,0
2025-01-29,Maharaja's College,12,81,0,0,0
2025-01-29,Maharaja's College,13,93,0,0,0
2025-01-29,Maharaja's College,14,68,0,0,0
2025-01-29,Maharaja's College,15,86,0,0,0
2025-01-29,Maharaja's College,16,95,0,0,0
2025-01-29,Maharaja's College,17,213,0,0,1
2025-01-29,Maharaja's College,18,194,0,0,1
2025-01-29,Maharaja's College,19,208,0,0,1
2025-01-29,Maharaja's College,20,214,0,0,1
2025-01-29,Maharaja's College,21,80,0,0,0
2025-01-29,Maharaja's College,22,74,0,0,0
2025-01-29,Ernakulam South,6,181,0,0,0
2025-01-29,Ernakulam South,7,198,0,0,0
2025-01-29,Ernakulam South,8,460,0,1,0
2025-01-29,Ernakulam South,9,487,0,1,0
2025-01-29,Ernakulam South,10,515,0,1,0
2025-01-29,Ernakulam South,11,208,0,0,0
2025-01-29,Ernakulam South,12,192,0,0,0
2025-01-29,Ernakulam South,13,217,0,0,0
2025-01-29,Ernakulam South,14,203,0,0,0
2025-01-29,Ernakulam South,15,205,0,0,0
2025-01-29,Ernakulam South,16,205,0,0,0
2025-01-29,Ernakulam South,17,495,0,0,1
2025-01-29,Ernakulam South,18,505,0,0,1
2025-01-29,Ernakulam South,19,498,0,0,1
2025-01-29,Ernakulam South,20,512,0,0,1
2025-01-29,Ernakulam South,21,221,0,0,0
2025-01-29,Ernakulam South,22,194,0,0,0
2025-01-29,Kadavanthra,6,92,0,0,0
2025-01-29,Kadavanthra,7,74,0,0,0
2025-01-29,Kadavanthra,8,202,0,1,0
2025-01-29,Kadavanthra,9,195,0,1,0
2025-01-29,Kadavanthra,10,194,0,1,0
2025-01-29,Kadavanthra,11,93,0,0,0
2025-01-29,Kadavanthra,12,77,0,0,0
2025-01-29,Kadavanthra,13,86,0,0,0
2025-01-29,Kadavanthra,14,91,0,0,0
2025-01-29,Kadavanthra,15,88,0,0,0
2025-01-29,Kadavanthra,16,87,0,0,0
2025-01-29,Kadavanthra,17,204,0,0,1
2025-01-29,Kadavanthra,18,209,0,0,1
2025-01-29,Kadavanthra,19,193,0,0,1
2025-01-29,Kadavanthra,20,185,0,0,1
2025-01-29,Kadavanthra,21,82,0,0,0
2025-01-29,Kadavanthra,22,83,0,0,0
2025-01-29,Elamkulam,6,72,0,0,0
2025-01-29,Elamkulam,7,88,0,0,0
2025-01-29,Elamkulam,8,186,0,1,0
2025-01-29,Elamkulam,9,218,0,1,0
2025-01-29,Elamkulam,10,172,0,1,0
2025-01-29,Elamkulam,11,66,0,0,0
2025-01-29,Elamkulam,12,87,0,0,0
2025-01-29,Elamkulam,13,72,0,0,0
2025-01-29,Elamkulam,14,82,0,0,0
2025-01-29,Elamkulam,15,78,0,0,0
2025-01-29,Elamkulam,16,87,0,0,0
2025-01-29,Elamkulam,17,190,0,0,1
2025-01-29,Elamkulam,18,198,0,0,1
2025-01-29,Elamkulam,19,179,0,0,1
2025-01-29,Elamkulam,20,216,0,0,1
2025-01-29,Elamkulam,21,68,0,0,0
2025-01-29,Elamkulam,22,58,0,0,0
2025-01-29,Vyttila,6,75,0,0,0
2025-01-29,Vyttila,7,76,0,0,0
2025-01-29,Vyttila,8,212,0,1,0
2025-01-29,Vyttila,9,178,0,1,0
2025-01-29,Vyttila,10,211,0,1,0
2025-01-29,Vyttila,11,87,0,0,0
2025-01-29,Vyttila,12,75,0,0,0
2025-01-29,Vyttila,13,67,0,0,0
2025-01-29,Vyttila,14,88,0,0,0
2025-01-29,Vyttila,15,94,0,0,0
2025-01-29,Vyttila,16,80,0,0,0
2025-01-29,Vyttila,17,229,0,0,1
2025-01-29,Vyttila,18,202,0,0,1
2025-01-29,Vyttila,19,183,0,0,1
2025-01-29,Vyttila,20,189,0,0,1
2025-01-29,Vyttila,21,72,0,0,0
2025-01-29,Vyttila,22,70,0,0,0
2025-01-29,Thaikoodam,6,71,0,0,0
2025-01-29,Thaikoodam,7,81,0,0,0
2025-01-29,Thaikoodam,8,216,0,1,0
2025-01-29,Thaikoodam,9,182,0,1,0
2025-01-29,Thaikoodam,10,214,0,1,0
2025-01-29,Thaikoodam,11,73,0,0,0
2025-01-29,Thaikoodam,12,89,0,0,0
2025-01-29,Thaikoodam,13,69,0,0,0
2025-01-29,Thaikoodam,14,82,0,0,0
2025-01-29,Thaikoodam,15,72,0,0,0
2025-01-29,Thaikoodam,16,72,0,0,0
2025-01-29,Thaikoodam,17,214,0,0,1
2025-01-29,Thaikoodam,18,214,0,0,1
2025-01-29,Thaikoodam,19,224,0,0,1
2025-01-29,Thaikoodam,20,190,0,0,1
2025-01-29,Thaikoodam,21,83,0,0,0
2025-01-29,Thaikoodam,22,74,0,0,0
2025-01-29,Petta,6,66,0,0,0
2025-01-29,Petta,7,80,0,0,0
2025-01-29,Petta,8,212,0,1,0
2025-01-29,Petta,9,226,0,1,0
2025-01-29,Petta,10,172,0,1,0
2025-01-29,Petta,11,71,0,0,0
2025-01-29,Petta,12,81,0,0,0
2025-01-29,Petta,13,56,0,0,0
2025-01-29,Petta,14,87,0,0,0
2025-01-29,Petta,15,87,0,0,0
2025-01-29,Petta,16,82,0,0,0
2025-01-29,Petta,17,186,0,0,1
2025-01-29,Petta,18,186,0,0,1
2025-01-29,Petta,19,191,0,0,1
2025-01-29,Petta,20,198,0,0,1
2025-01-29,Petta,21,80,0,0,0
2025-01-29,Petta,22,90,0,0,0
2025-01-29,Vadakkekotta,6,89,0,0,0
2025-01-29,Vadakkekotta,7,76,0,0,0
2025-01-29,Vadakkekotta,8,203,0,1,0
2025-01-29,Vadakkekotta,9,190,0,1,0
2025-01-29,Vadakkekotta,10,207,0,1,0
2025-01-29,Vadakkekotta,11,92,0,0,0
2025-01-29,Vadakkekotta,12,88,0,0,0
2025-01-29,Vadakkekotta,13,85,0,0,0
2025-01-29,Vadakkekotta,14,82,0,0,0
2025-01-29,Vadakkekotta,15,66,0,0,0
2025-01-29,Vadakkekotta,16,74,0,0,0
2025-01-29,Vadakkekotta,17,188,0,0,1
2025-01-29,Vadakkekotta,18,187,0,0,1
2025-01-29,Vadakkekotta,19,211,0,0,1
2025-01-29,Vadakkekotta,20,194,0,0,1
2025-01-29,Vadakkekotta,21,76,0,0,0
2025-01-29,Vadakkekotta,22,75,0,0,0
2025-01-29,SN Junction,6,76,0,0,0
2025-01-29,SN Junction,7,82,0,0,0
2025-01-29,SN Junction,8,190,0,1,0
2025-01-29,SN Junction,9,197,0,1,0
2025-01-29,SN Junction,10,194,0,1,0
2025-01-29,SN Junction,11,68,0,0,0
2025-01-29,SN Junction,12,85,0,0,0
2025-01-29,SN Junction,13,76,0,0,0
2025-01-29,SN Junction,14,88,0,0,0
2025-01-29,SN Junction,15,71,0,0,0
2025-01-29,SN Junction,16,81,0,0,0
2025-01-29,SN Junction,17,199,0,0,1
2025-01-29,SN Junction,18,210,0,0,1
2025-01-29,SN Junction,19,208,0,0,1
2025-01-29,SN Junction,20,217,0,0,1
2025-01-29,SN Junction,21,71,0,0,0
2025-01-29,SN Junction,22,80,0,0,0
2025-01-29,Tripunithura Terminal,6,77,0,0,0
2025-01-29,Tripunithura Terminal,7,77,0,0,0
2025-01-29,Tripunithura Terminal,8,193,0,1,0
2025-01-29,Tripunithura Terminal,9,180,0,1,0
2025-01-29,Tripunithura Terminal,10,201,0,1,0
2025-01-29,Tripunithura Terminal,11,85,0,0,0
2025-01-29,Tripunithura Terminal,12,66,0,0,0
2025-01-29,Tripunithura Terminal,13,72,0,0,0
2025-01-29,Tripunithura Terminal,14,76,0,0,0
2025-01-29,Tripunithura Terminal,15,74,0,0,0
2025-01-29,Tripunithura Terminal,16,84,0,0,0
2025-01-29,Tripunithura Terminal,17,190,0,0,1
2025-01-29,Tripunithura Terminal,18,222,0,0,1
2025-01-29,Tripunithura Terminal,19,194,0,0,1
2025-01-29,Tripunithura Terminal,20,211,0,0,1
2025-01-29,Tripunithura Terminal,21,99,0,0,0
2025-01-29,Tripunithura Terminal,22,67,0,0,0
2025-02-05,Aluva,6,198,0,0,0
2025-02-05,Aluva,7,200,0,0,0
2025-02-05,Aluva,8,494,0,1,0
2025-02-05,Aluva,9,492,0,1,0
2025-02-05,Aluva,10,510,0,1,0
2025-02-05,Aluva,11,186,0,0,0
2025-02-05,Aluva,12,201,0,0,0
2025-02-05,Aluva,13,205,0,0,0
2025-02-05,Aluva,14,189,0,0,0
2025-02-05,Aluva,15,179,0,0,0
2025-02-05,Aluva,16,192,0,0,0
2025-02-05,Aluva,17,524,0,0,1
2025-02-05,Aluva,18,515,0,0,1
2025-02-05,Aluva,19,462,0,0,1
2025-02-05,Aluva,20,468,0,0,1
2025-02-05,Aluva,21,185,0,0,0
2025-02-05,Aluva,22,194,0,0,0
2025-02-05,Pulinchodu,6,96,0,0,0
2025-02-05,Pulinchodu,7,79,0,0,0
2025-02-05,Pulinchodu,8,205,0,1,0
2025-02-05,Pulinchodu,9,197,0,1,0
2025-02-05,Pulinchodu,10,212,0,1,0
2025-02-05,Pulinchodu,11,80,0,0,0
2025-02-05,Pulinchodu,12,70,0,0,0
2025-02-05,Pulinchodu,13,84,0,0,0
2025-02-05,Pulinchodu,14,94,0,0,0
2025-02-05,Pulinchodu,15,79,0,0,0
2025-02-05,Pulinchodu,16,82,0,0,0
2025-02-05,Pulinchodu,17,208,0,0,1
2025-02-05,Pulinchodu,18,224,0,0,1
2025-02-05,Pulinchodu,19,186,0,0,1
2025-02-05,Pulinchodu,20,210,0,0,1
2025-02-05,Pulinchodu,21,74,0,0,0
2025-02-05,Pulinchodu,22,77,0,0,0
2025-02-05,Companypady,6,90,0,0,0
2025-02-05,Companypady,7,82,0,0,0
2025-02-05,Companypady,8,191,0,1,0
2025-02-05,Companypady,9,196,0,1,0
2025-02-05,Companypady,10,187,0,1,0
2025-02-05,Companypady,11,85,0,0,0
2025-02-05,Companypady,12,78,0,0,0
2025-02-05,Companypady,13,83,0,0,0
2025-02-05,Companypady,14,85,0,0,0
2025-02-05,Companypady,15,74,0,0,0
2025-02-05,Companypady,16,81,0,0,0
2025-02-05,Companypady,17,242,0,0,1
2025-02-05,Companypady,18,190,0,0,1
2025-02-05,Companypady,19,199,0,0,1
2025-02-05,Companypady,20,194,0,0,1
2025-02-05,Companypady,21,86,0,0,0
2025-02-05,Companypady,22,90,0,0,0
2025-02-05,Ambattukavu,6,87,0,0,0
2025-02-05,Ambattukavu,7,86,0,0,0
2025-02-05,Ambattukavu,8,187,0,1,0
2025-02-05,Ambattukavu,9,204,0,1,0
2025-02-05,Ambattukavu,10,189,0,1,0
2025-02-05,Ambattukavu,11,80,0,0,0
2025-02-05,Ambattukavu,12,73,0,0,0
2025-02-05,Ambattukavu,13,85,0,0,0
2025-02-05,Ambattukavu,14,87,0,0,0
2025-02-05,Ambattukavu,15,73,0,0,0
2025-02-05,Ambattukavu,16,84,0,0,0
2025-02-05,Ambattukavu,17,200,0,0,1
2025-02-05,Ambattukavu,18,178,0,0,1
2025-02-05,Ambattukavu,19,187,0,0,1
2025-02-05,Ambattukavu,20,177,0,0,1
2025-02-05,Ambattukavu,21,82,0,0,0
2025-02-05,Ambattukavu,22,87,0,0,0
2025-02-05,Muttom,6,78,0,0,0
2025-02-05,Muttom,7,75,0,0,0
2025-02-05,Muttom,8,174,0,1,0
2025-02-05,Muttom,9,185,0,1,0
2025-02-05,Muttom,10,210,0,1,0
2025-02-05,Muttom,11,81,0,0,0
2025-02-05,Muttom,12,87,0,0,0
2025-02-05,Muttom,13,89,0,0,0
2025-02-05,Muttom,14,92,0,0,0
2025-02-05,Muttom,15,70,0,0,0
2025-02-05,Muttom,16,94,0,0,0
2025-02-05,Muttom,17,200,0,0,1
2025-02-05,Muttom,18,212,0,0,1
2025-02-05,Muttom,19,188,0,0,1
2025-02-05,Muttom,20,179,0,0,1
2025-02-05,Muttom,21,61,0,0,0
2025-02-05,Muttom,22,73,0,0,0
2025-02-05,Kalamassery,6,209,0,0,0
2025-02-05,Kalamassery,7,190,0,0,0
2025-02-05,Kalamassery,8,477,0,1,0
2025-02-05,Kalamassery,9,456,0,1,0
2025-02-05,Kalamassery,10,543,0,1,0
2025-02-05,Kalamassery,11,213,0,0,0
2025-02-05,Kalamassery,12,210,0,0,0
2025-02-05,Kalamassery,13,225,0,0,0
2025-02-05,Kalamassery,14,203,0,0,0
2025-02-05,Kalamassery,15,199,0,0,0
2025-02-05,Kalamassery,16,242,0,0,0
2025-02-05,Kalamassery,17,486,0,0,1
2025-02-05,Kalamassery,18,522,0,0,1
2025-02-05,Kalamassery,19,502,0,0,1
2025-02-05,Kalamassery,20,509,0,0,1
2025-02-05,Kalamassery,21,189,0,0,0
2025-02-05,Kalamassery,22,194,0,0,0
2025-02-05,CUSAT,6,85,0,0,0
2025-02-05,CUSAT,7,85,0,0,0
2025-02-05,CUSAT,8,192,0,1,0
2025-02-05,CUSAT,9,202,0,1,0
2025-02-05,CUSAT,10,224,0,1,0
2025-02-05,CUSAT,11,70,0,0,0
2025-02-05,CUSAT,12,80,0,0,0
2025-02-05,CUSAT,13,82,0,0,0
2025-02-05,CUSAT,14,79,0,0,0
2025-02-05,CUSAT,15,84,0,0,0
2025-02-05,CUSAT,16,83,0,0,0
2025-02-05,CUSAT,17,217,0,0,1
2025-02-05,CUSAT,18,180,0,0,1
2025-02-05,CUSAT,19,221,0,0,1
2025-02-05,CUSAT,20,223,0,0,1
2025-02-05,CUSAT,21,83,0,0,0
2025-02-05,CUSAT,22,71,0,0,0
2025-02-05,Pathadipalam,6,78,0,0,0
2025-02-05,Pathadipalam,7,80,0,0,0
2025-02-05,Pathadipalam,8,203,0,1,0
2025-02-05,Pathadipalam,9,204,0,1,0
2025-02-05,Pathadipalam,10,194,0,1,0
2025-02-05,Pathadipalam,11,77,0,0,0
2025-02-05,Pathadipalam,12,78,0,0,0
2025-02-05,Pathadipalam,13,87,0,0,0
2025-02-05,Pathadipalam,14,68,0,0,0
2025-02-05,Pathadipalam,15,73,0,0,0
2025-02-05,Pathadipalam,16,89,0,0,0
2025-02-05,Pathadipalam,17,183,0,0,1
2025-02-05,Pathadipalam,18,188,0,0,1
2025-02-05,Pathadipalam,19,218,0,0,1
2025-02-05,Pathadipalam,20,206,0,0,1
2025-02-05,Pathadipalam,21,84,0,0,0
2025-02-05,Pathadipalam,22,82,0,0,0
2025-02-05,Edappally,6,184,0,0,0
2025-02-05,Edappally,7,197,0,0,0
2025-02-05,Edappally,8,516,0,1,0
2025-02-05,Edappally,9,491,0,1,0
2025-02-05,Edappally,10,470,0,1,0
2025-02-05,Edappally,11,187,0,0,0
2025-02-05,Edappally,12,204,0,0,0
2025-02-05,Edappally,13,217,0,0,0
2025-02-05,Edappally,14,254,0,0,0
2025-02-05,Edappally,15,200,0,0,0
2025-02-05,Edappally,16,199,0,0,0
2025-02-05,Edappally,17,459,0,0,1
2025-02-05,Edappally,18,496,0,0,1
2025-02-05,Edappally,19,468,0,0,1
2025-02-05,Edappally,20,524,0,0,1
2025-02-05,Edappally,21,192,0,0,0
2025-02-05,Edappally,22,199,0,0,0
2025-02-05,Changampuzha Park,6,81,0,0,0
2025-02-05,Changampuzha Park,7,65,0,0,0
2025-02-05,Changampuzha Park,8,211,0,1,0
2025-02-05,Changampuzha Park,9,221,0,1,0
2025-02-05,Changampuzha Park,10,186,0,1,0
2025-02-05,Changampuzha Park,11,79,0,0,0
2025-02-05,Changampuzha Park,12,83,0,0,0
2025-02-05,Changampuzha Park,13,75,0,0,0
2025-02-05,Changampuzha Park,14,70,0,0,0
2025-02-05,Changampuzha Park,15,83,0,0,0
2025-02-05,Changampuzha Park,16,84,0,0,0
2025-02-05,Changampuzha Park,17,194,0,0,1
2025-02-05,Changampuzha Park,18,216,0,0,1
2025-02-05,Changampuzha Park,19,205,0,0,1
2025-02-05,Changampuzha Park,20,204,0,0,1
2025-02-05,Changampuzha Park,21,77,0,0,0
2025-02-05,Changampuzha Park,22,82,0,0,0
2025-02-05,Palarivattom,6,99,0,0,0
2025-02-05,Palarivattom,7,85,0,0,0
2025-02-05,Palarivattom,8,213,0,1,0
2025-02-05,Palarivattom,9,180,0,1,0
2025-02-05,Palarivattom,10,214,0,1,0
2025-02-05,Palarivattom,11,59,0,0,0
2025-02-05,Palarivattom,12,81,0,0,0
2025-02-05,Palarivattom,13,95,0,0,0
2025-02-05,Palarivattom,14,82,0,0,0
2025-02-05,Palarivattom,15,88,0,0,0
2025-02-05,Palarivattom,16,73,0,0,0
2025-02-05,Palarivattom,17,217,0,0,1
2025-02-05,Palarivattom,18,183,0,0,1
2025-02-05,Palarivattom,19,212,0,0,1
2025-02-05,Palarivattom,20,194,0,0,1
2025-02-05,Palarivattom,21,87,0,0,0
2025-02-05,Palarivattom,22,77,0,0,0
2025-02-05,JLN Stadium,6,64,0,0,0
2025-02-05,JLN Stadium,7,63,0,0,0
2025-02-05,JLN Stadium,8,212,0,1,0
2025-02-05,JLN Stadium,9,219,0,1,0
2025-02-05,JLN Stadium,10,218,0,1,0
2025-02-05,JLN Stadium,11,61,0,0,0
2025-02-05,JLN Stadium,12,86,0,0,0
2025-02-05,JLN Stadium,13,94,0,0,0
2025-02-05,JLN Stadium,14,68,0,0,0
2025-02-05,JLN Stadium,15,76,0,0,0
2025-02-05,JLN Stadium,16,63,0,0,0
2025-02-05,JLN Stadium,17,191,0,0,1
2025-02-05,JLN Stadium,18,200,0,0,1
2025-02-05,JLN Stadium,19,190,0,0,1
2025-02-05,JLN Stadium,20,198,0,0,1
2025-02-05,JLN Stadium,21,78,0,0,0
2025-02-05,JLN Stadium,22,80,0,0,0
2025-02-05,Kaloor Town Hall,6,66,0,0,0
2025-02-05,Kaloor Town Hall,7,95,0,0,0
2025-02-05,Kaloor Town Hall,8,190,0,1,0
2025-02-05,Kaloor Town Hall,9,213,0,1,0
2025-02-05,Kaloor Town Hall,10,214,0,1,0
2025-02-05,Kaloor Town Hall,11,68,0,0,0
2025-02-05,Kaloor Town Hall,12,95,0,0,0
2025-02-05,Kaloor Town Hall,13,87,0,0,0
2025-02-05,Kaloor Town Hall,14,86,0,0,0
2025-02-05,Kaloor Town Hall,15,74,0,0,0
2025-02-05,Kaloor Town Hall,16,81,0,0,0
2025-02-05,Kaloor Town Hall,17,194,0,0,1
2025-02-05,Kaloor Town Hall,18,216,0,0,1
2025-02-05,Kaloor Town Hall,19,197,0,0,1
2025-02-05,Kaloor Town Hall,20,173,0,0,1
2025-02-05,Kaloor Town Hall,21,94,0,0,0
2025-02-05,Kaloor Town Hall,22,71,0,0,0
2025-02-05,MG Road,6,202,0,0,0
2025-02-05,MG Road,7,188,0,0,0
2025-02-05,MG Road,8,468,0,1,0
2025-02-05,MG Road,9,507,0,1,0
2025-02-05,MG Road,10,489,0,1,0
2025-02-05,MG Road,11,233,0,0,0
2025-02-05,MG Road,12,191,0,0,0
2025-02-05,MG Road,13,183,0,0,0
2025-02-05,MG Road,14,198,0,0,0
2025-02-05,MG Road,15,210,0,0,0
2025-02-05,MG Road,16,199,0,0,0
2025-02-05,MG Road,17,525,0,0,1
2025-02-05,MG Road,18,491,0,0,1
2025-02-05,MG Road,19,479,0,0,1
2025-02-05,MG Road,20,488,0,0,1
2025-02-05,MG Road,21,219,0,0,0
2025-02-05,MG Road,22,175,0,0,0
2025-02-05,Maharaja's College,6,79,0,0,0
2025-02-05,Maharaja's College,7,76,0,0,0
2025-02-05,Maharaja's College,8,202,0,1,0
2025-02-05,Maharaja's College,9,199,0,1,0
2025-02-05,Maharaja's College,10,206,0,1,0
2025-02-05,Maharaja's College,11,88,0,0,0
2025-02-05,Maharaja's College,12,89,0,0,0
2025-02-05,Maharaja's College,13,69,0,0,0
2025-02-05,Maharaja's College,14,63,0,0,0
2025-02-05,Maharaja's College,15,79,0,0,0
2025-02-05,Maharaja's College,16,66,0,0,0
2025-02-05,Maharaja's College,17,215,0,0,1
2025-02-05,Maharaja's College,18,214,0,0,1
2025-02-05,Maharaja's College,19,195,0,0,1
2025-02-05,Maharaja's College,20,201,0,0,1
2025-02-05,Maharaja's College,21,84,0,0,0
2025-02-05,Maharaja's College,22,81,0,0,0
2025-02-05,Ernakulam South,6,214,0,0,0
2025-02-05,Ernakulam South,7,205,0,0,0
2025-02-05,Ernakulam South,8,491,0,1,0
2025-02-05,Ernakulam South,9,486,0,1,0
2025-02-05,Ernakulam South,10,518,0,1,0
2025-02-05,Ernakulam South,11,199,0,0,0
2025-02-05,Ernakulam South,12,224,0,0,0
2025-02-05,Ernakulam South,13,212,0,0,0
2025-02-05,Ernakulam South,14,201,0,0,0
2025-02-05,Ernakulam South,15,196,0,0,0
2025-02-05,Ernakulam South,16,188,0,0,0
2025-02-05,Ernakulam South,17,472,0,0,1
2025-02-05,Ernakulam South,18,508,0,0,1
2025-02-05,Ernakulam South,19,495,0,0,1
2025-02-05,Ernakulam South,20,506,0,0,1
2025-02-05,Ernakulam South,21,206,0,0,0
2025-02-05,Ernakulam South,22,202,0,0,0
2025-02-05,Kadavanthra,6,91,0,0,0
2025-02-05,Kadavanthra,7,89,0,0,0
2025-02-05,Kadavanthra,8,217,0,1,0
2025-02-05,Kadavanthra,9,200,0,1,0
2025-02-05,Kadavanthra,10,211,0,1,0
2025-02-05,Kadavanthra,11,94,0,0,0
2025-02-05,Kadavanthra,12,88,0,0,0
2025-02-05,Kadavanthra,13,79,0,0,0
2025-02-05,Kadavanthra,14,80,0,0,0
2025-02-05,Kadavanthra,15,71,0,0,0
2025-02-05,Kadavanthra,16,72,0,0,0
2025-02-05,Kadavanthra,17,206,0,0,1
2025-02-05,Kadavanthra,18,196,0,0,1
2025-02-05,Kadavanthra,19,213,0,0,1
2025-02-05,Kadavanthra,20,215,0,0,1
2025-02-05,Kadavanthra,21,84,0,0,0
2025-02-05,Kadavanthra,22,76,0,0,0
2025-02-05,Elamkulam,6,93,0,0,0
2025-02-05,Elamkulam,7,77,0,0,0
2025-02-05,Elamkulam,8,212,0,1,0
2025-02-05,Elamkulam,9,180,0,1,0
2025-02-05,Elamkulam,10,176,0,1,0
2025-02-05,Elamkulam,11,80,0,0,0
2025-02-05,Elamkulam,12,90,0,0,0
2025-02-05,Elamkulam,13,78,0,0,0
2025-02-05,Elamkulam,14,86,0,0,0
2025-02-05,Elamkulam,15,80,0,0,0
2025-02-05,Elamkulam,16,69,0,0,0
2025-02-05,Elamkulam,17,214,0,0,1
2025-02-05,Elamkulam,18,194,0,0,1
2025-02-05,Elamkulam,19,199,0,0,1
2025-02-05,Elamkulam,20,228,0,0,1
2025-02-05,Elamkulam,21,94,0,0,0
2025-02-05,Elamkulam,22,68,0,0,0
2025-02-05,Vyttila,6,83,0,0,0
2025-02-05,Vyttila,7,81,0,0,0
2025-02-05,Vyttila,8,191,0,1,0
2025-02-05,Vyttila,9,176,0,1,0
2025-02-05,Vyttila,10,191,0,1,0
2025-02-05,Vyttila,11,86,0,0,0
2025-02-05,Vyttila,12,92,0,0,0
2025-02-05,Vyttila,13,77,0,0,0
2025-02-05,Vyttila,14,62,0,0,0
2025-02-05,Vyttila,15,85,0,0,0
2025-02-05,Vyttila,16,90,0,0,0
2025-02-05,Vyttila,17,194,0,0,1
2025-02-05,Vyttila,18,199,0,0,1
2025-02-05,Vyttila,19,203,0,0,1
2025-02-05,Vyttila,20,204,0,0,1
2025-02-05,Vyttila,21,100,0,0,0
2025-02-05,Vyttila,22,70,0,0,0
2025-02-05,Thaikoodam,6,76,0,0,0
2025-02-05,Thaikoodam,7,76,0,0,0
2025-02-05,Thaikoodam,8,199,0,1,0
2025-02-05,Thaikoodam,9,165,0,1,0
2025-02-05,Thaikoodam,10,212,0,1,0
2025-02-05,Thaikoodam,11,72,0,0,0
2025-02-05,Thaikoodam,12,94,0,0,0
2025-02-05,Thaikoodam,13,85,0,0,0
2025-02-05,Thaikoodam,14,92,0,0,0
2025-02-05,Thaikoodam,15,74,0,0,0
2025-02-05,Thaikoodam,16,69,0,0,0
2025-02-05,Thaikoodam,17,184,0,0,1
2025-02-05,Thaikoodam,18,197,0,0,1
2025-02-05,Thaikoodam,19,178,0,0,1
2025-02-05,Thaikoodam,20,202,0,0,1
2025-02-05,Thaikoodam,21,80,0,0,0
2025-02-05,Thaikoodam,22,84,0,0,0
2025-02-05,Petta,6,74,0,0,0
2025-02-05,Petta,7,71,0,0,0
2025-02-05,Petta,8,205,0,1,0
2025-02-05,Petta,9,211,0,1,0
2025-02-05,Petta,10,197,0,1,0
2025-02-05,Petta,11,91,0,0,0
2025-02-05,Petta,12,80,0,0,0
2025-02-05,Petta,13,88,0,0,0
2025-02-05,Petta,14,88,0,0,0
2025-02-05,Petta,15,88,0,0,0
2025-02-05,Petta,16,79,0,0,0
2025-02-05,Petta,17,193,0,0,1
2025-02-05,Petta,18,203,0,0,1
2025-02-05,Petta,19,186,0,0,1
2025-02-05,Petta,20,199,0,0,1
2025-02-05,Petta,21,84,0,0,0
2025-02-05,Petta,22,91,0,0,0
2025-02-05,Vadakkekotta,6,79,0,0,0
2025-02-05,Vadakkekotta,7,72,0,0,0
2025-02-05,Vadakkekotta,8,215,0,1,0
2025-02-05,Vadakkekotta,9,180,0,1,0
2025-02-05,Vadakkekotta,10,219,0,1,0
2025-02-05,Vadakkekotta,11,76,0,0,0
2025-02-05,Vadakkekotta,12,80,0,0,0
2025-02-05,Vadakkekotta,13,93,0,0,0
2025-02-05,Vadakkekotta,14,74,0,0,0
2025-02-05,Vadakkekotta,15,84,0,0,0
2025-02-05,Vadakkekotta,16,85,0,0,0
2025-02-05,Vadakkekotta,17,210,0,0,1
2025-02-05,Vadakkekotta,18,187,0,0,1
2025-02-05,Vadakkekotta,19,206,0,0,1
2025-02-05,Vadakkekotta,20,194,0,0,1
2025-02-05,Vadakkekotta,21,85,0,0,0
2025-02-05,Vadakkekotta,22,85,0,0,0
2025-02-05,SN Junction,6,68,0,0,0
2025-02-05,SN Junction,7,73,0,0,0
2025-02-05,SN Junction,8,191,0,1,0
2025-02-05,SN Junction,9,190,0,1,0
2025-02-05,SN Junction,10,189,0,1,0
2025-02-05,SN Junction,11,81,0,0,0
2025-02-05,SN Junction,12,86,0,0,0
2025-02-05,SN Junction,13,87,0,0,0
2025-02-05,SN Junction,14,83,0,0,0
2025-02-05,SN Junction,15,60,0,0,0
2025-02-05,SN Junction,16,74,0,0,0
2025-02-05,SN Junction,17,218,0,0,1
2025-02-05,SN Junction,18,207,0,0,1
2025-02-05,SN Junction,19,194,0,0,1
2025-02-05,SN Junction,20,186,0,0,1
2025-02-05,SN Junction,21,86,0,0,0
2025-02-05,SN Junction,22,77,0,0,0
2025-02-05,Tripunithura Terminal,6,86,0,0,0
2025-02-05,Tripunithura Terminal,7,77,0,0,0
2025-02-05,Tripunithura Terminal,8,203,0,1,0
2025-02-05,Tripunithura Terminal,9,193,0,1,0
2025-02-05,Tripunithura Terminal,10,203,0,1,0
2025-02-05,Tripunithura Terminal,11,76,0,0,0
2025-02-05,Tripunithura Terminal,12,89,0,0,0
2025-02-05,Tripunithura Terminal,13,64,0,0,0
2025-02-05,Tripunithura Terminal,14,86,0,0,0
2025-02-05,Tripunithura Terminal,15,88,0,0,0
2025-02-05,Tripunithura Terminal,16,85,0,0,0
2025-02-05,Tripunithura Terminal,17,222,0,0,1
2025-02-05,Tripunithura Terminal,18,185,0,0,1
2025-02-05,Tripunithura Terminal,19,203,0,0,1
2025-02-05,Tripunithura Terminal,20,210,0,0,1
2025-02-05,Tripunithura Terminal,21,86,0,0,0
2025-02-05,Tripunithura Terminal,22,86,0,0,0
2025-02-12,Aluva,6,205,0,0,0
2025-02-12,Aluva,7,223,0,0,0
2025-02-12,Aluva,8,494,0,1,0
2025-02-12,Aluva,9,455,0,1,0
2025-02-12,Aluva,10,516,0,1,0
2025-02-12,Aluva,11,218,0,0,0
2025-02-12,Aluva,12,204,0,0,0
2025-02-12,Aluva,13,203,0,0,0
2025-02-12,Aluva,14,208,0,0,0
2025-02-12,Aluva,15,193,0,0,0
2025-02-12,Aluva,16,175,0,0,0
2025-02-12,Aluva,17,507,0,0,1
2025-02-12,Aluva,18,534,0,0,1
2025-02-12,Aluva,19,491,0,0,1
2025-02-12,Aluva,20,499,0,0,1
2025-02-12,Aluva,21,203,0,0,0
2025-02-12,Aluva,22,195,0,0,0
2025-02-12,Pulinchodu,6,78,0,0,0
2025-02-12,Pulinchodu,7,78,0,0,0
2025-02-12,Pulinchodu,8,188,0,1,0
2025-02-12,Pulinchodu,9,209,0,1,0
2025-02-12,Pulinchodu,10,197,0,1,0
2025-02-12,Pulinchodu,11,79,0,0,0
2025-02-12,Pulinchodu,12,77,0,0,0
2025-02-12,Pulinchodu,13,83,0,0,0
2025-02-12,Pulinchodu,14,88,0,0,0
2025-02-12,Pulinchodu,15,79,0,0,0
2025-02-12,Pulinchodu,16,78,0,0,0
2025-02-12,Pulinchodu,17,213,0,0,1
2025-02-12,Pulinchodu,18,205,0,0,1
2025-02-12,Pulinchodu,19,174,0,0,1
2025-02-12,Pulinchodu,20,188,0,0,1
2025-02-12,Pulinchodu,21,79,0,0,0
2025-02-12,Pulinchodu,22,85,0,0,0
2025-02-12,Companypady,6,77,0,0,0
2025-02-12,Companypady,7,82,0,0,0
2025-02-12,Companypady,8,199,0,1,0
2025-02-12,Companypady,9,201,0,1,0
2025-02-12,Companypady,10,192,0,1,0
2025-02-12,Companypady,11,79,0,0,0
2025-02-12,Companypady,12,88,0,0,0
2025-02-12,Companypady,13,70,0,0,0
2025-02-12,Companypady,14,83,0,0,0
2025-02-12,Companypady,15,92,0,0,0
2025-02-12,Companypady,16,81,0,0,0
2025-02-12,Companypady,17,235,0,0,1
2025-02-12,Companypady,18,210,0,0,1
2025-02-12,Companypady,19,190,0,0,1
2025-02-12,Companypady,20,203,0,0,1
2025-02-12,Companypady,21,102,0,0,0
2025-02-12,Companypady,22,75,0,0,0
2025-02-12,Ambattukavu,6,87,0,0,0
2025-02-12,Ambattukavu,7,88,0,0,0
2025-02-12,Ambattukavu,8,194,0,1,0
2025-02-12,Ambattukavu,9,227,0,1,0
2025-02-12,Ambattukavu,10,204,0,1,0
2025-02-12,Ambattukavu,11,95,0,0,0
2025-02-12,Ambattukavu,12,80,0,0,0
2025-02-12,Ambattukavu,13,78,0,0,0
2025-02-12,Ambattukavu,14,78,0,0,0
2025-02-12,Ambattukavu,15,84,0,0,0
2025-02-12,Ambattukavu,16,78,0,0,0
2025-02-12,Ambattukavu,17,221,0,0,1
2025-02-12,Ambattukavu,18,203,0,0,1
2025-02-12,Ambattukavu,19,204,0,0,1
2025-02-12,Ambattukavu,20,190,0,0,1
2025-02-12,Ambattukavu,21,90,0,0,0
2025-02-12,Ambattukavu,22,74,0,0,0
2025-02-12,Muttom,6,79,0,0,0
2025-02-12,Muttom,7,78,0,0,0
2025-02-12,Muttom,8,217,0,1,0
2025-02-12,Muttom,9,185,0,1,0
2025-02-12,Muttom,10,198,0,1,0
2025-02-12,Muttom,11,72,0,0,0
2025-02-12,Muttom,12,69,0,0,0
2025-02-12,Muttom,13,85,0,0,0
2025-02-12,Muttom,14,86,0,0,0
2025-02-12,Muttom,15,84,0,0,0
2025-02-12,Muttom,16,81,0,0,0
2025-02-12,Muttom,17,197,0,0,1
2025-02-12,Muttom,18,195,0,0,1
2025-02-12,Muttom,19,204,0,0,1
2025-02-12,Muttom,20,216,0,0,1
2025-02-12,Muttom,21,94,0,0,0
2025-02-12,Muttom,22,83,0,0,0
2025-02-12,Kalamassery,6,196,0,0,0
2025-02-12,Kalamassery,7,192,0,0,0
2025-02-12,Kalamassery,8,517,0,1,0
2025-02-12,Kalamassery,9,538,0,1,0
2025-02-12,Kalamassery,10,503,0,1,0
2025-02-12,Kalamassery,11,195,0,0,0
2025-02-12,Kalamassery,12,172,0,0,0
2025-02-12,Kalamassery,13,184,0,0,0
2025-02-12,Kalamassery,14,215,0,0,0
2025-02-12,Kalamassery,15,206,0,0,0
2025-02-12,Kalamassery,16,213,0,0,0
2025-02-12,Kalamassery,17,493,0,0,1
2025-02-12,Kalamassery,18,509,0,0,1
2025-02-12,Kalamassery,19,491,0,0,1
2025-02-12,Kalamassery,20,516,0,0,1
2025-02-12,Kalamassery,21,195,0,0,0
2025-02-12,Kalamassery,22,184,0,0,0
2025-02-12,CUSAT,6,87,0,0,0
2025-02-12,CUSAT,7,92,0,0,0
2025-02-12,CUSAT,8,203,0,1,0
2025-02-12,CUSAT,9,203,0,1,0
2025-02-12,CUSAT,10,188,0,1,0
2025-02-12,CUSAT,11,87,0,0,0
2025-02-12,CUSAT,12,89,0,0,0
2025-02-12,CUSAT,13,74,0,0,0
2025-02-12,CUSAT,14,94,0,0,0
2025-02-12,CUSAT,15,66,0,0,0
2025-02-12,CUSAT,16,77,0,0,0
2025-02-12,CUSAT,17,187,0,0,1
2025-02-12,CUSAT,18,199,0,0,1
2025-02-12,CUSAT,19,205,0,0,1
2025-02-12,CUSAT,20,194,0,0,1
2025-02-12,CUSAT,21,86,0,0,0
2025-02-12,CUSAT,22,110,0,0,0
2025-02-12,Pathadipalam,6,78,0,0,0
2025-02-12,Pathadipalam,7,66,0,0,0
2025-02-12,Pathadipalam,8,203,0,1,0
2025-02-12,Pathadipalam,9,208,0,1,0
2025-02-12,Pathadipalam,10,203,0,1,0
2025-02-12,Pathadipalam,11,77,0,0,0
2025-02-12,Pathadipalam,12,71,0,0,0
2025-02-12,Pathadipalam,13,80,0,0,0
2025-02-12,Pathadipalam,14,74,0,0,0
2025-02-12,Pathadipalam,15,86,0,0,0
2025-02-12,Pathadipalam,16,83,0,0,0
2025-02-12,Pathadipalam,17,195,0,0,1
2025-02-12,Pathadipalam,18,201,0,0,1
2025-02-12,Pathadipalam,19,203,0,0,1
2025-02-12,Pathadipalam,20,212,0,0,1
2025-02-12,Pathadipalam,21,86,0,0,0
2025-02-12,Pathadipalam,22,78,0,0,0
2025-02-12,Edappally,6,193,0,0,0
2025-02-12,Edappally,7,213,0,0,0
2025-02-12,Edappally,8,473,0,1,0
2025-02-12,Edappally,9,469,0,1,0
2025-02-12,Edappally,10,484,0,1,0
2025-02-12,Edappally,11,195,0,0,0
2025-02-12,Edappally,12,204,0,0,0
2025-02-12,Edappally,13,188,0,0,0
2025-02-12,Edappally,14,190,0,0,0
2025-02-12,Edappally,15,185,0,0,0
2025-02-12,Edappally,16,208,0,0,0
2025-02-12,Edappally,17,513,0,0,1
2025-02-12,Edappally,18,490,0,0,1
2025-02-12,Edappally,19,492,0,0,1
2025-02-12,Edappally,20,506,0,0,1
2025-02-12,Edappally,21,210,0,0,0
2025-02-12,Edappally,22,201,0,0,0
2025-02-12,Changampuzha Park,6,69,0,0,0
2025-02-12,Changampuzha Park,7,91,0,0,0
2025-02-12,Changampuzha Park,8,213,0,1,0
2025-02-12,Changampuzha Park,9,199,0,1,0
2025-02-12,Changampuzha Park,10,200,0,1,0
2025-02-12,Changampuzha Park,11,90,0,0,0
2025-02-12,Changampuzha Park,12,73,0,0,0
2025-02-12,Changampuzha Park,13,71,0,0,0
2025-02-12,Changampuzha Park,14,67,0,0,0
2025-02-12,Changampuzha Park,15,93,0,0,0
2025-02-12,Changampuzha Park,16,68,0,0,0
2025-02-12,Changampuzha Park,17,205,0,0,1
2025-02-12,Changampuzha Park,18,192,0,0,1
2025-02-12,Changampuzha Park,19,221,0,0,1
2025-02-12,Changampuzha Park,20,184,0,0,1
2025-02-12,Changampuzha Park,21,79,0,0,0
2025-02-12,Changampuzha Park,22,81,0,0,0
2025-02-12,Palarivattom,6,92,0,0,0
2025-02-12,Palarivattom,7,83,0,0,0
2025-02-12,Palarivattom,8,207,0,1,0
2025-02-12,Palarivattom,9,199,0,1,0
2025-02-12,Palarivattom,10,213,0,1,0
2025-02-12,Palarivattom,11,82,0,0,0
2025-02-12,Palarivattom,12,62,0,0,0
2025-02-12,Palarivattom,13,70,0,0,0
2025-02-12,Palarivattom,14,79,0,0,0
2025-02-12,Palarivattom,15,76,0,0,0
2025-02-12,Palarivattom,16,81,0,0,0
2025-02-12,Palarivattom,17,193,0,0,1
2025-02-12,Palarivattom,18,193,0,0,1
2025-02-12,Palarivattom,19,175,0,0,1
2025-02-12,Palarivattom,20,212,0,0,1
2025-02-12,Palarivattom,21,94,0,0,0
2025-02-12,Palarivattom,22,83,0,0,0
2025-02-12,JLN Stadium,6,75,0,0,0
2025-02-12,JLN Stadium,7,94,0,0,0
2025-02-12,JLN Stadium,8,188,0,1,0
2025-02-12,JLN Stadium,9,204,0,1,0
2025-02-12,JLN Stadium,10,188,0,1,0
2025-02-12,JLN Stadium,11,81,0,0,0
2025-02-12,JLN Stadium,12,86,0,0,0
2025-02-12,JLN Stadium,13,76,0,0,0
2025-02-12,JLN Stadium,14,88,0,0,0
2025-02-12,JLN Stadium,15,75,0,0,0
2025-02-12,JLN Stadium,16,87,0,0,0
2025-02-12,JLN Stadium,17,195,0,0,1
2025-02-12,JLN Stadium,18,181,0,0,1
2025-02-12,JLN Stadium,19,185,0,0,1
2025-02-12,JLN Stadium,20,197,0,0,1
2025-02-12,JLN Stadium,21,84,0,0,0
2025-02-12,JLN Stadium,22,72,0,0,0
2025-02-12,Kaloor Town Hall,6,81,0,0,0
2025-02-12,Kaloor Town Hall,7,80,0,0,0
2025-02-12,Kaloor Town Hall,8,210,0,1,0
2025-02-12,Kaloor Town Hall,9,202,0,1,0
2025-02-12,Kaloor Town Hall,10,190,0,1,0
2025-02-12,Kaloor Town Hall,11,83,0,0,0
2025-02-12,Kaloor Town Hall,12,80,0,0,0
2025-02-12,Kaloor Town Hall,13,70,0,0,0
2025-02-12,Kaloor Town Hall,14,92,0,0,0
2025-02-12,Kaloor Town Hall,15,80,0,0,0
2025-02-12,Kaloor Town Hall,16,92,0,0,0
2025-02-12,Kaloor Town Hall,17,194,0,0,1
2025-02-12,Kaloor Town Hall,18,192,0,0,1
2025-02-12,Kaloor Town Hall,19,184,0,0,1
2025-02-12,Kaloor Town Hall,20,208,0,0,1
2025-02-12,Kaloor Town Hall,21,73,0,0,0
2025-02-12,Kaloor Town Hall,22,75,0,0,0
2025-02-12,MG Road,6,209,0,0,0
2025-02-12,MG Road,7,215,0,0,0
2025-02-12,MG Road,8,498,0,1,0
2025-02-12,MG Road,9,489,0,1,0
2025-02-12,MG Road,10,498,0,1,0
2025-02-12,MG Road,11,198,0,0,0
2025-02-12,MG Road,12,207,0,0,0
2025-02-12,MG Road,13,192,0,0,0
2025-02-12,MG Road,14,196,0,0,0
2025-02-12,MG Road,15,219,0,0,0
2025-02-12,MG Road,16,209,0,0,0
2025-02-12,MG Road,17,505,0,0,1
2025-02-12,MG Road,18,487,0,0,1
2025-02-12,MG Road,19,524,0,0,1
2025-02-12,MG Road,20,473,0,0,1
2025-02-12,MG Road,21,205,0,0,0
2025-02-12,MG Road,22,197,0,0,0
2025-02-12,Maharaja's College,6,82,0,0,0
2025-02-12,Maharaja's College,7,73,0,0,0
2025-02-12,Maharaja's College,8,194,0,1,0
2025-02-12,Maharaja's College,9,200,0,1,0
2025-02-12,Maharaja's College,10,193,0,1,0
2025-02-12,Maharaja's College,11,78,0,0,0
2025-02-12,Maharaja's College,12,74,0,0,0
2025-02-12,Maharaja's College,13,78,0,0,0
2025-02-12,Maharaja's College,14,75,0,0,0
2025-02-12,Maharaja's College,15,69,0,0,0
2025-02-12,Maharaja's College,16,81,0,0,0
2025-02-12,Maharaja's College,17,221,0,0,1
2025-02-12,Maharaja's College,18,225,0,0,1
2025-02-12,Maharaja's College,19,182,0,0,1
2025-02-12,Maharaja's College,20,207,0,0,1
2025-02-12,Maharaja's College,21,90,0,0,0
2025-02-12,Maharaja's College,22,76,0,0,0
2025-02-12,Ernakulam South,6,207,0,0,0
2025-02-12,Ernakulam South,7,198,0,0,0
2025-02-12,Ernakulam South,8,498,0,1,0
2025-02-12,Ernakulam South,9,450,0,1,0
2025-02-12,Ernakulam South,10,474,0,1,0
2025-02-12,Ernakulam South,11,217,0,0,0
2025-02-12,Ernakulam South,12,230,0,0,0
2025-02-12,Ernakulam South,13,209,0,0,0
2025-02-12,Ernakulam South,14,210,0,0,0
2025-02-12,Ernakulam South,15,193,0,0,0
2025-02-12,Ernakulam South,16,218,0,0,0
2025-02-12,Ernakulam South,17,555,0,0,1
2025-02-12,Ernakulam South,18,472,0,0,1
2025-02-12,Ernakulam South,19,541,0,0,1
2025-02-12,Ernakulam South,20,496,0,0,1
2025-02-12,Ernakulam South,21,193,0,0,0
2025-02-12,Ernakulam South,22,193,0,0,0
2025-02-12,Kadavanthra,6,89,0,0,0
2025-02-12,Kadavanthra,7,83,0,0,0
2025-02-12,Kadavanthra,8,213,0,1,0
2025-02-12,Kadavanthra,9,187,0,1,0
2025-02-12,Kadavanthra,10,199,0,1,0
2025-02-12,Kadavanthra,11,88,0,0,0
2025-02-12,Kadavanthra,12,82,0,0,0
2025-02-12,Kadavanthra,13,93,0,0,0
2025-02-12,Kadavanthra,14,80,0,0,0
2025-02-12,Kadavanthra,15,75,0,0,0
2025-02-12,Kadavanthra,16,59,0,0,0
2025-02-12,Kadavanthra,17,195,0,0,1
2025-02-12,Kadavanthra,18,200,0,0,1
2025-02-12,Kadavanthra,19,178,0,0,1
2025-02-12,Kadavanthra,20,211,0,0,1
2025-02-12,Kadavanthra,21,76,0,0,0
2025-02-12,Kadavanthra,22,68,0,0,0
2025-02-12,Elamkulam,6,69,0,0,0
2025-02-12,Elamkulam,7,83,0,0,0
2025-02-12,Elamkulam,8,205,0,1,0
2025-02-12,Elamkulam,9,185,0,1,0
2025-02-12,Elamkulam,10,219,0,1,0
2025-02-12,Elamkulam,11,74,0,0,0
2025-02-12,Elamkulam,12,78,0,0,0
2025-02-12,Elamkulam,13,93,0,0,0
2025-02-12,Elamkulam,14,83,0,0,0
2025-02-12,Elamkulam,15,79,0,0,0
2025-02-12,Elamkulam,16,82,0,0,0
2025-02-12,Elamkulam,17,187,0,0,1
2025-02-12,Elamkulam,18,194,0,0,1
2025-02-12,Elamkulam,19,193,0,0,1
2025-02-12,Elamkulam,20,183,0,0,1
2025-02-12,Elamkulam,21,80,0,0,0
2025-02-12,Elamkulam,22,77,0,0,0
2025-02-12,Vyttila,6,73,0,0,0
2025-02-12,Vyttila,7,68,0,0,0
2025-02-12,Vyttila,8,197,0,1,0
2025-02-12,Vyttila,9,205,0,1,0
2025-02-12,Vyttila,10,201,0,1,0
2025-02-12,Vyttila,11,85,0,0,0
2025-02-12,Vyttila,12,88,0,0,0
2025-02-12,Vyttila,13,83,0,0,0
2025-02-12,Vyttila,14,85,0,0,0
2025-02-12,Vyttila,15,72,0,0,0
2025-02-12,Vyttila,16,68,0,0,0
2025-02-12,Vyttila,17,212,0,0,1
2025-02-12,Vyttila,18,194,0,0,1
2025-02-12,Vyttila,19,187,0,0,1
2025-02-12,Vyttila,20,201,0,0,1
2025-02-12,Vyttila,21,64,0,0,0
2025-02-12,Vyttila,22,69,0,0,0
2025-02-12,Thaikoodam,6,68,0,0,0
2025-02-12,Thaikoodam,7,63,0,0,0
2025-02-12,Thaikoodam,8,214,0,1,0
2025-02-12,Thaikoodam,9,191,0,1,0
2025-02-12,Thaikoodam,10,207,0,1,0
2025-02-12,Thaikoodam,11,80,0,0,0
2025-02-12,Thaikoodam,12,97,0,0,0
2025-02-12,Thaikoodam,13,78,0,0,0
2025-02-12,Thaikoodam,14,85,0,0,0
2025-02-12,Thaikoodam,15,78,0,0,0
2025-02-12,Thaikoodam,16,71,0,0,0
2025-02-12,Thaikoodam,17,207,0,0,1
2025-02-12,Thaikoodam,18,195,0,0,1
2025-02-12,Thaikoodam,19,189,0,0,1
2025-02-12,Thaikoodam,20,217,0,0,1
2025-02-12,Thaikoodam,21,90,0,0,0
2025-02-12,Thaikoodam,22,69,0,0,0
2025-02-12,Petta,6,71,0,0,0
2025-02-12,Petta,7,86,0,0,0
2025-02-12,Petta,8,196,0,1,0
2025-02-12,Petta,9,196,0,1,0
2025-02-12,Petta,10,180,0,1,0
2025-02-12,Petta,11,82,0,0,0
2025-02-12,Petta,12,78,0,0,0
2025-02-12,Petta,13,69,0,0,0
2025-02-12,Petta,14,74,0,0,0
2025-02-12,Petta,15,90,0,0,0
2025-02-12,Petta,16,78,0,0,0
2025-02-12,Petta,17,197,0,0,1
2025-02-12,Petta,18,219,0,0,1
2025-02-12,Petta,19,199,0,0,1
2025-02-12,Petta,20,198,0,0,1
2025-02-12,Petta,21,75,0,0,0
2025-02-12,Petta,22,84,0,0,0
2025-02-12,Vadakkekotta,6,86,0,0,0
2025-02-12,Vadakkekotta,7,77,0,0,0
2025-02-12,Vadakkekotta,8,184,0,1,0
2025-02-12,Vadakkekotta,9,202,0,1,0
2025-02-12,Vadakkekotta,10,199,0,1,0
2025-02-12,Vadakkekotta,11,76,0,0,0
2025-02-12,Vadakkekotta,12,78,0,0,0
2025-02-12,Vadakkekotta,13,86,0,0,0
2025-02-12,Vadakkekotta,14,102,0,0,0
2025-02-12,Vadakkekotta,15,95,0,0,0
2025-02-12,Vadakkekotta,16,77,0,0,0
2025-02-12,Vadakkekotta,17,185,0,0,1
2025-02-12,Vadakkekotta,18,196,0,0,1
2025-02-12,Vadakkekotta,19,201,0,0,1
2025-02-12,Vadakkekotta,20,229,0,0,1
2025-02-12,Vadakkekotta,21,89,0,0,0
2025-02-12,Vadakkekotta,22,66,0,0,0
2025-02-12,SN Junction,6,84,0,0,0
2025-02-12,SN Junction,7,77,0,0,0
2025-02-12,SN Junction,8,216,0,1,0
2025-02-12,SN Junction,9,194,0,1,0
2025-02-12,SN Junction,10,193,0,1,0
2025-02-12,SN Junction,11,88,0,0,0
2025-02-12,SN Junction,12,63,0,0,0
2025-02-12,SN Junction,13,77,0,0,0
2025-02-12,SN Junction,14,81,0,0,0
2025-02-12,SN Junction,15,98,0,0,0
2025-02-12,SN Junction,16,78,0,0,0
2025-02-12,SN Junction,17,198,0,0,1
2025-02-12,SN Junction,18,193,0,0,1
2025-02-12,SN Junction,19,191,0,0,1
2025-02-12,SN Junction,20,189,0,0,1
2025-02-12,SN Junction,21,94,0,0,0
2025-02-12,SN Junction,22,81,0,0,0
2025-02-12,Tripunithura Terminal,6,75,0,0,0
2025-02-12,Tripunithura Terminal,7,81,0,0,0
2025-02-12,Tripunithura Terminal,8,172,0,1,0
2025-02-12,Tripunithura Terminal,9,212,0,1,0
2025-02-12,Tripunithura Terminal,10,197,0,1,0
2025-02-12,Tripunithura Terminal,11,82,0,0,0
2025-02-12,Tripunithura Terminal,12,72,0,0,0
2025-02-12,Tripunithura Terminal,13,103,0,0,0
2025-02-12,Tripunithura Terminal,14,81,0,0,0
2025-02-12,Tripunithura Terminal,15,80,0,0,0
2025-02-12,Tripunithura Terminal,16,86,0,0,0
2025-02-12,Tripunithura Terminal,17,212,0,0,1
2025-02-12,Tripunithura Terminal,18,202,0,0,1
2025-02-12,Tripunithura Terminal,19,193,0,0,1
2025-02-12,Tripunithura Terminal,20,199,0,0,1
2025-02-12,Tripunithura Terminal,21,77,0,0,0
2025-02-12,Tripunithura Terminal,22,75,0,0,0
2025-02-19,Aluva,6,208,0,0,0
2025-02-19,Aluva,7,181,0,0,0
2025-02-19,Aluva,8,511,0,1,0
2025-02-19,Aluva,9,482,0,1,0
2025-02-19,Aluva,10,512,0,1,0
2025-02-19,Aluva,11,229,0,0,0
2025-02-19,Aluva,12,189,0,0,0
2025-02-19,Aluva,13,200,0,0,0
2025-02-19,Aluva,14,204,0,0,0
2025-02-19,Aluva,15,186,0,0,0
2025-02-19,Aluva,16,173,0,0,0
2025-02-19,Aluva,17,492,0,0,1
2025-02-19,Aluva,18,500,0,0,1
2025-02-19,Aluva,19,469,0,0,1
2025-02-19,Aluva,20,554,0,0,1
2025-02-19,Aluva,21,184,0,0,0
2025-02-19,Aluva,22,191,0,0,0
2025-02-19,Pulinchodu,6,76,0,0,0
2025-02-19,Pulinchodu,7,100,0,0,0
2025-02-19,Pulinchodu,8,210,0,1,0
2025-02-19,Pulinchodu,9,207,0,1,0
2025-02-19,Pulinchodu,10,199,0,1,0
2025-02-19,Pulinchodu,11,83,0,0,0
2025-02-19,Pulinchodu,12,82,0,0,0
2025-02-19,Pulinchodu,13,76,0,0,0
2025-02-19,Pulinchodu,14,76,0,0,0
2025-02-19,Pulinchodu,15,63,0,0,0
2025-02-19,Pulinchodu,16,84,0,0,0
2025-02-19,Pulinchodu,17,207,0,0,1
2025-02-19,Pulinchodu,18,201,0,0,1
2025-02-19,Pulinchodu,19,172,0,0,1
2025-02-19,Pulinchodu,20,179,0,0,1
2025-02-19,Pulinchodu,21,62,0,0,0
2025-02-19,Pulinchodu,22,80,0,0,0
2025-02-19,Companypady,6,75,0,0,0
2025-02-19,Companypady,7,84,0,0,0
2025-02-19,Companypady,8,198,0,1,0
2025-02-19,Companypady,9,210,0,1,0
2025-02-19,Companypady,10,205,0,1,0
2025-02-19,Companypady,11,76,0,0,0
2025-02-19,Companypady,12,84,0,0,0
2025-02-19,Companypady,13,68,0,0,0
2025-02-19,Companypady,14,78,0,0,0
2025-02-19,Companypady,15,66,0,0,0
2025-02-19,Companypady,16,87,0,0,0
2025-02-19,Companypady,17,188,0,0,1
2025-02-19,Companypady,18,191,0,0,1
2025-02-19,Companypady,19,212,0,0,1
2025-02-19,Companypady,20,229,0,0,1
2025-02-19,Companypady,21,69,0,0,0
2025-02-19,Companypady,22,90,0,0,0
2025-02-19,Ambattukavu,6,78,0,0,0
2025-02-19,Ambattukavu,7,84,0,0,0
2025-02-19,Ambattukavu,8,168,0,1,0
2025-02-19,Ambattukavu,9,177,0,1,0
2025-02-19,Ambattukavu,10,208,0,1,0
2025-02-19,Ambattukavu,11,86,0,0,0
2025-02-19,Ambattukavu,12,75,0,0,0
2025-02-19,Ambattukavu,13,84,0,0,0
2025-02-19,Ambattukavu,14,99,0,0,0
2025-02-19,Ambattukavu,15,82,0,0,0
2025-02-19,Ambattukavu,16,90,0,0,0
2025-02-19,Ambattukavu,17,209,0,0,1
2025-02-19,Ambattukavu,18,201,0,0,1
2025-02-19,Ambattukavu,19,210,0,0,1
2025-02-19,Ambattukavu,20,213,0,0,1
2025-02-19,Ambattukavu,21,75,0,0,0
2025-02-19,Ambattukavu,22,72,0,0,0
2025-02-19,Muttom,6,62,0,0,0
2025-02-19,Muttom,7,82,0,0,0
2025-02-19,Muttom,8,206,0,1,0
2025-02-19,Muttom,9,202,0,1,0
2025-02-19,Muttom,10,194,0,1,0
2025-02-19,Muttom,11,76,0,0,0
2025-02-19,Muttom,12,81,0,0,0
2025-02-19,Muttom,13,75,0,0,0
2025-02-19,Muttom,14,82,0,0,0
2025-02-19,Muttom,15,89,0,0,0
2025-02-19,Muttom,16,70,0,0,0
2025-02-19,Muttom,17,188,0,0,1
2025-02-19,Muttom,18,210,0,0,1
2025-02-19,Muttom,19,205,0,0,1
2025-02-19,Muttom,20,240,0,0,1
2025-02-19,Muttom,21,70,0,0,0
2025-02-19,Muttom,22,81,0,0,0
2025-02-19,Kalamassery,6,206,0,0,0
2025-02-19,Kalamassery,7,207,0,0,0
2025-02-19,Kalamassery,8,473,0,1,0
2025-02-19,Kalamassery,9,507,0,1,0
2025-02-19,Kalamassery,10,488,0,1,0
2025-02-19,Kalamassery,11,186,0,0,0
2025-02-19,Kalamassery,12,160,0,0,0
2025-02-19,Kalamassery,13,196,0,0,0
2025-02-19,Kalamassery,14,206,0,0,0
2025-02-19,Kalamassery,15,204,0,0,0
2025-02-19,Kalamassery,16,195,0,0,0
2025-02-19,Kalamassery,17,482,0,0,1
2025-02-19,Kalamassery,18,521,0,0,1
2025-02-19,Kalamassery,19,498,0,0,1
2025-02-19,Kalamassery,20,524,0,0,1
2025-02-19,Kalamassery,21,204,0,0,0
2025-02-19,Kalamassery,22,199,0,0,0
2025-02-19,CUSAT,6,83,0,0,0
2025-02-19,CUSAT,7,86,0,0,0
2025-02-19,CUSAT,8,179,0,1,0
2025-02-19,CUSAT,9,203,0,1,0
2025-02-19,CUSAT,10,193,0,1,0
2025-02-19,CUSAT,11,74,0,0,0
2025-02-19,CUSAT,12,72,0,0,0
2025-02-19,CUSAT,13,80,0,0,0
2025-02-19,CUSAT,14,88,0,0,0
2025-02-19,CUSAT,15,78,0,0,0
2025-02-19,CUSAT,16,99,0,0,0
2025-02-19,CUSAT,17,207,0,0,1
2025-02-19,CUSAT,18,214,0,0,1
2025-02-19,CUSAT,19,215,0,0,1
2025-02-19,CUSAT,20,180,0,0,1
2025-02-19,CUSAT,21,75,0,0,0
2025-02-19,CUSAT,22,78,0,0,0
2025-02-19,Pathadipalam,6,69,0,0,0
2025-02-19,Pathadipalam,7,77,0,0,0
2025-02-19,Pathadipalam,8,196,0,1,0
2025-02-19,Pathadipalam,9,207,0,1,0
2025-02-19,Pathadipalam,10,190,0,1,0
2025-02-19,Pathadipalam,11,88,0,0,0
2025-02-19,Pathadipalam,12,72,0,0,0
2025-02-19,Pathadipalam,13,73,0,0,0
2025-02-19,Pathadipalam,14,92,0,0,0
2025-02-19,Pathadipalam,15,81,0,0,0
2025-02-19,Pathadipalam,16,79,0,0,0
2025-02-19,Pathadipalam,17,210,0,0,1
2025-02-19,Pathadipalam,18,205,0,0,1
2025-02-19,Pathadipalam,19,197,0,0,1
2025-02-19,Pathadipalam,20,187,0,0,1
2025-02-19,Pathadipalam,21,85,0,0,0
2025-02-19,Pathadipalam,22,86,0,0,0
2025-02-19,Edappally,6,237,0,0,0
2025-02-19,Edappally,7,248,0,0,0
2025-02-19,Edappally,8,523,0,1,0
2025-02-19,Edappally,9,495,0,1,0
2025-02-19,Edappally,10,523,0,1,0
2025-02-19,Edappally,11,194,0,0,0
2025-02-19,Edappally,12,173,0,0,0
2025-02-19,Edappally,13,192,0,0,0
2025-02-19,Edappally,14,192,0,0,0
2025-02-19,Edappally,15,192,0,0,0
2025-02-19,Edappally,16,185,0,0,0
2025-02-19,Edappally,17,524,0,0,1
2025-02-19,Edappally,18,489,0,0,1
2025-02-19,Edappally,19,495,0,0,1
2025-02-19,Edappally,20,505,0,0,1
2025-02-19,Edappally,21,209,0,0,0
2025-02-19,Edappally,22,249,0,0,0
2025-02-19,Changampuzha Park,6,73,0,0,0
2025-02-19,Changampuzha Park,7,61,0,0,0
2025-02-19,Changampuzha Park,8,206,0,1,0
2025-02-19,Changampuzha Park,9,230,0,1,0
2025-02-19,Changampuzha Park,10,199,0,1,0
2025-02-19,Changampuzha Park,11,75,0,0,0
2025-02-19,Changampuzha Park,12,87,0,0,0
2025-02-19,Changampuzha Park,13,79,0,0,0
2025-02-19,Changampuzha Park,14,79,0,0,0
2025-02-19,Changampuzha Park,15,70,0,0,0
2025-02-19,Changampuzha Park,16,100,0,0,0
2025-02-19,Changampuzha Park,17,216,0,0,1
2025-02-19,Changampuzha Park,18,193,0,0,1
2025-02-19,Changampuzha Park,19,227,0,0,1
2025-02-19,Changampuzha Park,20,197,0,0,1
2025-02-19,Changampuzha Park,21,91,0,0,0
2025-02-19,Changampuzha Park,22,87,0,0,0
2025-02-19,Palarivattom,6,76,0,0,0
2025-02-19,Palarivattom,7,83,0,0,0
2025-02-19,Palarivattom,8,205,0,1,0
2025-02-19,Palarivattom,9,207,0,1,0
2025-02-19,Palarivattom,10,205,0,1,0
2025-02-19,Palarivattom,11,91,0,0,0
2025-02-19,Palarivattom,12,91,0,0,0
2025-02-19,Palarivattom,13,78,0,0,0
2025-02-19,Palarivattom,14,78,0,0,0
2025-02-19,Palarivattom,15,79,0,0,0
2025-02-19,Palarivattom,16,108,0,0,0
2025-02-19,Palarivattom,17,176,0,0,1
2025-02-19,Palarivattom,18,189,0,0,1
2025-02-19,Palarivattom,19,245,0,0,1
2025-02-19,Palarivattom,20,208,0,0,1
2025-02-19,Palarivattom,21,91,0,0,0
2025-02-19,Palarivattom,22,89,0,0,0
2025-02-19,JLN Stadium,6,86,0,0,0
2025-02-19,JLN Stadium,7,83,0,0,0
2025-02-19,JLN Stadium,8,201,0,1,0
2025-02-19,JLN Stadium,9,207,0,1,0
2025-02-19,JLN Stadium,10,216,0,1,0
2025-02-19,JLN Stadium,11,91,0,0,0
2025-02-19,JLN Stadium,12,71,0,0,0
2025-02-19,JLN Stadium,13,76,0,0,0
2025-02-19,JLN Stadium,14,86,0,0,0
2025-02-19,JLN Stadium,15,72,0,0,0
2025-02-19,JLN Stadium,16,89,0,0,0
2025-02-19,JLN Stadium,17,210,0,0,1
2025-02-19,JLN Stadium,18,201,0,0,1
2025-02-19,JLN Stadium,19,193,0,0,1
2025-02-19,JLN Stadium,20,191,0,0,1
2025-02-19,JLN Stadium,21,65,0,0,0
2025-02-19,JLN Stadium,22,95,0,0,0
2025-02-19,Kaloor Town Hall,6,96,0,0,0
2025-02-19,Kaloor Town Hall,7,71,0,0,0
2025-02-19,Kaloor Town Hall,8,196,0,1,0
2025-02-19,Kaloor Town Hall,9,206,0,1,0
2025-02-19,Kaloor Town Hall,10,197,0,1,0
2025-02-19,Kaloor Town Hall,11,78,0,0,0
2025-02-19,Kaloor Town Hall,12,87,0,0,0
2025-02-19,Kaloor Town Hall,13,76,0,0,0
2025-02-19,Kaloor Town Hall,14,73,0,0,0
2025-02-19,Kaloor Town Hall,15,65,0,0,0
2025-02-19,Kaloor Town Hall,16,81,0,0,0
2025-02-19,Kaloor Town Hall,17,188,0,0,1
2025-02-19,Kaloor Town Hall,18,213,0,0,1
2025-02-19,Kaloor Town Hall,19,208,0,0,1
2025-02-19,Kaloor Town Hall,20,186,0,0,1
2025-02-19,Kaloor Town Hall,21,76,0,0,0
2025-02-19,Kaloor Town Hall,22,76,0,0,0
2025-02-19,MG Road,6,210,0,0,0
2025-02-19,MG Road,7,224,0,0,0
2025-02-19,MG Road,8,530,0,1,0
2025-02-19,MG Road,9,523,0,1,0
2025-02-19,MG Road,10,516,0,1,0
2025-02-19,MG Road,11,191,0,0,0
2025-02-19,MG Road,12,188,0,0,0
2025-02-19,MG Road,13,207,0,0,0
2025-02-19,MG Road,14,209,0,0,0
2025-02-19,MG Road,15,207,0,0,0
2025-02-19,MG Road,16,235,0,0,0
2025-02-19,MG Road,17,501,0,0,1
2025-02-19,MG Road,18,492,0,0,1
2025-02-19,MG Road,19,471,0,0,1
2025-02-19,MG Road,20,500,0,0,1
2025-02-19,MG Road,21,187,0,0,0
2025-02-19,MG Road,22,188,0,0,0
2025-02-19,Maharaja's College,6,80,0,0,0
2025-02-19,Maharaja's College,7,80,0,0,0
2025-02-19,Maharaja's College,8,198,0,1,0
2025-02-19,Maharaja's College,9,172,0,1,0
2025-02-19,Maharaja's College,10,214,0,1,0
2025-02-19,Maharaja's College,11,70,0,0,0
2025-02-19,Maharaja's College,12,81,0,0,0
2025-02-19,Maharaja's College,13,66,0,0,0
2025-02-19,Maharaja's College,14,83,0,0,0
2025-02-19,Maharaja's College,15,90,0,0,0
2025-02-19,Maharaja's College,16,64,0,0,0
2025-02-19,Maharaja's College,17,216,0,0,1
2025-02-19,Maharaja's College,18,210,0,0,1
2025-02-19,Maharaja's College,19,206,0,0,1
2025-02-19,Maharaja's College,20,191,0,0,1
2025-02-19,Maharaja's College,21,66,0,0,0
2025-02-19,Maharaja's College,22,70,0,0,0
2025-02-19,Ernakulam South,6,189,0,0,0
2025-02-19,Ernakulam South,7,205,0,0,0
2025-02-19,Ernakulam South,8,446,0,1,0
2025-02-19,Ernakulam South,9,505,0,1,0
2025-02-19,Ernakulam South,10,487,0,1,0
2025-02-19,Ernakulam South,11,208,0,0,0
2025-02-19,Ernakulam South,12,210,0,0,0
2025-02-19,Ernakulam South,13,216,0,0,0
2025-02-19,Ernakulam South,14,209,0,0,0
2025-02-19,Ernakulam South,15,215,0,0,0
2025-02-19,Ernakulam South,16,212,0,0,0
2025-02-19,Ernakulam South,17,537,0,0,1
2025-02-19,Ernakulam South,18,477,0,0,1
2025-02-19,Ernakulam South,19,538,0,0,1
2025-02-19,Ernakulam South,20,485,0,0,1
2025-02-19,Ernakulam South,21,217,0,0,0
2025-02-19,Ernakulam South,22,205,0,0,0
2025-02-19,Kadavanthra,6,81,0,0,0
2025-02-19,Kadavanthra,7,87,0,0,0
2025-02-19,Kadavanthra,8,179,0,1,0
2025-02-19,Kadavanthra,9,216,0,1,0
2025-02-19,Kadavanthra,10,219,0,1,0
2025-02-19,Kadavanthra,11,72,0,0,0
2025-02-19,Kadavanthra,12,94,0,0,0
2025-02-19,Kadavanthra,13,72,0,0,0
2025-02-19,Kadavanthra,14,72,0,0,0
2025-02-19,Kadavanthra,15,63,0,0,0
2025-02-19,Kadavanthra,16,81,0,0,0
2025-02-19,Kadavanthra,17,195,0,0,1
2025-02-19,Kadavanthra,18,201,0,0,1
2025-02-19,Kadavanthra,19,216,0,0,1
2025-02-19,Kadavanthra,20,203,0,0,1
2025-02-19,Kadavanthra,21,65,0,0,0
2025-02-19,Kadavanthra,22,70,0,0,0
2025-02-19,Elamkulam,6,69,0,0,0
2025-02-19,Elamkulam,7,83,0,0,0
2025-02-19,Elamkulam,8,205,0,1,0
2025-02-19,Elamkulam,9,161,0,1,0
2025-02-19,Elamkulam,10,195,0,1,0
2025-02-19,Elamkulam,11,88,0,0,0
2025-02-19,Elamkulam,12,59,0,0,0
2025-02-19,Elamkulam,13,82,0,0,0
2025-02-19,Elamkulam,14,71,0,0,0
2025-02-19,Elamkulam,15,75,0,0,0
2025-02-19,Elamkulam,16,84,0,0,0
2025-02-19,Elamkulam,17,204,0,0,1
2025-02-19,Elamkulam,18,210,0,0,1
2025-02-19,Elamkulam,19,199,0,0,1
2025-02-19,Elamkulam,20,185,0,0,1
2025-02-19,Elamkulam,21,87,0,0,0
2025-02-19,Elamkulam,22,76,0,0,0
2025-02-19,Vyttila,6,95,0,0,0
2025-02-19,Vyttila,7,81,0,0,0
2025-02-19,Vyttila,8,194,0,1,0
2025-02-19,Vyttila,9,233,0,1,0
2025-02-19,Vyttila,10,197,0,1,0
2025-02-19,Vyttila,11,80,0,0,0
2025-02-19,Vyttila,12,106,0,0,0
2025-02-19,Vyttila,13,71,0,0,0
2025-02-19,Vyttila,14,75,0,0,0
2025-02-19,Vyttila,15,72,0,0,0
2025-02-19,Vyttila,16,93,0,0,0
2025-02-19,Vyttila,17,212,0,0,1
2025-02-19,Vyttila,18,186,0,0,1
2025-02-19,Vyttila,19,198,0,0,1
2025-02-19,Vyttila,20,226,0,0,1
2025-02-19,Vyttila,21,77,0,0,0
2025-02-19,Vyttila,22,90,0,0,0
2025-02-19,Thaikoodam,6,90,0,0,0
2025-02-19,Thaikoodam,7,76,0,0,0
2025-02-19,Thaikoodam,8,217,0,1,0
2025-02-19,Thaikoodam,9,200,0,1,0
2025-02-19,Thaikoodam,10,210,0,1,0
2025-02-19,Thaikoodam,11,94,0,0,0
2025-02-19,Thaikoodam,12,78,0,0,0
2025-02-19,Thaikoodam,13,76,0,0,0
2025-02-19,Thaikoodam,14,81,0,0,0
2025-02-19,Thaikoodam,15,95,0,0,0
2025-02-19,Thaikoodam,16,91,0,0,0
2025-02-19,Thaikoodam,17,212,0,0,1
2025-02-19,Thaikoodam,18,235,0,0,1
2025-02-19,Thaikoodam,19,179,0,0,1
2025-02-19,Thaikoodam,20,205,0,0,1
2025-02-19,Thaikoodam,21,72,0,0,0
2025-02-19,Thaikoodam,22,92,0,0,0
2025-02-19,Petta,6,71,0,0,0
2025-02-19,Petta,7,75,0,0,0
2025-02-19,Petta,8,205,0,1,0
2025-02-19,Petta,9,199,0,1,0
2025-02-19,Petta,10,203,0,1,0
2025-02-19,Petta,11,78,0,0,0
2025-02-19,Petta,12,92,0,0,0
2025-02-19,Petta,13,90,0,0,0
2025-02-19,Petta,14,73,0,0,0
2025-02-19,Petta,15,74,0,0,0
2025-02-19,Petta,16,91,0,0,0
2025-02-19,Petta,17,205,0,0,1
2025-02-19,Petta,18,216,0,0,1
2025-02-19,Petta,19,189,0,0,1
2025-02-19,Petta,20,200,0,0,1
2025-02-19,Petta,21,81,0,0,0
2025-02-19,Petta,22,90,0,0,0
2025-02-19,Vadakkekotta,6,87,0,0,0
2025-02-19,Vadakkekotta,7,90,0,0,0
2025-02-19,Vadakkekotta,8,216,0,1,0
2025-02-19,Vadakkekotta,9,214,0,1,0
2025-02-19,Vadakkekotta,10,184,0,1,0
2025-02-19,Vadakkekotta,11,86,0,0,0
2025-02-19,Vadakkekotta,12,78,0,0,0
2025-02-19,Vadakkekotta,13,98,0,0,0
2025-02-19,Vadakkekotta,14,80,0,0,0
2025-02-19,Vadakkekotta,15,71,0,0,0
2025-02-19,Vadakkekotta,16,69,0,0,0
2025-02-19,Vadakkekotta,17,207,0,0,1
2025-02-19,Vadakkekotta,18,213,0,0,1
2025-02-19,Vadakkekotta,19,196,0,0,1
2025-02-19,Vadakkekotta,20,207,0,0,1
2025-02-19,Vadakkekotta,21,67,0,0,0
2025-02-19,Vadakkekotta,22,83,0,0,0
2025-02-19,SN Junction,6,82,0,0,0
2025-02-19,SN Junction,7,70,0,0,0
2025-02-19,SN Junction,8,203,0,1,0
2025-02-19,SN Junction,9,206,0,1,0
2025-02-19,SN Junction,10,194,0,1,0
2025-02-19,SN Junction,11,73,0,0,0
2025-02-19,SN Junction,12,82,0,0,0
2025-02-19,SN Junction,13,92,0,0,0
2025-02-19,SN Junction,14,88,0,0,0
2025-02-19,SN Junction,15,73,0,0,0
2025-02-19,SN Junction,16,76,0,0,0
2025-02-19,SN Junction,17,202,0,0,1
2025-02-19,SN Junction,18,222,0,0,1
2025-02-19,SN Junction,19,199,0,0,1
2025-02-19,SN Junction,20,215,0,0,1
2025-02-19,SN Junction,21,73,0,0,0
2025-02-19,SN Junction,22,85,0,0,0
2025-02-19,Tripunithura Terminal,6,85,0,0,0
2025-02-19,Tripunithura Terminal,7,83,0,0,0
2025-02-19,Tripunithura Terminal,8,214,0,1,0
2025-02-19,Tripunithura Terminal,9,209,0,1,0
2025-02-19,Tripunithura Terminal,10,189,0,1,0
2025-02-19,Tripunithura Terminal,11,88,0,0,0
2025-02-19,Tripunithura Terminal,12,87,0,0,0
2025-02-19,Tripunithura Terminal,13,73,0,0,0
2025-02-19,Tripunithura Terminal,14,81,0,0,0
2025-02-19,Tripunithura Terminal,15,79,0,0,0
2025-02-19,Tripunithura Terminal,16,82,0,0,0
2025-02-19,Tripunithura Terminal,17,193,0,0,1
2025-02-19,Tripunithura Terminal,18,200,0,0,1
2025-02-19,Tripunithura Terminal,19,231,0,0,1
2025-02-19,Tripunithura Terminal,20,199,0,0,1
2025-02-19,Tripunithura Terminal,21,81,0,0,0
2025-02-19,Tripunithura Terminal,22,69,0,0,0
2025-02-26,Aluva,6,210,0,0,0
2025-02-26,Aluva,7,197,0,0,0
2025-02-26,Aluva,8,506,0,1,0
2025-02-26,Aluva,9,472,0,1,0
2025-02-26,Aluva,10,476,0,1,0
2025-02-26,Aluva,11,207,0,0,0
2025-02-26,Aluva,12,189,0,0,0
2025-02-26,Aluva,13,199,0,0,0
2025-02-26,Aluva,14,219,0,0,0
2025-02-26,Aluva,15,223,0,0,0
2025-02-26,Aluva,16,197,0,0,0
2025-02-26,Aluva,17,515,0,0,1
2025-02-26,Aluva,18,512,0,0,1
2025-02-26,Aluva,19,492,0,0,1
2025-02-26,Aluva,20,472,0,0,1
2025-02-26,Aluva,21,203,0,0,0
2025-02-26,Aluva,22,197,0,0,0
2025-02-26,Pulinchodu,6,82,0,0,0
2025-02-26,Pulinchodu,7,78,0,0,0
2025-02-26,Pulinchodu,8,207,0,1,0
2025-02-26,Pulinchodu,9,210,0,1,0
2025-02-26,Pulinchodu,10,207,0,1,0
2025-02-26,Pulinchodu,11,76,0,0,0
2025-02-26,Pulinchodu,12,91,0,0,0
2025-02-26,Pulinchodu,13,78,0,0,0
2025-02-26,Pulinchodu,14,85,0,0,0
2025-02-26,Pulinchodu,15,82,0,0,0
2025-02-26,Pulinchodu,16,76,0,0,0
2025-02-26,Pulinchodu,17,196,0,0,1
2025-02-26,Pulinchodu,18,180,0,0,1
2025-02-26,Pulinchodu,19,177,0,0,1
2025-02-26,Pulinchodu,20,216,0,0,1
2025-02-26,Pulinchodu,21,82,0,0,0
2025-02-26,Pulinchodu,22,79,0,0,0
2025-02-26,Companypady,6,75,0,0,0
2025-02-26,Companypady,7,81,0,0,0
2025-02-26,Companypady,8,200,0,1,0
2025-02-26,Companypady,9,225,0,1,0
2025-02-26,Companypady,10,216,0,1,0
2025-02-26,Companypady,11,83,0,0,0
2025-02-26,Companypady,12,68,0,0,0
2025-02-26,Companypady,13,93,0,0,0
2025-02-26,Companypady,14,88,0,0,0
2025-02-26,Companypady,15,71,0,0,0
2025-02-26,Companypady,16,77,0,0,0
2025-02-26,Companypady,17,190,0,0,1
2025-02-26,Companypady,18,201,0,0,1
2025-02-26,Companypady,19,217,0,0,1
2025-02-26,Companypady,20,195,0,0,1
2025-02-26,Companypady,21,78,0,0,0
2025-02-26,Companypady,22,65,0,0,0
2025-02-26,Ambattukavu,6,71,0,0,0
2025-02-26,Ambattukavu,7,93,0,0,0
2025-02-26,Ambattukavu,8,203,0,1,0
2025-02-26,Ambattukavu,9,207,0,1,0
2025-02-26,Ambattukavu,10,193,0,1,0
2025-02-26,Ambattukavu,11,67,0,0,0
2025-02-26,Ambattukavu,12,71,0,0,0
2025-02-26,Ambattukavu,13,72,0,0,0
2025-02-26,Ambattukavu,14,81,0,0,0
2025-02-26,Ambattukavu,15,78,0,0,0
2025-02-26,Ambattukavu,16,92,0,0,0
2025-02-26,Ambattukavu,17,226,0,0,1
2025-02-26,Ambattukavu,18,214,0,0,1
2025-02-26,Ambattukavu,19,180,0,0,1
2025-02-26,Ambattukavu,20,206,0,0,1
2025-02-26,Ambattukavu,21,86,0,0,0
2025-02-26,Ambattukavu,22,80,0,0,0
2025-02-26,Muttom,6,69,0,0,0
2025-02-26,Muttom,7,72,0,0,0
2025-02-26,Muttom,8,197,0,1,0
2025-02-26,Muttom,9,184,0,1,0
2025-02-26,Muttom,10,203,0,1,0
2025-02-26,Muttom,11,75,0,0,0
2025-02-26,Muttom,12,86,0,0,0
2025-02-26,Muttom,13,80,0,0,0
2025-02-26,Muttom,14,91,0,0,0
2025-02-26,Muttom,15,91,0,0,0
2025-02-26,Muttom,16,71,0,0,0
2025-02-26,Muttom,17,203,0,0,1
2025-02-26,Muttom,18,200,0,0,1
2025-02-26,Muttom,19,205,0,0,1
2025-02-26,Muttom,20,208,0,0,1
2025-02-26,Muttom,21,80,0,0,0
2025-02-26,Muttom,22,94,0,0,0
2025-02-26,Kalamassery,6,204,0,0,0
2025-02-26,Kalamassery,7,192,0,0,0
2025-02-26,Kalamassery,8,537,0,1,0
2025-02-26,Kalamassery,9,471,0,1,0
2025-02-26,Kalamassery,10,508,0,1,0
2025-02-26,Kalamassery,11,202,0,0,0
2025-02-26,Kalamassery,12,204,0,0,0
2025-02-26,Kalamassery,13,199,0,0,0
2025-02-26,Kalamassery,14,220,0,0,0
2025-02-26,Kalamassery,15,207,0,0,0
2025-02-26,Kalamassery,16,179,0,0,0
2025-02-26,Kalamassery,17,495,0,0,1
2025-02-26,Kalamassery,18,514,0,0,1
2025-02-26,Kalamassery,19,519,0,0,1
2025-02-26,Kalamassery,20,495,0,0,1
2025-02-26,Kalamassery,21,191,0,0,0
2025-02-26,Kalamassery,22,202,0,0,0
2025-02-26,CUSAT,6,70,0,0,0
2025-02-26,CUSAT,7,82,0,0,0
2025-02-26,CUSAT,8,201,0,1,0
2025-02-26,CUSAT,9,225,0,1,0
2025-02-26,CUSAT,10,206,0,1,0
2025-02-26,CUSAT,11,71,0,0,0
2025-02-26,CUSAT,12,77,0,0,0
2025-02-26,CUSAT,13,74,0,0,0
2025-02-26,CUSAT,14,80,0,0,0
2025-02-26,CUSAT,15,89,0,0,0
2025-02-26,CUSAT,16,73,0,0,0
2025-02-26,CUSAT,17,202,0,0,1
2025-02-26,CUSAT,18,203,0,0,1
2025-02-26,CUSAT,19,184,0,0,1
2025-02-26,CUSAT,20,183,0,0,1
2025-02-26,CUSAT,21,73,0,0,0
2025-02-26,CUSAT,22,85,0,0,0
2025-02-26,Pathadipalam,6,84,0,0,0
2025-02-26,Pathadipalam,7,78,0,0,0
2025-02-26,Pathadipalam,8,201,0,1,0
2025-02-26,Pathadipalam,9,201,0,1,0
2025-02-26,Pathadipalam,10,200,0,1,0
2025-02-26,Pathadipalam,11,72,0,0,0
2025-02-26,Pathadipalam,12,81,0,0,0
2025-02-26,Pathadipalam,13,76,0,0,0
2025-02-26,Pathadipalam,14,88,0,0,0
2025-02-26,Pathadipalam,15,82,0,0,0
2025-02-26,Pathadipalam,16,89,0,0,0
2025-02-26,Pathadipalam,17,187,0,0,1
2025-02-26,Pathadipalam,18,210,0,0,1
2025-02-26,Pathadipalam,19,218,0,0,1
2025-02-26,Pathadipalam,20,195,0,0,1
2025-02-26,Pathadipalam,21,81,0,0,0
2025-02-26,Pathadipalam,22,75,0,0,0
2025-02-26,Edappally,6,185,0,0,0
2025-02-26,Edappally,7,205,0,0,0
2025-02-26,Edappally,8,531,0,1,0
2025-02-26,Edappally,9,523,0,1,0
2025-02-26,Edappally,10,513,0,1,0
2025-02-26,Edappally,11,225,0,0,0
2025-02-26,Edappally,12,188,0,0,0
2025-02-26,Edappally,13,203,0,0,0
2025-02-26,Edappally,14,204,0,0,0
2025-02-26,Edappally,15,198,0,0,0
2025-02-26,Edappally,16,207,0,0,0
2025-02-26,Edappally,17,466,0,0,1
2025-02-26,Edappally,18,528,0,0,1
2025-02-26,Edappally,19,532,0,0,1
2025-02-26,Edappally,20,508,0,0,1
2025-02-26,Edappally,21,166,0,0,0
2025-02-26,Edappally,22,219,0,0,0
2025-02-26,Changampuzha Park,6,86,0,0,0
2025-02-26,Changampuzha Park,7,77,0,0,0
2025-02-26,Changampuzha Park,8,200,0,1,0
2025-02-26,Changampuzha Park,9,200,0,1,0
2025-02-26,Changampuzha Park,10,204,0,1,0
2025-02-26,Changampuzha Park,11,67,0,0,0
2025-02-26,Changampuzha Park,12,76,0,0,0
2025-02-26,Changampuzha Park,13,93,0,0,0
2025-02-26,Changampuzha Park,14,88,0,0,0
2025-02-26,Changampuzha Park,15,93,0,0,0
2025-02-26,Changampuzha Park,16,87,0,0,0
2025-02-26,Changampuzha Park,17,195,0,0,1
2025-02-26,Changampuzha Park,18,200,0,0,1
2025-02-26,Changampuzha Park,19,179,0,0,1
2025-02-26,Changampuzha Park,20,196,0,0,1
2025-02-26,Changampuzha Park,21,79,0,0,0
2025-02-26,Changampuzha Park,22,103,0,0,0
2025-02-26,Palarivattom,6,89,0,0,0
2025-02-26,Palarivattom,7,87,0,0,0
2025-02-26,Palarivattom,8,220,0,1,0
2025-02-26,Palarivattom,9,188,0,1,0
2025-02-26,Palarivattom,10,175,0,1,0
2025-02-26,Palarivattom,11,86,0,0,0
2025-02-26,Palarivattom,12,72,0,0,0
2025-02-26,Palarivattom,13,81,0,0,0
2025-02-26,Palarivattom,14,82,0,0,0
2025-02-26,Palarivattom,15,80,0,0,0
2025-02-26,Palarivattom,16,88,0,0,0
2025-02-26,Palarivattom,17,200,0,0,1
2025-02-26,Palarivattom,18,175,0,0,1
2025-02-26,Palarivattom,19,180,0,0,1
2025-02-26,Palarivattom,20,197,0,0,1
2025-02-26,Palarivattom,21,74,0,0,0
2025-02-26,Palarivattom,22,89,0,0,0
2025-02-26,JLN Stadium,6,76,0,0,0
2025-02-26,JLN Stadium,7,86,0,0,0
2025-02-26,JLN Stadium,8,212,0,1,0
2025-02-26,JLN Stadium,9,206,0,1,0
2025-02-26,JLN Stadium,10,200,0,1,0
2025-02-26,JLN Stadium,11,73,0,0,0
2025-02-26,JLN Stadium,12,76,0,0,0
2025-02-26,JLN Stadium,13,67,0,0,0
2025-02-26,JLN Stadium,14,87,0,0,0
2025-02-26,JLN Stadium,15,76,0,0,0
2025-02-26,JLN Stadium,16,86,0,0,0
2025-02-26,JLN Stadium,17,215,0,0,1
2025-02-26,JLN Stadium,18,193,0,0,1
2025-02-26,JLN Stadium,19,209,0,0,1
2025-02-26,JLN Stadium,20,233,0,0,1
2025-02-26,JLN Stadium,21,90,0,0,0
2025-02-26,JLN Stadium,22,73,0,0,0
2025-02-26,Kaloor Town Hall,6,90,0,0,0
2025-02-26,Kaloor Town Hall,7,80,0,0,0
2025-02-26,Kaloor Town Hall,8,182,0,1,0
2025-02-26,Kaloor Town Hall,9,222,0,1,0
2025-02-26,Kaloor Town Hall,10,204,0,1,0
2025-02-26,Kaloor Town Hall,11,79,0,0,0
2025-02-26,Kaloor Town Hall,12,78,0,0,0
2025-02-26,Kaloor Town Hall,13,88,0,0,0
2025-02-26,Kaloor Town Hall,14,81,0,0,0
2025-02-26,Kaloor Town Hall,15,79,0,0,0
2025-02-26,Kaloor Town Hall,16,82,0,0,0
2025-02-26,Kaloor Town Hall,17,168,0,0,1
2025-02-26,Kaloor Town Hall,18,174,0,0,1
2025-02-26,Kaloor Town Hall,19,174,0,0,1
2025-02-26,Kaloor Town Hall,20,189,0,0,1
2025-02-26,Kaloor Town Hall,21,96,0,0,0
2025-02-26,Kaloor Town Hall,22,76,0,0,0
2025-02-26,MG Road,6,183,0,0,0
2025-02-26,MG Road,7,202,0,0,0
2025-02-26,MG Road,8,500,0,1,0
2025-02-26,MG Road,9,473,0,1,0
2025-02-26,MG Road,10,485,0,1,0
2025-02-26,MG Road,11,199,0,0,0
2025-02-26,MG Road,12,220,0,0,0
2025-02-26,MG Road,13,210,0,0,0
2025-02-26,MG Road,14,195,0,0,0
2025-02-26,MG Road,15,216,0,0,0
2025-02-26,MG Road,16,201,0,0,0
2025-02-26,MG Road,17,506,0,0,1
2025-02-26,MG Road,18,510,0,0,1
2025-02-26,MG Road,19,493,0,0,1
2025-02-26,MG Road,20,489,0,0,1
2025-02-26,MG Road,21,215,0,0,0
2025-02-26,MG Road,22,211,0,0,0
2025-02-26,Maharaja's College,6,67,0,0,0
2025-02-26,Maharaja's College,7,76,0,0,0
2025-02-26,Maharaja's College,8,188,0,1,0
2025-02-26,Maharaja's College,9,189,0,1,0
2025-02-26,Maharaja's College,10,186,0,1,0
2025-02-26,Maharaja's College,11,80,0,0,0
2025-02-26,Maharaja's College,12,88,0,0,0
2025-02-26,Maharaja's College,13,72,0,0,0
2025-02-26,Maharaja's College,14,94,0,0,0
2025-02-26,Maharaja's College,15,88,0,0,0
2025-02-26,Maharaja's College,16,90,0,0,0
2025-02-26,Maharaja's College,17,200,0,0,1
2025-02-26,Maharaja's College,18,199,0,0,1
2025-02-26,Maharaja's College,19,197,0,0,1
2025-02-26,Maharaja's College,20,223,0,0,1
2025-02-26,Maharaja's College,21,95,0,0,0
2025-02-26,Maharaja's College,22,87,0,0,0
2025-02-26,Ernakulam South,6,214,0,0,0
2025-02-26,Ernakulam South,7,204,0,0,0
2025-02-26,Ernakulam South,8,501,0,1,0
2025-02-26,Ernakulam South,9,499,0,1,0
2025-02-26,Ernakulam South,10,486,0,1,0
2025-02-26,Ernakulam South,11,214,0,0,0
2025-02-26,Ernakulam South,12,177,0,0,0
2025-02-26,Ernakulam South,13,206,0,0,0
2025-02-26,Ernakulam South,14,196,0,0,0
2025-02-26,Ernakulam South,15,189,0,0,0
2025-02-26,Ernakulam South,16,206,0,0,0
2025-02-26,Ernakulam South,17,476,0,0,1
2025-02-26,Ernakulam South,18,474,0,0,1
2025-02-26,Ernakulam South,19,495,0,0,1
2025-02-26,Ernakulam South,20,491,0,0,1
2025-02-26,Ernakulam South,21,230,0,0,0
2025-02-26,Ernakulam South,22,195,0,0,0
2025-02-26,Kadavanthra,6,93,0,0,0
2025-02-26,Kadavanthra,7,85,0,0,0
2025-02-26,Kadavanthra,8,187,0,1,0
2025-02-26,Kadavanthra,9,201,0,1,0
2025-02-26,Kadavanthra,10,217,0,1,0
2025-02-26,Kadavanthra,11,74,0,0,0
2025-02-26,Kadavanthra,12,80,0,0,0
2025-02-26,Kadavanthra,13,88,0,0,0
2025-02-26,Kadavanthra,14,75,0,0,0
2025-02-26,Kadavanthra,15,77,0,0,0
2025-02-26,Kadavanthra,16,88,0,0,0
2025-02-26,Kadavanthra,17,225,0,0,1
2025-02-26,Kadavanthra,18,183,0,0,1
2025-02-26,Kadavanthra,19,227,0,0,1
2025-02-26,Kadavanthra,20,196,0,0,1
2025-02-26,Kadavanthra,21,77,0,0,0
2025-02-26,Kadavanthra,22,80,0,0,0
2025-02-26,Elamkulam,6,81,0,0,0
2025-02-26,Elamkulam,7,76,0,0,0
2025-02-26,Elamkulam,8,215,0,1,0
2025-02-26,Elamkulam,9,191,0,1,0
2025-02-26,Elamkulam,10,204,0,1,0
2025-02-26,Elamkulam,11,85,0,0,0
2025-02-26,Elamkulam,12,69,0,0,0
2025-02-26,Elamkulam,13,95,0,0,0
2025-02-26,Elamkulam,14,69,0,0,0
2025-02-26,Elamkulam,15,98,0,0,0
2025-02-26,Elamkulam,16,90,0,0,0
2025-02-26,Elamkulam,17,187,0,0,1
2025-02-26,Elamkulam,18,174,0,0,1
2025-02-26,Elamkulam,19,196,0,0,1
2025-02-26,Elamkulam,20,181,0,0,1
2025-02-26,Elamkulam,21,86,0,0,0
2025-02-26,Elamkulam,22,88,0,0,0
2025-02-26,Vyttila,6,89,0,0,0
2025-02-26,Vyttila,7,80,0,0,0
2025-02-26,Vyttila,8,206,0,1,0
2025-02-26,Vyttila,9,199,0,1,0
2025-02-26,Vyttila,10,190,0,1,0
2025-02-26,Vyttila,11,78,0,0,0
2025-02-26,Vyttila,12,74,0,0,0
2025-02-26,Vyttila,13,75,0,0,0
2025-02-26,Vyttila,14,82,0,0,0
2025-02-26,Vyttila,15,80,0,0,0
2025-02-26,Vyttila,16,79,0,0,0
2025-02-26,Vyttila,17,218,0,0,1
2025-02-26,Vyttila,18,196,0,0,1
2025-02-26,Vyttila,19,198,0,0,1
2025-02-26,Vyttila,20,212,0,0,1
2025-02-26,Vyttila,21,63,0,0,0
2025-02-26,Vyttila,22,87,0,0,0
2025-02-26,Thaikoodam,6,78,0,0,0
2025-02-26,Thaikoodam,7,70,0,0,0
2025-02-26,Thaikoodam,8,208,0,1,0
2025-02-26,Thaikoodam,9,206,0,1,0
2025-02-26,Thaikoodam,10,228,0,1,0
2025-02-26,Thaikoodam,11,89,0,0,0
2025-02-26,Thaikoodam,12,63,0,0,0
2025-02-26,Thaikoodam,13,89,0,0,0
2025-02-26,Thaikoodam,14,83,0,0,0
2025-02-26,Thaikoodam,15,89,0,0,0
2025-02-26,Thaikoodam,16,80,0,0,0
2025-02-26,Thaikoodam,17,204,0,0,1
2025-02-26,Thaikoodam,18,204,0,0,1
2025-02-26,Thaikoodam,19,218,0,0,1
2025-02-26,Thaikoodam,20,178,0,0,1
2025-02-26,Thaikoodam,21,91,0,0,0
2025-02-26,Thaikoodam,22,82,0,0,0
2025-02-26,Petta,6,80,0,0,0
2025-02-26,Petta,7,85,0,0,0
2025-02-26,Petta,8,206,0,1,0
2025-02-26,Petta,9,201,0,1,0
2025-02-26,Petta,10,190,0,1,0
2025-02-26,Petta,11,84,0,0,0
2025-02-26,Petta,12,71,0,0,0
2025-02-26,Petta,13,78,0,0,0
2025-02-26,Petta,14,70,0,0,0
2025-02-26,Petta,15,83,0,0,0
2025-02-26,Petta,16,80,0,0,0
2025-02-26,Petta,17,199,0,0,1
2025-02-26,Petta,18,201,0,0,1
2025-02-26,Petta,19,187,0,0,1
2025-02-26,Petta,20,194,0,0,1
2025-02-26,Petta,21,80,0,0,0
2025-02-26,Petta,22,81,0,0,0
2025-02-26,Vadakkekotta,6,68,0,0,0
2025-02-26,Vadakkekotta,7,88,0,0,0
2025-02-26,Vadakkekotta,8,201,0,1,0
2025-02-26,Vadakkekotta,9,208,0,1,0
2025-02-26,Vadakkekotta,10,199,0,1,0
2025-02-26,Vadakkekotta,11,82,0,0,0
2025-02-26,Vadakkekotta,12,80,0,0,0
2025-02-26,Vadakkekotta,13,71,0,0,0
2025-02-26,Vadakkekotta,14,85,0,0,0
2025-02-26,Vadakkekotta,15,74,0,0,0
2025-02-26,Vadakkekotta,16,84,0,0,0
2025-02-26,Vadakkekotta,17,172,0,0,1
2025-02-26,Vadakkekotta,18,207,0,0,1
2025-02-26,Vadakkekotta,19,210,0,0,1
2025-02-26,Vadakkekotta,20,203,0,0,1
2025-02-26,Vadakkekotta,21,73,0,0,0
2025-02-26,Vadakkekotta,22,70,0,0,0
2025-02-26,SN Junction,6,77,0,0,0
2025-02-26,SN Junction,7,74,0,0,0
2025-02-26,SN Junction,8,198,0,1,0
2025-02-26,SN Junction,9,196,0,1,0
2025-02-26,SN Junction,10,212,0,1,0
2025-02-26,SN Junction,11,96,0,0,0
2025-02-26,SN Junction,12,86,0,0,0
2025-02-26,SN Junction,13,66,0,0,0
2025-02-26,SN Junction,14,94,0,0,0
2025-02-26,SN Junction,15,62,0,0,0
2025-02-26,SN Junction,16,74,0,0,0
2025-02-26,SN Junction,17,198,0,0,1
2025-02-26,SN Junction,18,210,0,0,1
2025-02-26,SN Junction,19,222,0,0,1
2025-02-26,SN Junction,20,211,0,0,1
2025-02-26,SN Junction,21,79,0,0,0
2025-02-26,SN Junction,22,62,0,0,0
2025-02-26,Tripunithura Terminal,6,72,0,0,0
2025-02-26,Tripunithura Terminal,7,78,0,0,0
2025-02-26,Tripunithura Terminal,8,207,0,1,0
2025-02-26,Tripunithura Terminal,9,194,0,1,0
2025-02-26,Tripunithura Terminal,10,193,0,1,0
2025-02-26,Tripunithura Terminal,11,82,0,0,0
2025-02-26,Tripunithura Terminal,12,81,0,0,0
2025-02-26,Tripunithura Terminal,13,79,0,0,0
2025-02-26,Tripunithura Terminal,14,75,0,0,0
2025-02-26,Tripunithura Terminal,15,79,0,0,0
2025-02-26,Tripunithura Terminal,16,70,0,0,0
2025-02-26,Tripunithura Terminal,17,185,0,0,1
2025-02-26,Tripunithura Terminal,18,181,0,0,1
2025-02-26,Tripunithura Terminal,19,190,0,0,1
2025-02-26,Tripunithura Terminal,20,189,0,0,1
2025-02-26,Tripunithura Terminal,21,70,0,0,0
2025-02-26,Tripunithura Terminal,22,72,0,0,0
2025-03-05,Aluva,6,178,0,0,0
2025-03-05,Aluva,7,210,0,0,0
2025-03-05,Aluva,8,550,0,1,0
2025-03-05,Aluva,9,466,0,1,0
2025-03-05,Aluva,10,489,0,1,0
2025-03-05,Aluva,11,188,0,0,0
2025-03-05,Aluva,12,195,0,0,0
2025-03-05,Aluva,13,224,0,0,0
2025-03-05,Aluva,14,215,0,0,0
2025-03-05,Aluva,15,201,0,0,0
2025-03-05,Aluva,16,205,0,0,0
2025-03-05,Aluva,17,475,0,0,1
2025-03-05,Aluva,18,470,0,0,1
2025-03-05,Aluva,19,514,0,0,1
2025-03-05,Aluva,20,468,0,0,1
2025-03-05,Aluva,21,231,0,0,0
2025-03-05,Aluva,22,184,0,0,0
2025-03-05,Pulinchodu,6,72,0,0,0
2025-03-05,Pulinchodu,7,95,0,0,0
2025-03-05,Pulinchodu,8,192,0,1,0
2025-03-05,Pulinchodu,9,201,0,1,0
2025-03-05,Pulinchodu,10,208,0,1,0
2025-03-05,Pulinchodu,11,74,0,0,0
2025-03-05,Pulinchodu,12,64,0,0,0
2025-03-05,Pulinchodu,13,84,0,0,0
2025-03-05,Pulinchodu,14,84,0,0,0
2025-03-05,Pulinchodu,15,85,0,0,0
2025-03-05,Pulinchodu,16,101,0,0,0
2025-03-05,Pulinchodu,17,205,0,0,1
2025-03-05,Pulinchodu,18,197,0,0,1
2025-03-05,Pulinchodu,19,176,0,0,1
2025-03-05,Pulinchodu,20,180,0,0,1
2025-03-05,Pulinchodu,21,78,0,0,0
2025-03-05,Pulinchodu,22,74,0,0,0
2025-03-05,Companypady,6,87,0,0,0
2025-03-05,Companypady,7,83,0,0,0
2025-03-05,Companypady,8,196,0,1,0
2025-03-05,Companypady,9,206,0,1,0
2025-03-05,Companypady,10,187,0,1,0
2025-03-05,Companypady,11,93,0,0,0
2025-03-05,Companypady,12,73,0,0,0
2025-03-05,Companypady,13,91,0,0,0
2025-03-05,Companypady,14,72,0,0,0
2025-03-05,Companypady,15,71,0,0,0
2025-03-05,Companypady,16,73,0,0,0
2025-03-05,Companypady,17,242,0,0,1
2025-03-05,Companypady,18,201,0,0,1
2025-03-05,Companypady,19,193,0,0,1
2025-03-05,Companypady,20,194,0,0,1
2025-03-05,Companypady,21,81,0,0,0
2025-03-05,Companypady,22,95,0,0,0
2025-03-05,Ambattukavu,6,77,0,0,0
2025-03-05,Ambattukavu,7,107,0,0,0
2025-03-05,Ambattukavu,8,186,0,1,0
2025-03-05,Ambattukavu,9,202,0,1,0
2025-03-05,Ambattukavu,10,200,0,1,0
2025-03-05,Ambattukavu,11,86,0,0,0
2025-03-05,Ambattukavu,12,101,0,0,0
2025-03-05,Ambattukavu,13,70,0,0,0
2025-03-05,Ambattukavu,14,79,0,0,0
2025-03-05,Ambattukavu,15,101,0,0,0
2025-03-05,Ambattukavu,16,82,0,0,0
2025-03-05,Ambattukavu,17,210,0,0,1
2025-03-05,Ambattukavu,18,205,0,0,1
2025-03-05,Ambattukavu,19,203,0,0,1
2025-03-05,Ambattukavu,20,189,0,0,1
2025-03-05,Ambattukavu,21,72,0,0,0
2025-03-05,Ambattukavu,22,83,0,0,0
2025-03-05,Muttom,6,72,0,0,0
2025-03-05,Muttom,7,68,0,0,0
2025-03-05,Muttom,8,211,0,1,0
2025-03-05,Muttom,9,213,0,1,0
2025-03-05,Muttom,10,195,0,1,0
2025-03-05,Muttom,11,84,0,0,0
2025-03-05,Muttom,12,90,0,0,0
2025-03-05,Muttom,13,72,0,0,0
2025-03-05,Muttom,14,76,0,0,0
2025-03-05,Muttom,15,72,0,0,0
2025-03-05,Muttom,16,65,0,0,0
2025-03-05,Muttom,17,184,0,0,1
2025-03-05,Muttom,18,209,0,0,1
2025-03-05,Muttom,19,200,0,0,1
2025-03-05,Muttom,20,213,0,0,1
2025-03-05,Muttom,21,82,0,0,0
2025-03-05,Muttom,22,82,0,0,0
2025-03-05,Kalamassery,6,183,0,0,0
2025-03-05,Kalamassery,7,192,0,0,0
2025-03-05,Kalamassery,8,477,0,1,0
2025-03-05,Kalamassery,9,501,0,1,0
2025-03-05,Kalamassery,10,511,0,1,0
2025-03-05,Kalamassery,11,225,0,0,0
2025-03-05,Kalamassery,12,196,0,0,0
2025-03-05,Kalamassery,13,208,0,0,0
2025-03-05,Kalamassery,14,186,0,0,0
2025-03-05,Kalamassery,15,196,0,0,0
2025-03-05,Kalamassery,16,180,0,0,0
2025-03-05,Kalamassery,17,506,0,0,1
2025-03-05,Kalamassery,18,491,0,0,1
2025-03-05,Kalamassery,19,527,0,0,1
2025-03-05,Kalamassery,20,504,0,0,1
2025-03-05,Kalamassery,21,214,0,0,0
2025-03-05,Kalamassery,22,186,0,0,0
2025-03-05,CUSAT,6,81,0,0,0
2025-03-05,CUSAT,7,75,0,0,0
2025-03-05,CUSAT,8,226,0,1,0
2025-03-05,CUSAT,9,209,0,1,0
2025-03-05,CUSAT,10,201,0,1,0
2025-03-05,CUSAT,11,79,0,0,0
2025-03-05,CUSAT,12,80,0,0,0
2025-03-05,CUSAT,13,87,0,0,0
2025-03-05,CUSAT,14,70,0,0,0
2025-03-05,CUSAT,15,91,0,0,0
2025-03-05,CUSAT,16,86,0,0,0
2025-03-05,CUSAT,17,198,0,0,1
2025-03-05,CUSAT,18,224,0,0,1
2025-03-05,CUSAT,19,215,0,0,1
2025-03-05,CUSAT,20,219,0,0,1
2025-03-05,CUSAT,21,98,0,0,0
2025-03-05,CUSAT,22,69,0,0,0
2025-03-05,Pathadipalam,6,89,0,0,0
2025-03-05,Pathadipalam,7,87,0,0,0
2025-03-05,Pathadipalam,8,205,0,1,0
2025-03-05,Pathadipalam,9,199,0,1,0
2025-03-05,Pathadipalam,10,200,0,1,0
2025-03-05,Pathadipalam,11,71,0,0,0
2025-03-05,Pathadipalam,12,67,0,0,0
2025-03-05,Pathadipalam,13,81,0,0,0
2025-03-05,Pathadipalam,14,90,0,0,0
2025-03-05,Pathadipalam,15,73,0,0,0
2025-03-05,Pathadipalam,16,88,0,0,0
2025-03-05,Pathadipalam,17,192,0,0,1
2025-03-05,Pathadipalam,18,189,0,0,1
2025-03-05,Pathadipalam,19,164,0,0,1
2025-03-05,Pathadipalam,20,196,0,0,1
2025-03-05,Pathadipalam,21,73,0,0,0
2025-03-05,Pathadipalam,22,85,0,0,0
2025-03-05,Edappally,6,213,0,0,0
2025-03-05,Edappally,7,193,0,0,0
2025-03-05,Edappally,8,499,0,1,0
2025-03-05,Edappally,9,509,0,1,0
2025-03-05,Edappally,10,492,0,1,0
2025-03-05,Edappally,11,189,0,0,0
2025-03-05,Edappally,12,241,0,0,0
2025-03-05,Edappally,13,193,0,0,0
2025-03-05,Edappally,14,213,0,0,0
2025-03-05,Edappally,15,184,0,0,0
2025-03-05,Edappally,16,203,0,0,0
2025-03-05,Edappally,17,516,0,0,1
2025-03-05,Edappally,18,505,0,0,1
2025-03-05,Edappally,19,520,0,0,1
2025-03-05,Edappally,20,562,0,0,1
2025-03-05,Edappally,21,215,0,0,0
2025-03-05,Edappally,22,211,0,0,0
2025-03-05,Changampuzha Park,6,62,0,0,0
2025-03-05,Changampuzha Park,7,71,0,0,0
2025-03-05,Changampuzha Park,8,193,0,1,0
2025-03-05,Changampuzha Park,9,187,0,1,0
2025-03-05,Changampuzha Park,10,207,0,1,0
2025-03-05,Changampuzha Park,11,100,0,0,0
2025-03-05,Changampuzha Park,12,87,0,0,0
2025-03-05,Changampuzha Park,13,64,0,0,0
2025-03-05,Changampuzha Park,14,78,0,0,0
2025-03-05,Changampuzha Park,15,85,0,0,0
2025-03-05,Changampuzha Park,16,67,0,0,0
2025-03-05,Changampuzha Park,17,206,0,0,1
2025-03-05,Changampuzha Park,18,202,0,0,1
2025-03-05,Changampuzha Park,19,197,0,0,1
2025-03-05,Changampuzha Park,20,220,0,0,1
2025-03-05,Changampuzha Park,21,84,0,0,0
2025-03-05,Changampuzha Park,22,73,0,0,0
2025-03-05,Palarivattom,6,97,0,0,0
2025-03-05,Palarivattom,7,80,0,0,0
2025-03-05,Palarivattom,8,190,0,1,0
2025-03-05,Palarivattom,9,203,0,1,0
2025-03-05,Palarivattom,10,198,0,1,0
2025-03-05,Palarivattom,11,83,0,0,0
2025-03-05,Palarivattom,12,79,0,0,0
2025-03-05,Palarivattom,13,91,0,0,0
2025-03-05,Palarivattom,14,67,0,0,0
2025-03-05,Palarivattom,15,84,0,0,0
2025-03-05,Palarivattom,16,66,0,0,0
2025-03-05,Palarivattom,17,199,0,0,1
2025-03-05,Palarivattom,18,212,0,0,1
2025-03-05,Palarivattom,19,207,0,0,1
2025-03-05,Palarivattom,20,198,0,0,1
2025-03-05,Palarivattom,21,94,0,0,0
2025-03-05,Palarivattom,22,75,0,0,0
2025-03-05,JLN Stadium,6,69,0,0,0
2025-03-05,JLN Stadium,7,90,0,0,0
2025-03-05,JLN Stadium,8,178,0,1,0
2025-03-05,JLN Stadium,9,221,0,1,0
2025-03-05,JLN Stadium,10,211,0,1,0
2025-03-05,JLN Stadium,11,92,0,0,0
2025-03-05,JLN Stadium,12,92,0,0,0
2025-03-05,JLN Stadium,13,62,0,0,0
2025-03-05,JLN Stadium,14,83,0,0,0
2025-03-05,JLN Stadium,15,74,0,0,0
2025-03-05,JLN Stadium,16,78,0,0,0
2025-03-05,JLN Stadium,17,197,0,0,1
2025-03-05,JLN Stadium,18,208,0,0,1
2025-03-05,JLN Stadium,19,208,0,0,1
2025-03-05,JLN Stadium,20,198,0,0,1
2025-03-05,JLN Stadium,21,85,0,0,0
2025-03-05,JLN Stadium,22,69,0,0,0
2025-03-05,Kaloor Town Hall,6,78,0,0,0
2025-03-05,Kaloor Town Hall,7,72,0,0,0
2025-03-05,Kaloor Town Hall,8,186,0,1,0
2025-03-05,Kaloor Town Hall,9,186,0,1,0
2025-03-05,Kaloor Town Hall,10,210,0,1,0
2025-03-05,Kaloor Town Hall,11,78,0,0,0
2025-03-05,Kaloor Town Hall,12,93,0,0,0
2025-03-05,Kaloor Town Hall,13,79,0,0,0
2025-03-05,Kaloor Town Hall,14,75,0,0,0
2025-03-05,Kaloor Town Hall,15,73,0,0,0
2025-03-05,Kaloor Town Hall,16,80,0,0,0
2025-03-05,Kaloor Town Hall,17,198,0,0,1
2025-03-05,Kaloor Town Hall,18,192,0,0,1
2025-03-05,Kaloor Town Hall,19,214,0,0,1
2025-03-05,Kaloor Town Hall,20,201,0,0,1
2025-03-05,Kaloor Town Hall,21,66,0,0,0
2025-03-05,Kaloor Town Hall,22,75,0,0,0
2025-03-05,MG Road,6,229,0,0,0
2025-03-05,MG Road,7,213,0,0,0
2025-03-05,MG Road,8,497,0,1,0
2025-03-05,MG Road,9,517,0,1,0
2025-03-05,MG Road,10,472,0,1,0
2025-03-05,MG Road,11,175,0,0,0
2025-03-05,MG Road,12,187,0,0,0
2025-03-05,MG Road,13,201,0,0,0
2025-03-05,MG Road,14,183,0,0,0
2025-03-05,MG Road,15,223,0,0,0
2025-03-05,MG Road,16,206,0,0,0
2025-03-05,MG Road,17,520,0,0,1
2025-03-05,MG Road,18,448,0,0,1
2025-03-05,MG Road,19,514,0,0,1
2025-03-05,MG Road,20,524,0,0,1
2025-03-05,MG Road,21,184,0,0,0
2025-03-05,MG Road,22,192,0,0,0
2025-03-05,Maharaja's College,6,89,0,0,0
2025-03-05,Maharaja's College,7,84,0,0,0
2025-03-05,Maharaja's College,8,218,0,1,0
2025-03-05,Maharaja's College,9,204,0,1,0
2025-03-05,Maharaja's College,10,205,0,1,0
2025-03-05,Maharaja's College,11,64,0,0,0
2025-03-05,Maharaja's College,12,80,0,0,0
2025-03-05,Maharaja's College,13,82,0,0,0
2025-03-05,Maharaja's College,14,64,0,0,0
2025-03-05,Maharaja's College,15,74,0,0,0
2025-03-05,Maharaja's College,16,87,0,0,0
2025-03-05,Maharaja's College,17,194,0,0,1
2025-03-05,Maharaja's College,18,219,0,0,1
2025-03-05,Maharaja's College,19,220,0,0,1
2025-03-05,Maharaja's College,20,193,0,0,1
2025-03-05,Maharaja's College,21,89,0,0,0
2025-03-05,Maharaja's College,22,81,0,0,0
2025-03-05,Ernakulam South,6,209,0,0,0
2025-03-05,Ernakulam South,7,209,0,0,0
2025-03-05,Ernakulam South,8,559,0,1,0
2025-03-05,Ernakulam South,9,497,0,1,0
2025-03-05,Ernakulam South,10,488,0,1,0
2025-03-05,Ernakulam South,11,173,0,0,0
2025-03-05,Ernakulam South,12,179,0,0,0
2025-03-05,Ernakulam South,13,181,0,0,0
2025-03-05,Ernakulam South,14,210,0,0,0
2025-03-05,Ernakulam South,15,191,0,0,0
2025-03-05,Ernakulam South,16,204,0,0,0
2025-03-05,Ernakulam South,17,461,0,0,1
2025-03-05,Ernakulam South,18,517,0,0,1
2025-03-05,Ernakulam South,19,481,0,0,1
2025-03-05,Ernakulam South,20,498,0,0,1
2025-03-05,Ernakulam South,21,193,0,0,0
2025-03-05,Ernakulam South,22,196,0,0,0
2025-03-05,Kadavanthra,6,73,0,0,0
2025-03-05,Kadavanthra,7,96,0,0,0
2025-03-05,Kadavanthra,8,177,0,1,0
2025-03-05,Kadavanthra,9,171,0,1,0
2025-03-05,Kadavanthra,10,198,0,1,0
2025-03-05,Kadavanthra,11,82,0,0,0
2025-03-05,Kadavanthra,12,65,0,0,0
2025-03-05,Kadavanthra,13,91,0,0,0
2025-03-05,Kadavanthra,14,79,0,0,0
2025-03-05,Kadavanthra,15,79,0,0,0
2025-03-05,Kadavanthra,16,94,0,0,0
2025-03-05,Kadavanthra,17,203,0,0,1
2025-03-05,Kadavanthra,18,192,0,0,1
2025-03-05,Kadavanthra,19,213,0,0,1
2025-03-05,Kadavanthra,20,180,0,0,1
2025-03-05,Kadavanthra,21,73,0,0,0
2025-03-05,Kadavanthra,22,89,0,0,0
2025-03-05,Elamkulam,6,72,0,0,0
2025-03-05,Elamkulam,7,90,0,0,0
2025-03-05,Elamkulam,8,211,0,1,0
2025-03-05,Elamkulam,9,216,0,1,0
2025-03-05,Elamkulam,10,220,0,1,0
2025-03-05,Elamkulam,11,88,0,0,0
2025-03-05,Elamkulam,12,62,0,0,0
2025-03-05,Elamkulam,13,66,0,0,0
2025-03-05,Elamkulam,14,77,0,0,0
2025-03-05,Elamkulam,15,83,0,0,0
2025-03-05,Elamkulam,16,85,0,0,0
2025-03-05,Elamkulam,17,214,0,0,1
2025-03-05,Elamkulam,18,174,0,0,1
2025-03-05,Elamkulam,19,211,0,0,1
2025-03-05,Elamkulam,20,196,0,0,1
2025-03-05,Elamkulam,21,83,0,0,0
2025-03-05,Elamkulam,22,81,0,0,0
2025-03-05,Vyttila,6,88,0,0,0
2025-03-05,Vyttila,7,80,0,0,0
2025-03-05,Vyttila,8,170,0,1,0
2025-03-05,Vyttila,9,211,0,1,0
2025-03-05,Vyttila,10,198,0,1,0
2025-03-05,Vyttila,11,84,0,0,0
2025-03-05,Vyttila,12,77,0,0,0
2025-03-05,Vyttila,13,70,0,0,0
2025-03-05,Vyttila,14,88,0,0,0
2025-03-05,Vyttila,15,84,0,0,0
2025-03-05,Vyttila,16,95,0,0,0
2025-03-05,Vyttila,17,184,0,0,1
2025-03-05,Vyttila,18,216,0,0,1
2025-03-05,Vyttila,19,187,0,0,1
2025-03-05,Vyttila,20,169,0,0,1
2025-03-05,Vyttila,21,68,0,0,0
2025-03-05,Vyttila,22,71,0,0,0
2025-03-05,Thaikoodam,6,58,0,0,0
2025-03-05,Thaikoodam,7,66,0,0,0
2025-03-05,Thaikoodam,8,213,0,1,0
2025-03-05,Thaikoodam,9,182,0,1,0
2025-03-05,Thaikoodam,10,223,0,1,0
2025-03-05,Thaikoodam,11,77,0,0,0
2025-03-05,Thaikoodam,12,88,0,0,0
2025-03-05,Thaikoodam,13,81,0,0,0
2025-03-05,Thaikoodam,14,80,0,0,0
2025-03-05,Thaikoodam,15,88,0,0,0
2025-03-05,Thaikoodam,16,84,0,0,0
2025-03-05,Thaikoodam,17,204,0,0,1
2025-03-05,Thaikoodam,18,192,0,0,1
2025-03-05,Thaikoodam,19,195,0,0,1
2025-03-05,Thaikoodam,20,195,0,0,1
2025-03-05,Thaikoodam,21,75,0,0,0
2025-03-05,Thaikoodam,22,73,0,0,0
2025-03-05,Petta,6,68,0,0,0
2025-03-05,Petta,7,84,0,0,0
2025-03-05,Petta,8,195,0,1,0
2025-03-05,Petta,9,201,0,1,0
2025-03-05,Petta,10,177,0,1,0
2025-03-05,Petta,11,65,0,0,0
2025-03-05,Petta,12,92,0,0,0
2025-03-05,Petta,13,94,0,0,0
2025-03-05,Petta,14,74,0,0,0
2025-03-05,Petta,15,81,0,0,0
2025-03-05,Petta,16,71,0,0,0
2025-03-05,Petta,17,205,0,0,1
2025-03-05,Petta,18,197,0,0,1
2025-03-05,Petta,19,210,0,0,1
2025-03-05,Petta,20,220,0,0,1
2025-03-05,Petta,21,82,0,0,0
2025-03-05,Petta,22,78,0,0,0
2025-03-05,Vadakkekotta,6,86,0,0,0
2025-03-05,Vadakkekotta,7,83,0,0,0
2025-03-05,Vadakkekotta,8,172,0,1,0
2025-03-05,Vadakkekotta,9,205,0,1,0
2025-03-05,Vadakkekotta,10,205,0,1,0
2025-03-05,Vadakkekotta,11,76,0,0,0
2025-03-05,Vadakkekotta,12,82,0,0,0
2025-03-05,Vadakkekotta,13,79,0,0,0
2025-03-05,Vadakkekotta,14,87,0,0,0
2025-03-05,Vadakkekotta,15,101,0,0,0
2025-03-05,Vadakkekotta,16,76,0,0,0
2025-03-05,Vadakkekotta,17,210,0,0,1
2025-03-05,Vadakkekotta,18,203,0,0,1
2025-03-05,Vadakkekotta,19,204,0,0,1
2025-03-05,Vadakkekotta,20,225,0,0,1
2025-03-05,Vadakkekotta,21,86,0,0,0
2025-03-05,Vadakkekotta,22,76,0,0,0
2025-03-05,SN Junction,6,76,0,0,0
2025-03-05,SN Junction,7,80,0,0,0
2025-03-05,SN Junction,8,210,0,1,0
2025-03-05,SN Junction,9,183,0,1,0
2025-03-05,SN Junction,10,190,0,1,0
2025-03-05,SN Junction,11,63,0,0,0
2025-03-05,SN Junction,12,84,0,0,0
2025-03-05,SN Junction,13,85,0,0,0
2025-03-05,SN Junction,14,64,0,0,0
2025-03-05,SN Junction,15,67,0,0,0
2025-03-05,SN Junction,16,77,0,0,0
2025-03-05,SN Junction,17,207,0,0,1
2025-03-05,SN Junction,18,202,0,0,1
2025-03-05,SN Junction,19,211,0,0,1
2025-03-05,SN Junction,20,216,0,0,1
2025-03-05,SN Junction,21,93,0,0,0
2025-03-05,SN Junction,22,77,0,0,0
2025-03-05,Tripunithura Terminal,6,86,0,0,0
2025-03-05,Tripunithura Terminal,7,77,0,0,0
2025-03-05,Tripunithura Terminal,8,206,0,1,0
2025-03-05,Tripunithura Terminal,9,172,0,1,0
2025-03-05,Tripunithura Terminal,10,221,0,1,0
2025-03-05,Tripunithura Terminal,11,87,0,0,0
2025-03-05,Tripunithura Terminal,12,80,0,0,0
2025-03-05,Tripunithura Terminal,13,92,0,0,0
2025-03-05,Tripunithura Terminal,14,88,0,0,0
2025-03-05,Tripunithura Terminal,15,86,0,0,0
2025-03-05,Tripunithura Terminal,16,78,0,0,0
2025-03-05,Tripunithura Terminal,17,206,0,0,1
2025-03-05,Tripunithura Terminal,18,207,0,0,1
2025-03-05,Tripunithura Terminal,19,225,0,0,1
2025-03-05,Tripunithura Terminal,20,213,0,0,1
2025-03-05,Tripunithura Terminal,21,70,0,0,0
2025-03-05,Tripunithura Terminal,22,78,0,0,0
2025-03-12,Aluva,6,193,0,0,0
2025-03-12,Aluva,7,195,0,0,0
2025-03-12,Aluva,8,508,0,1,0
2025-03-12,Aluva,9,501,0,1,0
2025-03-12,Aluva,10,505,0,1,0
2025-03-12,Aluva,11,214,0,0,0
2025-03-12,Aluva,12,227,0,0,0
2025-03-12,Aluva,13,191,0,0,0
2025-03-12,Aluva,14,178,0,0,0
2025-03-12,Aluva,15,222,0,0,0
2025-03-12,Aluva,16,196,0,0,0
2025-03-12,Aluva,17,517,0,0,1
2025-03-12,Aluva,18,466,0,0,1
2025-03-12,Aluva,19,494,0,0,1
2025-03-12,Aluva,20,492,0,0,1
2025-03-12,Aluva,21,214,0,0,0
2025-03-12,Aluva,22,180,0,0,0
2025-03-12,Pulinchodu,6,85,0,0,0
2025-03-12,Pulinchodu,7,79,0,0,0
2025-03-12,Pulinchodu,8,194,0,1,0
2025-03-12,Pulinchodu,9,185,0,1,0
2025-03-12,Pulinchodu,10,190,0,1,0
2025-03-12,Pulinchodu,11,64,0,0,0
2025-03-12,Pulinchodu,12,76,0,0,0
2025-03-12,Pulinchodu,13,81,0,0,0
2025-03-12,Pulinchodu,14,76,0,0,0
2025-03-12,Pulinchodu,15,66,0,0,0
2025-03-12,Pulinchodu,16,71,0,0,0
2025-03-12,Pulinchodu,17,190,0,0,1
2025-03-12,Pulinchodu,18,189,0,0,1
2025-03-12,Pulinchodu,19,196,0,0,1
2025-03-12,Pulinchodu,20,202,0,0,1
2025-03-12,Pulinchodu,21,81,0,0,0
2025-03-12,Pulinchodu,22,84,0,0,0
2025-03-12,Companypady,6,66,0,0,0
2025-03-12,Companypady,7,73,0,0,0
2025-03-12,Companypady,8,170,0,1,0
2025-03-12,Companypady,9,182,0,1,0
2025-03-12,Companypady,10,206,0,1,0
2025-03-12,Companypady,11,98,0,0,0
2025-03-12,Companypady,12,75,0,0,0
2025-03-12,Companypady,13,72,0,0,0
2025-03-12,Companypady,14,91,0,0,0
2025-03-12,Companypady,15,85,0,0,0
2025-03-12,Companypady,16,82,0,0,0
2025-03-12,Companypady,17,186,0,0,1
2025-03-12,Companypady,18,181,0,0,1
2025-03-12,Companypady,19,184,0,0,1
2025-03-12,Companypady,20,199,0,0,1
2025-03-12,Companypady,21,80,0,0,0
2025-03-12,Companypady,22,79,0,0,0
2025-03-12,Ambattukavu,6,95,0,0,0
2025-03-12,Ambattukavu,7,75,0,0,0
2025-03-12,Ambattukavu,8,202,0,1,0
2025-03-12,Ambattukavu,9,180,0,1,0
2025-03-12,Ambattukavu,10,212,0,1,0
2025-03-12,Ambattukavu,11,71,0,0,0
2025-03-12,Ambattukavu,12,77,0,0,0
2025-03-12,Ambattukavu,13,100,0,0,0
2025-03-12,Ambattukavu,14,85,0,0,0
2025-03-12,Ambattukavu,15,63,0,0,0
2025-03-12,Ambattukavu,16,74,0,0,0
2025-03-12,Ambattukavu,17,188,0,0,1
2025-03-12,Ambattukavu,18,189,0,0,1
2025-03-12,Ambattukavu,19,212,0,0,1
2025-03-12,Ambattukavu,20,169,0,0,1
2025-03-12,Ambattukavu,21,80,0,0,0
2025-03-12,Ambattukavu,22,66,0,0,0
2025-03-12,Muttom,6,96,0,0,0
2025-03-12,Muttom,7,64,0,0,0
2025-03-12,Muttom,8,209,0,1,0
2025-03-12,Muttom,9,191,0,1,0
2025-03-12,Muttom,10,195,0,1,0
2025-03-12,Muttom,11,78,0,0,0
2025-03-12,Muttom,12,84,0,0,0
2025-03-12,Muttom,13,88,0,0,0
2025-03-12,Muttom,14,83,0,0,0
2025-03-12,Muttom,15,88,0,0,0
2025-03-12,Muttom,16,76,0,0,0
2025-03-12,Muttom,17,203,0,0,1
2025-03-12,Muttom,18,197,0,0,1
2025-03-12,Muttom,19,199,0,0,1
2025-03-12,Muttom,20,216,0,0,1
2025-03-12,Muttom,21,102,0,0,0
2025-03-12,Muttom,22,78,0,0,0
2025-03-12,Kalamassery,6,199,0,0,0
2025-03-12,Kalamassery,7,217,0,0,0
2025-03-12,Kalamassery,8,480,0,1,0
2025-03-12,Kalamassery,9,491,0,1,0
2025-03-12,Kalamassery,10,507,0,1,0
2025-03-12,Kalamassery,11,185,0,0,0
2025-03-12,Kalamassery,12,207,0,0,0
2025-03-12,Kalamassery,13,201,0,0,0
2025-03-12,Kalamassery,14,182,0,0,0
2025-03-12,Kalamassery,15,211,0,0,0
2025-03-12,Kalamassery,16,233,0,0,0
2025-03-12,Kalamassery,17,479,0,0,1
2025-03-12,Kalamassery,18,499,0,0,1
2025-03-12,Kalamassery,19,467,0,0,1
2025-03-12,Kalamassery,20,463,0,0,1
2025-03-12,Kalamassery,21,187,0,0,0
2025-03-12,Kalamassery,22,200,0,0,0
2025-03-12,CUSAT,6,78,0,0,0
2025-03-12,CUSAT,7,82,0,0,0
2025-03-12,CUSAT,8,193,0,1,0
2025-03-12,CUSAT,9,196,0,1,0
2025-03-12,CUSAT,10,201,0,1,0
2025-03-12,CUSAT,11,82,0,0,0
2025-03-12,CUSAT,12,81,0,0,0
2025-03-12,CUSAT,13,76,0,0,0
2025-03-12,CUSAT,14,67,0,0,0
2025-03-12,CUSAT,15,96,0,0,0
2025-03-12,CUSAT,16,66,0,0,0
2025-03-12,CUSAT,17,185,0,0,1
2025-03-12,CUSAT,18,195,0,0,1
2025-03-12,CUSAT,19,201,0,0,1
2025-03-12,CUSAT,20,203,0,0,1
2025-03-12,CUSAT,21,89,0,0,0
2025-03-12,CUSAT,22,87,0,0,0
2025-03-12,Pathadipalam,6,78,0,0,0
2025-03-12,Pathadipalam,7,73,0,0,0
2025-03-12,Pathadipalam,8,172,0,1,0
2025-03-12,Pathadipalam,9,207,0,1,0
2025-03-12,Pathadipalam,10,179,0,1,0
2025-03-12,Pathadipalam,11,91,0,0,0
2025-03-12,Pathadipalam,12,75,0,0,0
2025-03-12,Pathadipalam,13,78,0,0,0
2025-03-12,Pathadipalam,14,77,0,0,0
2025-03-12,Pathadipalam,15,76,0,0,0
2025-03-12,Pathadipalam,16,91,0,0,0
2025-03-12,Pathadipalam,17,212,0,0,1
2025-03-12,Pathadipalam,18,203,0,0,1
2025-03-12,Pathadipalam,19,185,0,0,1
2025-03-12,Pathadipalam,20,182,0,0,1
2025-03-12,Pathadipalam,21,65,0,0,0
2025-03-12,Pathadipalam,22,85,0,0,0
2025-03-12,Edappally,6,214,0,0,0
2025-03-12,Edappally,7,191,0,0,0
2025-03-12,Edappally,8,525,0,1,0
2025-03-12,Edappally,9,527,0,1,0
2025-03-12,Edappally,10,493,0,1,0
2025-03-12,Edappally,11,199,0,0,0
2025-03-12,Edappally,12,198,0,0,0
2025-03-12,Edappally,13,217,0,0,0
2025-03-12,Edappally,14,203,0,0,0
2025-03-12,Edappally,15,191,0,0,0
2025-03-12,Edappally,16,193,0,0,0
2025-03-12,Edappally,17,513,0,0,1
2025-03-12,Edappally,18,485,0,0,1
2025-03-12,Edappally,19,501,0,0,1
2025-03-12,Edappally,20,475,0,0,1
2025-03-12,Edappally,21,217,0,0,0
2025-03-12,Edappally,22,215,0,0,0
2025-03-12,Changampuzha Park,6,87,0,0,0
2025-03-12,Changampuzha Park,7,68,0,0,0
2025-03-12,Changampuzha Park,8,196,0,1,0
2025-03-12,Changampuzha Park,9,188,0,1,0
2025-03-12,Changampuzha Park,10,191,0,1,0
2025-03-12,Changampuzha Park,11,79,0,0,0
2025-03-12,Changampuzha Park,12,85,0,0,0
2025-03-12,Changampuzha Park,13,94,0,0,0
2025-03-12,Changampuzha Park,14,72,0,0,0
2025-03-12,Changampuzha Park,15,77,0,0,0
2025-03-12,Changampuzha Park,16,79,0,0,0
2025-03-12,Changampuzha Park,17,201,0,0,1
2025-03-12,Changampuzha Park,18,219,0,0,1
2025-03-12,Changampuzha Park,19,202,0,0,1
2025-03-12,Changampuzha Park,20,203,0,0,1
2025-03-12,Changampuzha Park,21,76,0,0,0
2025-03-12,Changampuzha Park,22,82,0,0,0
2025-03-12,Palarivattom,6,79,0,0,0
2025-03-12,Palarivattom,7,72,0,0,0
2025-03-12,Palarivattom,8,194,0,1,0
2025-03-12,Palarivattom,9,216,0,1,0
2025-03-12,Palarivattom,10,214,0,1,0
2025-03-12,Palarivattom,11,69,0,0,0
2025-03-12,Palarivattom,12,89,0,0,0
2025-03-12,Palarivattom,13,87,0,0,0
2025-03-12,Palarivattom,14,67,0,0,0
2025-03-12,Palarivattom,15,81,0,0,0
2025-03-12,Palarivattom,16,84,0,0,0
2025-03-12,Palarivattom,17,204,0,0,1
2025-03-12,Palarivattom,18,199,0,0,1
2025-03-12,Palarivattom,19,199,0,0,1
2025-03-12,Palarivattom,20,208,0,0,1
2025-03-12,Palarivattom,21,87,0,0,0
2025-03-12,Palarivattom,22,85,0,0,0
2025-03-12,JLN Stadium,6,77,0,0,0
2025-03-12,JLN Stadium,7,80,0,0,0
2025-03-12,JLN Stadium,8,192,0,1,0
2025-03-12,JLN Stadium,9,189,0,1,0
2025-03-12,JLN Stadium,10,211,0,1,0
2025-03-12,JLN Stadium,11,93,0,0,0
2025-03-12,JLN Stadium,12,91,0,0,0
2025-03-12,JLN Stadium,13,78,0,0,0
2025-03-12,JLN Stadium,14,69,0,0,0
2025-03-12,JLN Stadium,15,73,0,0,0
2025-03-12,JLN Stadium,16,64,0,0,0
2025-03-12,JLN Stadium,17,192,0,0,1
2025-03-12,JLN Stadium,18,189,0,0,1
2025-03-12,JLN Stadium,19,172,0,0,1
2025-03-12,JLN Stadium,20,205,0,0,1
2025-03-12,JLN Stadium,21,85,0,0,0
2025-03-12,JLN Stadium,22,67,0,0,0
2025-03-12,Kaloor Town Hall,6,75,0,0,0
2025-03-12,Kaloor Town Hall,7,89,0,0,0
2025-03-12,Kaloor Town Hall,8,197,0,1,0
2025-03-12,Kaloor Town Hall,9,218,0,1,0
2025-03-12,Kaloor Town Hall,10,211,0,1,0
2025-03-12,Kaloor Town Hall,11,73,0,0,0
2025-03-12,Kaloor Town Hall,12,77,0,0,0
2025-03-12,Kaloor Town Hall,13,78,0,0,0
2025-03-12,Kaloor Town Hall,14,78,0,0,0
2025-03-12,Kaloor Town Hall,15,60,0,0,0
2025-03-12,Kaloor Town Hall,16,77,0,0,0
2025-03-12,Kaloor Town Hall,17,197,0,0,1
2025-03-12,Kaloor Town Hall,18,206,0,0,1
2025-03-12,Kaloor Town Hall,19,180,0,0,1
2025-03-12,Kaloor Town Hall,20,202,0,0,1
2025-03-12,Kaloor Town Hall,21,87,0,0,0
2025-03-12,Kaloor Town Hall,22,76,0,0,0
2025-03-12,MG Road,6,213,0,0,0
2025-03-12,MG Road,7,220,0,0,0
2025-03-12,MG Road,8,534,0,1,0
2025-03-12,MG Road,9,481,0,1,0
2025-03-12,MG Road,10,524,0,1,0
2025-03-12,MG Road,11,209,0,0,0
2025-03-12,MG Road,12,188,0,0,0
2025-03-12,MG Road,13,198,0,0,0
2025-03-12,MG Road,14,213,0,0,0
2025-03-12,MG Road,15,198,0,0,0
2025-03-12,MG Road,16,218,0,0,0
2025-03-12,MG Road,17,505,0,0,1
2025-03-12,MG Road,18,530,0,0,1
2025-03-12,MG Road,19,498,0,0,1
2025-03-12,MG Road,20,535,0,0,1
2025-03-12,MG Road,21,188,0,0,0
2025-03-12,MG Road,22,196,0,0,0
2025-03-12,Maharaja's College,6,85,0,0,0
2025-03-12,Maharaja's College,7,73,0,0,0
2025-03-12,Maharaja's College,8,178,0,1,0
2025-03-12,Maharaja's College,9,207,0,1,0
2025-03-12,Maharaja's College,10,207,0,1,0
2025-03-12,Maharaja's College,11,59,0,0,0
2025-03-12,Maharaja's College,12,76,0,0,0
2025-03-12,Maharaja's College,13,85,0,0,0
2025-03-12,Maharaja's College,14,84,0,0,0
2025-03-12,Maharaja's College,15,61,0,0,0
2025-03-12,Maharaja's College,16,79,0,0,0
2025-03-12,Maharaja's College,17,200,0,0,1
2025-03-12,Maharaja's College,18,231,0,0,1
2025-03-12,Maharaja's College,19,204,0,0,1
2025-03-12,Maharaja's College,20,200,0,0,1
2025-03-12,Maharaja's College,21,102,0,0,0
2025-03-12,Maharaja's College,22,84,0,0,0
2025-03-12,Ernakulam South,6,204,0,0,0
2025-03-12,Ernakulam South,7,222,0,0,0
2025-03-12,Ernakulam South,8,499,0,1,0
2025-03-12,Ernakulam South,9,532,0,1,0
2025-03-12,Ernakulam South,10,498,0,1,0
2025-03-12,Ernakulam South,11,181,0,0,0
2025-03-12,Ernakulam South,12,200,0,0,0
2025-03-12,Ernakulam South,13,183,0,0,0
2025-03-12,Ernakulam South,14,197,0,0,0
2025-03-12,Ernakulam South,15,207,0,0,0
2025-03-12,Ernakulam South,16,210,0,0,0
2025-03-12,Ernakulam South,17,499,0,0,1
2025-03-12,Ernakulam South,18,534,0,0,1
2025-03-12,Ernakulam South,19,479,0,0,1
2025-03-12,Ernakulam South,20,488,0,0,1
2025-03-12,Ernakulam South,21,201,0,0,0
2025-03-12,Ernakulam South,22,225,0,0,0
2025-03-12,Kadavanthra,6,77,0,0,0
2025-03-12,Kadavanthra,7,74,0,0,0
2025-03-12,Kadavanthra,8,221,0,1,0
2025-03-12,Kadavanthra,9,185,0,1,0
2025-03-12,Kadavanthra,10,197,0,1,0
2025-03-12,Kadavanthra,11,88,0,0,0
2025-03-12,Kadavanthra,12,73,0,0,0
2025-03-12,Kadavanthra,13,70,0,0,0
2025-03-12,Kadavanthra,14,81,0,0,0
2025-03-12,Kadavanthra,15,81,0,0,0
2025-03-12,Kadavanthra,16,85,0,0,0
2025-03-12,Kadavanthra,17,193,0,0,1
2025-03-12,Kadavanthra,18,222,0,0,1
2025-03-12,Kadavanthra,19,194,0,0,1
2025-03-12,Kadavanthra,20,218,0,0,1
2025-03-12,Kadavanthra,21,82,0,0,0
2025-03-12,Kadavanthra,22,86,0,0,0
2025-03-12,Elamkulam,6,75,0,0,0
2025-03-12,Elamkulam,7,76,0,0,0
2025-03-12,Elamkulam,8,205,0,1,0
2025-03-12,Elamkulam,9,196,0,1,0
2025-03-12,Elamkulam,10,203,0,1,0
2025-03-12,Elamkulam,11,85,0,0,0
2025-03-12,Elamkulam,12,83,0,0,0
2025-03-12,Elamkulam,13,75,0,0,0
2025-03-12,Elamkulam,14,82,0,0,0
2025-03-12,Elamkulam,15,76,0,0,0
2025-03-12,Elamkulam,16,76,0,0,0
2025-03-12,Elamkulam,17,203,0,0,1
2025-03-12,Elamkulam,18,215,0,0,1
2025-03-12,Elamkulam,19,200,0,0,1
2025-03-12,Elamkulam,20,184,0,0,1
2025-03-12,Elamkulam,21,73,0,0,0
2025-03-12,Elamkulam,22,82,0,0,0
2025-03-12,Vyttila,6,78,0,0,0
2025-03-12,Vyttila,7,64,0,0,0
2025-03-12,Vyttila,8,193,0,1,0
2025-03-12,Vyttila,9,194,0,1,0
2025-03-12,Vyttila,10,204,0,1,0
2025-03-12,Vyttila,11,71,0,0,0
2025-03-12,Vyttila,12,65,0,0,0
2025-03-12,Vyttila,13,78,0,0,0
2025-03-12,Vyttila,14,96,0,0,0
2025-03-12,Vyttila,15,80,0,0,0
2025-03-12,Vyttila,16,89,0,0,0
2025-03-12,Vyttila,17,242,0,0,1
2025-03-12,Vyttila,18,205,0,0,1
2025-03-12,Vyttila,19,192,0,0,1
2025-03-12,Vyttila,20,217,0,0,1
2025-03-12,Vyttila,21,78,0,0,0
2025-03-12,Vyttila,22,79,0,0,0
2025-03-12,Thaikoodam,6,82,0,0,0
2025-03-12,Thaikoodam,7,74,0,0,0
2025-03-12,Thaikoodam,8,184,0,1,0
2025-03-12,Thaikoodam,9,192,0,1,0
2025-03-12,Thaikoodam,10,198,0,1,0
2025-03-12,Thaikoodam,11,80,0,0,0
2025-03-12,Thaikoodam,12,72,0,0,0
2025-03-12,Thaikoodam,13,78,0,0,0
2025-03-12,Thaikoodam,14,85,0,0,0
2025-03-12,Thaikoodam,15,89,0,0,0
2025-03-12,Thaikoodam,16,73,0,0,0
2025-03-12,Thaikoodam,17,213,0,0,1
2025-03-12,Thaikoodam,18,196,0,0,1
2025-03-12,Thaikoodam,19,218,0,0,1
2025-03-12,Thaikoodam,20,182,0,0,1
2025-03-12,Thaikoodam,21,84,0,0,0
2025-03-12,Thaikoodam,22,89,0,0,0
2025-03-12,Petta,6,79,0,0,0
2025-03-12,Petta,7,70,0,0,0
2025-03-12,Petta,8,207,0,1,0
2025-03-12,Petta,9,168,0,1,0
2025-03-12,Petta,10,228,0,1,0
2025-03-12,Petta,11,63,0,0,0
2025-03-12,Petta,12,77,0,0,0
2025-03-12,Petta,13,74,0,0,0
2025-03-12,Petta,14,76,0,0,0
2025-03-12,Petta,15,81,0,0,0
2025-03-12,Petta,16,84,0,0,0
2025-03-12,Petta,17,201,0,0,1
2025-03-12,Petta,18,209,0,0,1
2025-03-12,Petta,19,189,0,0,1
2025-03-12,Petta,20,171,0,0,1
2025-03-12,Petta,21,84,0,0,0
2025-03-12,Petta,22,91,0,0,0
2025-03-12,Vadakkekotta,6,70,0,0,0
2025-03-12,Vadakkekotta,7,81,0,0,0
2025-03-12,Vadakkekotta,8,186,0,1,0
2025-03-12,Vadakkekotta,9,204,0,1,0
2025-03-12,Vadakkekotta,10,201,0,1,0
2025-03-12,Vadakkekotta,11,88,0,0,0
2025-03-12,Vadakkekotta,12,82,0,0,0
2025-03-12,Vadakkekotta,13,72,0,0,0
2025-03-12,Vadakkekotta,14,75,0,0,0
2025-03-12,Vadakkekotta,15,89,0,0,0
2025-03-12,Vadakkekotta,16,82,0,0,0
2025-03-12,Vadakkekotta,17,188,0,0,1
2025-03-12,Vadakkekotta,18,201,0,0,1
2025-03-12,Vadakkekotta,19,169,0,0,1
2025-03-12,Vadakkekotta,20,195,0,0,1
2025-03-12,Vadakkekotta,21,72,0,0,0
2025-03-12,Vadakkekotta,22,93,0,0,0
2025-03-12,SN Junction,6,75,0,0,0
2025-03-12,SN Junction,7,74,0,0,0
2025-03-12,SN Junction,8,205,0,1,0
2025-03-12,SN Junction,9,194,0,1,0
2025-03-12,SN Junction,10,210,0,1,0
2025-03-12,SN Junction,11,81,0,0,0
2025-03-12,SN Junction,12,78,0,0,0
2025-03-12,SN Junction,13,89,0,0,0
2025-03-12,SN Junction,14,89,0,0,0
2025-03-12,SN Junction,15,87,0,0,0
2025-03-12,SN Junction,16,65,0,0,0
2025-03-12,SN Junction,17,210,0,0,1
2025-03-12,SN Junction,18,212,0,0,1
2025-03-12,SN Junction,19,197,0,0,1
2025-03-12,SN Junction,20,189,0,0,1
2025-03-12,SN Junction,21,72,0,0,0
2025-03-12,SN Junction,22,64,0,0,0
2025-03-12,Tripunithura Terminal,6,72,0,0,0
2025-03-12,Tripunithura Terminal,7,93,0,0,0
2025-03-12,Tripunithura Terminal,8,190,0,1,0
2025-03-12,Tripunithura Terminal,9,206,0,1,0
2025-03-12,Tripunithura Terminal,10,197,0,1,0
2025-03-12,Tripunithura Terminal,11,78,0,0,0
2025-03-12,Tripunithura Terminal,12,86,0,0,0
2025-03-12,Tripunithura Terminal,13,79,0,0,0
2025-03-12,Tripunithura Terminal,14,78,0,0,0
2025-03-12,Tripunithura Terminal,15,59,0,0,0
2025-03-12,Tripunithura Terminal,16,77,0,0,0
2025-03-12,Tripunithura Terminal,17,221,0,0,1
2025-03-12,Tripunithura Terminal,18,211,0,0,1
2025-03-12,Tripunithura Terminal,19,192,0,0,1
2025-03-12,Tripunithura Terminal,20,204,0,0,1
2025-03-12,Tripunithura Terminal,21,74,0,0,0
2025-03-12,Tripunithura Terminal,22,94,0,0,0
2025-03-19,Aluva,6,179,0,0,0
2025-03-19,Aluva,7,196,0,0,0
2025-03-19,Aluva,8,496,0,1,0
2025-03-19,Aluva,9,477,0,1,0
2025-03-19,Aluva,10,483,0,1,0
2025-03-19,Aluva,11,193,0,0,0
2025-03-19,Aluva,12,198,0,0,0
2025-03-19,Aluva,13,204,0,0,0
2025-03-19,Aluva,14,192,0,0,0
2025-03-19,Aluva,15,188,0,0,0
2025-03-19,Aluva,16,198,0,0,0
2025-03-19,Aluva,17,477,0,0,1
2025-03-19,Aluva,18,501,0,0,1
2025-03-19,Aluva,19,494,0,0,1
2025-03-19,Aluva,20,494,0,0,1
2025-03-19,Aluva,21,199,0,0,0
2025-03-19,Aluva,22,197,0,0,0
2025-03-19,Pulinchodu,6,73,0,0,0
2025-03-19,Pulinchodu,7,93,0,0,0
2025-03-19,Pulinchodu,8,206,0,1,0
2025-03-19,Pulinchodu,9,201,0,1,0
2025-03-19,Pulinchodu,10,194,0,1,0
2025-03-19,Pulinchodu,11,93,0,0,0
2025-03-19,Pulinchodu,12,89,0,0,0
2025-03-19,Pulinchodu,13,87,0,0,0
2025-03-19,Pulinchodu,14,89,0,0,0
2025-03-19,Pulinchodu,15,69,0,0,0
2025-03-19,Pulinchodu,16,79,0,0,0
2025-03-19,Pulinchodu,17,218,0,0,1
2025-03-19,Pulinchodu,18,190,0,0,1
2025-03-19,Pulinchodu,19,205,0,0,1
2025-03-19,Pulinchodu,20,213,0,0,1
2025-03-19,Pulinchodu,21,94,0,0,0
2025-03-19,Pulinchodu,22,98,0,0,0
2025-03-19,Companypady,6,81,0,0,0
2025-03-19,Companypady,7,77,0,0,0
2025-03-19,Companypady,8,194,0,1,0
2025-03-19,Companypady,9,188,0,1,0
2025-03-19,Companypady,10,175,0,1,0
2025-03-19,Companypady,11,97,0,0,0
2025-03-19,Companypady,12,76,0,0,0
2025-03-19,Companypady,13,97,0,0,0
2025-03-19,Companypady,14,87,0,0,0
2025-03-19,Companypady,15,80,0,0,0
2025-03-19,Companypady,16,91,0,0,0
2025-03-19,Companypady,17,197,0,0,1
2025-03-19,Companypady,18,206,0,0,1
2025-03-19,Companypady,19,189,0,0,1
2025-03-19,Companypady,20,192,0,0,1
2025-03-19,Companypady,21,73,0,0,0
2025-03-19,Companypady,22,67,0,0,0
2025-03-19,Ambattukavu,6,79,0,0,0
2025-03-19,Ambattukavu,7,85,0,0,0
2025-03-19,Ambattukavu,8,206,0,1,0
2025-03-19,Ambattukavu,9,198,0,1,0
2025-03-19,Ambattukavu,10,177,0,1,0
2025-03-19,Ambattukavu,11,91,0,0,0
2025-03-19,Ambattukavu,12,94,0,0,0
2025-03-19,Ambattukavu,13,82,0,0,0
2025-03-19,Ambattukavu,14,77,0,0,0
2025-03-19,Ambattukavu,15,82,0,0,0
2025-03-19,Ambattukavu,16,70,0,0,0
2025-03-19,Ambattukavu,17,192,0,0,1
2025-03-19,Ambattukavu,18,185,0,0,1
2025-03-19,Ambattukavu,19,180,0,0,1
2025-03-19,Ambattukavu,20,174,0,0,1
2025-03-19,Ambattukavu,21,72,0,0,0
2025-03-19,Ambattukavu,22,82,0,0,0
2025-03-19,Muttom,6,89,0,0,0
2025-03-19,Muttom,7,74,0,0,0
2025-03-19,Muttom,8,186,0,1,0
2025-03-19,Muttom,9,184,0,1,0
2025-03-19,Muttom,10,207,0,1,0
2025-03-19,Muttom,11,84,0,0,0
2025-03-19,Muttom,12,91,0,0,0
2025-03-19,Muttom,13,73,0,0,0
2025-03-19,Muttom,14,70,0,0,0
2025-03-19,Muttom,15,75,0,0,0
2025-03-19,Muttom,16,71,0,0,0
2025-03-19,Muttom,17,216,0,0,1
2025-03-19,Muttom,18,204,0,0,1
2025-03-19,Muttom,19,205,0,0,1
2025-03-19,Muttom,20,200,0,0,1
2025-03-19,Muttom,21,105,0,0,0
2025-03-19,Muttom,22,83,0,0,0
2025-03-19,Kalamassery,6,208,0,0,0
2025-03-19,Kalamassery,7,204,0,0,0
2025-03-19,Kalamassery,8,493,0,1,0
2025-03-19,Kalamassery,9,481,0,1,0
2025-03-19,Kalamassery,10,503,0,1,0
2025-03-19,Kalamassery,11,209,0,0,0
2025-03-19,Kalamassery,12,221,0,0,0
2025-03-19,Kalamassery,13,186,0,0,0
2025-03-19,Kalamassery,14,193,0,0,0
2025-03-19,Kalamassery,15,192,0,0,0
2025-03-19,Kalamassery,16,210,0,0,0
2025-03-19,Kalamassery,17,503,0,0,1
2025-03-19,Kalamassery,18,536,0,0,1
2025-03-19,Kalamassery,19,520,0,0,1
2025-03-19,Kalamassery,20,493,0,0,1
2025-03-19,Kalamassery,21,213,0,0,0
2025-03-19,Kalamassery,22,205,0,0,0
2025-03-19,CUSAT,6,70,0,0,0
2025-03-19,CUSAT,7,85,0,0,0
2025-03-19,CUSAT,8,195,0,1,0
2025-03-19,CUSAT,9,211,0,1,0
2025-03-19,CUSAT,10,196,0,1,0
2025-03-19,CUSAT,11,74,0,0,0
2025-03-19,CUSAT,12,68,0,0,0
2025-03-19,CUSAT,13,74,0,0,0
2025-03-19,CUSAT,14,85,0,0,0
2025-03-19,CUSAT,15,66,0,0,0
2025-03-19,CUSAT,16,73,0,0,0
2025-03-19,CUSAT,17,224,0,0,1
2025-03-19,CUSAT,18,188,0,0,1
2025-03-19,CUSAT,19,192,0,0,1
2025-03-19,CUSAT,20,209,0,0,1
2025-03-19,CUSAT,21,78,0,0,0
2025-03-19,CUSAT,22,78,0,0,0
2025-03-19,Pathadipalam,6,84,0,0,0
2025-03-19,Pathadipalam,7,98,0,0,0
2025-03-19,Pathadipalam,8,206,0,1,0
2025-03-19,Pathadipalam,9,215,0,1,0
2025-03-19,Pathadipalam,10,191,0,1,0
2025-03-19,Pathadipalam,11,65,0,0,0
2025-03-19,Pathadipalam,12,75,0,0,0
2025-03-19,Pathadipalam,13,69,0,0,0
2025-03-19,Pathadipalam,14,75,0,0,0
2025-03-19,Pathadipalam,15,63,0,0,0
2025-03-19,Pathadipalam,16,62,0,0,0
2025-03-19,Pathadipalam,17,204,0,0,1
2025-03-19,Pathadipalam,18,214,0,0,1
2025-03-19,Pathadipalam,19,199,0,0,1
2025-03-19,Pathadipalam,20,205,0,0,1
2025-03-19,Pathadipalam,21,78,0,0,0
2025-03-19,Pathadipalam,22,79,0,0,0
2025-03-19,Edappally,6,205,0,0,0
2025-03-19,Edappally,7,200,0,0,0
2025-03-19,Edappally,8,453,0,1,0
2025-03-19,Edappally,9,501,0,1,0
2025-03-19,Edappally,10,507,0,1,0
2025-03-19,Edappally,11,180,0,0,0
2025-03-19,Edappally,12,215,0,0,0
2025-03-19,Edappally,13,202,0,0,0
2025-03-19,Edappally,14,212,0,0,0
2025-03-19,Edappally,15,197,0,0,0
2025-03-19,Edappally,16,205,0,0,0
2025-03-19,Edappally,17,481,0,0,1
2025-03-19,Edappally,18,512,0,0,1
2025-03-19,Edappally,19,495,0,0,1
2025-03-19,Edappally,20,518,0,0,1
2025-03-19,Edappally,21,198,0,0,0
2025-03-19,Edappally,22,207,0,0,0
2025-03-19,Changampuzha Park,6,81,0,0,0
2025-03-19,Changampuzha Park,7,95,0,0,0
2025-03-19,Changampuzha Park,8,178,0,1,0
2025-03-19,Changampuzha Park,9,207,0,1,0
2025-03-19,Changampuzha Park,10,229,0,1,0
2025-03-19,Changampuzha Park,11,82,0,0,0
2025-03-19,Changampuzha Park,12,72,0,0,0
2025-03-19,Changampuzha Park,13,60,0,0,0
2025-03-19,Changampuzha Park,14,88,0,0,0
2025-03-19,Changampuzha Park,15,73,0,0,0
2025-03-19,Changampuzha Park,16,85,0,0,0
2025-03-19,Changampuzha Park,17,213,0,0,1
2025-03-19,Changampuzha Park,18,208,0,0,1
2025-03-19,Changampuzha Park,19,217,0,0,1
2025-03-19,Changampuzha Park,20,198,0,0,1
2025-03-19,Changampuzha Park,21,68,0,0,0
2025-03-19,Changampuzha Park,22,76,0,0,0
2025-03-19,Palarivattom,6,81,0,0,0
2025-03-19,Palarivattom,7,82,0,0,0
2025-03-19,Palarivattom,8,189,0,1,0
2025-03-19,Palarivattom,9,207,0,1,0
2025-03-19,Palarivattom,10,215,0,1,0
2025-03-19,Palarivattom,11,82,0,0,0
2025-03-19,Palarivattom,12,81,0,0,0
2025-03-19,Palarivattom,13,70,0,0,0
2025-03-19,Palarivattom,14,69,0,0,0
2025-03-19,Palarivattom,15,84,0,0,0
2025-03-19,Palarivattom,16,103,0,0,0
2025-03-19,Palarivattom,17,171,0,0,1
2025-03-19,Palarivattom,18,206,0,0,1
2025-03-19,Palarivattom,19,186,0,0,1
2025-03-19,Palarivattom,20,171,0,0,1
2025-03-19,Palarivattom,21,92,0,0,0
2025-03-19,Palarivattom,22,69,0,0,0
2025-03-19,JLN Stadium,6,77,0,0,0
2025-03-19,JLN Stadium,7,75,0,0,0
2025-03-19,JLN Stadium,8,197,0,1,0
2025-03-19,JLN Stadium,9,208,0,1,0
2025-03-19,JLN Stadium,10,186,0,1,0
2025-03-19,JLN Stadium,11,78,0,0,0
2025-03-19,JLN Stadium,12,85,0,0,0
2025-03-19,JLN Stadium,13,80,0,0,0
2025-03-19,JLN Stadium,14,69,0,0,0
2025-03-19,JLN Stadium,15,78,0,0,0
2025-03-19,JLN Stadium,16,76,0,0,0
2025-03-19,JLN Stadium,17,211,0,0,1
2025-03-19,JLN Stadium,18,200,0,0,1
2025-03-19,JLN Stadium,19,201,0,0,1
2025-03-19,JLN Stadium,20,201,0,0,1
2025-03-19,JLN Stadium,21,84,0,0,0
2025-03-19,JLN Stadium,22,96,0,0,0
2025-03-19,Kaloor Town Hall,6,63,0,0,0
2025-03-19,Kaloor Town Hall,7,82,0,0,0
2025-03-19,Kaloor Town Hall,8,194,0,1,0
2025-03-19,Kaloor Town Hall,9,197,0,1,0
2025-03-19,Kaloor Town Hall,10,191,0,1,0
2025-03-19,Kaloor Town Hall,11,74,0,0,0
2025-03-19,Kaloor Town Hall,12,81,0,0,0
2025-03-19,Kaloor Town Hall,13,90,0,0,0
2025-03-19,Kaloor Town Hall,14,74,0,0,0
2025-03-19,Kaloor Town Hall,15,77,0,0,0
2025-03-19,Kaloor Town Hall,16,84,0,0,0
2025-03-19,Kaloor Town Hall,17,218,0,0,1
2025-03-19,Kaloor Town Hall,18,193,0,0,1
2025-03-19,Kaloor Town Hall,19,201,0,0,1
2025-03-19,Kaloor Town Hall,20,194,0,0,1
2025-03-19,Kaloor Town Hall,21,87,0,0,0
2025-03-19,Kaloor Town Hall,22,78,0,0,0
2025-03-19,MG Road,6,227,0,0,0
2025-03-19,MG Road,7,186,0,0,0
2025-03-19,MG Road,8,525,0,1,0
2025-03-19,MG Road,9,497,0,1,0
2025-03-19,MG Road,10,476,0,1,0
2025-03-19,MG Road,11,185,0,0,0
2025-03-19,MG Road,12,180,0,0,0
2025-03-19,MG Road,13,216,0,0,0
2025-03-19,MG Road,14,224,0,0,0
2025-03-19,MG Road,15,189,0,0,0
2025-03-19,MG Road,16,182,0,0,0
2025-03-19,MG Road,17,525,0,0,1
2025-03-19,MG Road,18,487,0,0,1
2025-03-19,MG Road,19,519,0,0,1
2025-03-19,MG Road,20,510,0,0,1
2025-03-19,MG Road,21,199,0,0,0
2025-03-19,MG Road,22,207,0,0,0
2025-03-19,Maharaja's College,6,79,0,0,0
2025-03-19,Maharaja's College,7,81,0,0,0
2025-03-19,Maharaja's College,8,201,0,1,0
2025-03-19,Maharaja's College,9,230,0,1,0
2025-03-19,Maharaja's College,10,190,0,1,0
2025-03-19,Maharaja's College,11,87,0,0,0
2025-03-19,Maharaja's College,12,93,0,0,0
2025-03-19,Maharaja's College,13,87,0,0,0
2025-03-19,Maharaja's College,14,78,0,0,0
2025-03-19,Maharaja's College,15,75,0,0,0
2025-03-19,Maharaja's College,16,87,0,0,0
2025-03-19,Maharaja's College,17,202,0,0,1
2025-03-19,Maharaja's College,18,205,0,0,1
2025-03-19,Maharaja's College,19,223,0,0,1
2025-03-19,Maharaja's College,20,181,0,0,1
2025-03-19,Maharaja's College,21,82,0,0,0
2025-03-19,Maharaja's College,22,70,0,0,0
2025-03-19,Ernakulam South,6,183,0,0,0
2025-03-19,Ernakulam South,7,208,0,0,0
2025-03-19,Ernakulam South,8,511,0,1,0
2025-03-19,Ernakulam South,9,526,0,1,0
2025-03-19,Ernakulam South,10,530,0,1,0
2025-03-19,Ernakulam South,11,204,0,0,0
2025-03-19,Ernakulam South,12,216,0,0,0
2025-03-19,Ernakulam South,13,207,0,0,0
2025-03-19,Ernakulam South,14,195,0,0,0
2025-03-19,Ernakulam South,15,197,0,0,0
2025-03-19,Ernakulam South,16,202,0,0,0
2025-03-19,Ernakulam South,17,503,0,0,1
2025-03-19,Ernakulam South,18,507,0,0,1
2025-03-19,Ernakulam South,19,474,0,0,1
2025-03-19,Ernakulam South,20,487,0,0,1
2025-03-19,Ernakulam South,21,213,0,0,0
2025-03-19,Ernakulam South,22,180,0,0,0
2025-03-19,Kadavanthra,6,68,0,0,0
2025-03-19,Kadavanthra,7,90,0,0,0
2025-03-19,Kadavanthra,8,203,0,1,0
2025-03-19,Kadavanthra,9,218,0,1,0
2025-03-19,Kadavanthra,10,168,0,1,0
2025-03-19,Kadavanthra,11,86,0,0,0
2025-03-19,Kadavanthra,12,73,0,0,0
2025-03-19,Kadavanthra,13,82,0,0,0
2025-03-19,Kadavanthra,14,74,0,0,0
2025-03-19,Kadavanthra,15,77,0,0,0
2025-03-19,Kadavanthra,16,75,0,0,0
2025-03-19,Kadavanthra,17,187,0,0,1
2025-03-19,Kadavanthra,18,178,0,0,1
2025-03-19,Kadavanthra,19,216,0,0,1
2025-03-19,Kadavanthra,20,198,0,0,1
2025-03-19,Kadavanthra,21,74,0,0,0
2025-03-19,Kadavanthra,22,83,0,0,0
2025-03-19,Elamkulam,6,86,0,0,0
2025-03-19,Elamkulam,7,99,0,0,0
2025-03-19,Elamkulam,8,206,0,1,0
2025-03-19,Elamkulam,9,200,0,1,0
2025-03-19,Elamkulam,10,185,0,1,0
2025-03-19,Elamkulam,11,79,0,0,0
2025-03-19,Elamkulam,12,77,0,0,0
2025-03-19,Elamkulam,13,71,0,0,0
2025-03-19,Elamkulam,14,75,0,0,0
2025-03-19,Elamkulam,15,86,0,0,0
2025-03-19,Elamkulam,16,82,0,0,0
2025-03-19,Elamkulam,17,222,0,0,1
2025-03-19,Elamkulam,18,216,0,0,1
2025-03-19,Elamkulam,19,188,0,0,1
2025-03-19,Elamkulam,20,204,0,0,1
2025-03-19,Elamkulam,21,84,0,0,0
2025-03-19,Elamkulam,22,87,0,0,0
2025-03-19,Vyttila,6,66,0,0,0
2025-03-19,Vyttila,7,81,0,0,0
2025-03-19,Vyttila,8,186,0,1,0
2025-03-19,Vyttila,9,209,0,1,0
2025-03-19,Vyttila,10,228,0,1,0
2025-03-19,Vyttila,11,81,0,0,0
2025-03-19,Vyttila,12,81,0,0,0
2025-03-19,Vyttila,13,64,0,0,0
2025-03-19,Vyttila,14,75,0,0,0
2025-03-19,Vyttila,15,68,0,0,0
2025-03-19,Vyttila,16,84,0,0,0
2025-03-19,Vyttila,17,178,0,0,1
2025-03-19,Vyttila,18,198,0,0,1
2025-03-19,Vyttila,19,185,0,0,1
2025-03-19,Vyttila,20,224,0,0,1
2025-03-19,Vyttila,21,70,0,0,0
2025-03-19,Vyttila,22,78,0,0,0
2025-03-19,Thaikoodam,6,92,0,0,0
2025-03-19,Thaikoodam,7,90,0,0,0
2025-03-19,Thaikoodam,8,214,0,1,0
2025-03-19,Thaikoodam,9,208,0,1,0
2025-03-19,Thaikoodam,10,196,0,1,0
2025-03-19,Thaikoodam,11,90,0,0,0
2025-03-19,Thaikoodam,12,81,0,0,0
2025-03-19,Thaikoodam,13,89,0,0,0
2025-03-19,Thaikoodam,14,98,0,0,0
2025-03-19,Thaikoodam,15,72,0,0,0
2025-03-19,Thaikoodam,16,68,0,0,0
2025-03-19,Thaikoodam,17,193,0,0,1
2025-03-19,Thaikoodam,18,214,0,0,1
2025-03-19,Thaikoodam,19,200,0,0,1
2025-03-19,Thaikoodam,20,201,0,0,1
2025-03-19,Thaikoodam,21,90,0,0,0
2025-03-19,Thaikoodam,22,97,0,0,0
2025-03-19,Petta,6,102,0,0,0
2025-03-19,Petta,7,68,0,0,0
2025-03-19,Petta,8,219,0,1,0
2025-03-19,Petta,9,176,0,1,0
2025-03-19,Petta,10,194,0,1,0
2025-03-19,Petta,11,71,0,0,0
2025-03-19,Petta,12,91,0,0,0
2025-03-19,Petta,13,83,0,0,0
2025-03-19,Petta,14,87,0,0,0
2025-03-19,Petta,15,98,0,0,0
2025-03-19,Petta,16,87,0,0,0
2025-03-19,Petta,17,204,0,0,1
2025-03-19,Petta,18,196,0,0,1
2025-03-19,Petta,19,194,0,0,1
2025-03-19,Petta,20,192,0,0,1
2025-03-19,Petta,21,83,0,0,0
2025-03-19,Petta,22,81,0,0,0
2025-03-19,Vadakkekotta,6,76,0,0,0
2025-03-19,Vadakkekotta,7,61,0,0,0
2025-03-19,Vadakkekotta,8,199,0,1,0
2025-03-19,Vadakkekotta,9,193,0,1,0
2025-03-19,Vadakkekotta,10,183,0,1,0
2025-03-19,Vadakkekotta,11,71,0,0,0
2025-03-19,Vadakkekotta,12,77,0,0,0
2025-03-19,Vadakkekotta,13,77,0,0,0
2025-03-19,Vadakkekotta,14,81,0,0,0
2025-03-19,Vadakkekotta,15,81,0,0,0
2025-03-19,Vadakkekotta,16,85,0,0,0
2025-03-19,Vadakkekotta,17,208,0,0,1
2025-03-19,Vadakkekotta,18,171,0,0,1
2025-03-19,Vadakkekotta,19,186,0,0,1
2025-03-19,Vadakkekotta,20,191,0,0,1
2025-03-19,Vadakkekotta,21,94,0,0,0
2025-03-19,Vadakkekotta,22,86,0,0,0
2025-03-19,SN Junction,6,72,0,0,0
2025-03-19,SN Junction,7,80,0,0,0
2025-03-19,SN Junction,8,191,0,1,0
2025-03-19,SN Junction,9,205,0,1,0
2025-03-19,SN Junction,10,202,0,1,0
2025-03-19,SN Junction,11,94,0,0,0
2025-03-19,SN Junction,12,99,0,0,0
2025-03-19,SN Junction,13,69,0,0,0
2025-03-19,SN Junction,14,81,0,0,0
2025-03-19,SN Junction,15,77,0,0,0
2025-03-19,SN Junction,16,79,0,0,0
2025-03-19,SN Junction,17,185,0,0,1
2025-03-19,SN Junction,18,193,0,0,1
2025-03-19,SN Junction,19,188,0,0,1
2025-03-19,SN Junction,20,214,0,0,1
2025-03-19,SN Junction,21,86,0,0,0
2025-03-19,SN Junction,22,85,0,0,0
2025-03-19,Tripunithura Terminal,6,99,0,0,0
2025-03-19,Tripunithura Terminal,7,90,0,0,0
2025-03-19,Tripunithura Terminal,8,197,0,1,0
2025-03-19,Tripunithura Terminal,9,235,0,1,0
2025-03-19,Tripunithura Terminal,10,192,0,1,0
2025-03-19,Tripunithura Terminal,11,84,0,0,0
2025-03-19,Tripunithura Terminal,12,80,0,0,0
2025-03-19,Tripunithura Terminal,13,64,0,0,0
2025-03-19,Tripunithura Terminal,14,69,0,0,0
2025-03-19,Tripunithura Terminal,15,80,0,0,0
2025-03-19,Tripunithura Terminal,16,73,0,0,0
2025-03-19,Tripunithura Terminal,17,190,0,0,1
2025-03-19,Tripunithura Terminal,18,191,0,0,1
2025-03-19,Tripunithura Terminal,19,206,0,0,1
2025-03-19,Tripunithura Terminal,20,188,0,0,1
2025-03-19,Tripunithura Terminal,21,85,0,0,0
2025-03-19,Tripunithura Terminal,22,74,0,0,0
2025-03-26,Aluva,6,177,0,0,0
2025-03-26,Aluva,7,188,0,0,0
2025-03-26,Aluva,8,508,0,1,0
2025-03-26,Aluva,9,491,0,1,0
2025-03-26,Aluva,10,497,0,1,0
2025-03-26,Aluva,11,185,0,0,0
2025-03-26,Aluva,12,220,0,0,0
2025-03-26,Aluva,13,200,0,0,0
2025-03-26,Aluva,14,204,0,0,0
2025-03-26,Aluva,15,209,0,0,0
2025-03-26,Aluva,16,199,0,0,0
2025-03-26,Aluva,17,528,0,0,1
2025-03-26,Aluva,18,492,0,0,1
2025-03-26,Aluva,19,486,0,0,1
2025-03-26,Aluva,20,502,0,0,1
2025-03-26,Aluva,21,196,0,0,0
2025-03-26,Aluva,22,192,0,0,0
2025-03-26,Pulinchodu,6,68,0,0,0
2025-03-26,Pulinchodu,7,80,0,0,0
2025-03-26,Pulinchodu,8,198,0,1,0
2025-03-26,Pulinchodu,9,212,0,1,0
2025-03-26,Pulinchodu,10,182,0,1,0
2025-03-26,Pulinchodu,11,80,0,0,0
2025-03-26,Pulinchodu,12,74,0,0,0
2025-03-26,Pulinchodu,13,78,0,0,0
2025-03-26,Pulinchodu,14,79,0,0,0
2025-03-26,Pulinchodu,15,91,0,0,0
2025-03-26,Pulinchodu,16,82,0,0,0
2025-03-26,Pulinchodu,17,204,0,0,1
2025-03-26,Pulinchodu,18,204,0,0,1
2025-03-26,Pulinchodu,19,209,0,0,1
2025-03-26,Pulinchodu,20,200,0,0,1
2025-03-26,Pulinchodu,21,85,0,0,0
2025-03-26,Pulinchodu,22,75,0,0,0
2025-03-26,Companypady,6,73,0,0,0
2025-03-26,Companypady,7,82,0,0,0
2025-03-26,Companypady,8,210,0,1,0
2025-03-26,Companypady,9,223,0,1,0
2025-03-26,Companypady,10,193,0,1,0
2025-03-26,Companypady,11,88,0,0,0
2025-03-26,Companypady,12,84,0,0,0
2025-03-26,Companypady,13,82,0,0,0
2025-03-26,Companypady,14,72,0,0,0
2025-03-26,Companypady,15,76,0,0,0
2025-03-26,Companypady,16,81,0,0,0
2025-03-26,Companypady,17,208,0,0,1
2025-03-26,Companypady,18,222,0,0,1
2025-03-26,Companypady,19,199,0,0,1
2025-03-26,Companypady,20,207,0,0,1
2025-03-26,Companypady,21,77,0,0,0
2025-03-26,Companypady,22,70,0,0,0
2025-03-26,Ambattukavu,6,75,0,0,0
2025-03-26,Ambattukavu,7,90,0,0,0
2025-03-26,Ambattukavu,8,195,0,1,0
2025-03-26,Ambattukavu,9,188,0,1,0
2025-03-26,Ambattukavu,10,197,0,1,0
2025-03-26,Ambattukavu,11,85,0,0,0
2025-03-26,Ambattukavu,12,76,0,0,0
2025-03-26,Ambattukavu,13,77,0,0,0
2025-03-26,Ambattukavu,14,90,0,0,0
2025-03-26,Ambattukavu,15,82,0,0,0
2025-03-26,Ambattukavu,16,83,0,0,0
2025-03-26,Ambattukavu,17,213,0,0,1
2025-03-26,Ambattukavu,18,184,0,0,1
2025-03-26,Ambattukavu,19,178,0,0,1
2025-03-26,Ambattukavu,20,194,0,0,1
2025-03-26,Ambattukavu,21,69,0,0,0
2025-03-26,Ambattukavu,22,91,0,0,0
2025-03-26,Muttom,6,82,0,0,0
2025-03-26,Muttom,7,69,0,0,0
2025-03-26,Muttom,8,230,0,1,0
2025-03-26,Muttom,9,208,0,1,0
2025-03-26,Muttom,10,189,0,1,0
2025-03-26,Muttom,11,89,0,0,0
2025-03-26,Muttom,12,75,0,0,0
2025-03-26,Muttom,13,74,0,0,0
2025-03-26,Muttom,14,93,0,0,0
2025-03-26,Muttom,15,94,0,0,0
2025-03-26,Muttom,16,66,0,0,0
2025-03-26,Muttom,17,203,0,0,1
2025-03-26,Muttom,18,206,0,0,1
2025-03-26,Muttom,19,204,0,0,1
2025-03-26,Muttom,20,217,0,0,1
2025-03-26,Muttom,21,72,0,0,0
2025-03-26,Muttom,22,77,0,0,0
2025-03-26,Kalamassery,6,191,0,0,0
2025-03-26,Kalamassery,7,175,0,0,0
2025-03-26,Kalamassery,8,528,0,1,0
2025-03-26,Kalamassery,9,507,0,1,0
2025-03-26,Kalamassery,10,470,0,1,0
2025-03-26,Kalamassery,11,187,0,0,0
2025-03-26,Kalamassery,12,207,0,0,0
2025-03-26,Kalamassery,13,195,0,0,0
2025-03-26,Kalamassery,14,231,0,0,0
2025-03-26,Kalamassery,15,192,0,0,0
2025-03-26,Kalamassery,16,210,0,0,0
2025-03-26,Kalamassery,17,499,0,0,1
2025-03-26,Kalamassery,18,485,0,0,1
2025-03-26,Kalamassery,19,500,0,0,1
2025-03-26,Kalamassery,20,489,0,0,1
2025-03-26,Kalamassery,21,210,0,0,0
2025-03-26,Kalamassery,22,229,0,0,0
2025-03-26,CUSAT,6,83,0,0,0
2025-03-26,CUSAT,7,83,0,0,0
2025-03-26,CUSAT,8,206,0,1,0
2025-03-26,CUSAT,9,196,0,1,0
2025-03-26,CUSAT,10,191,0,1,0
2025-03-26,CUSAT,11,69,0,0,0
2025-03-26,CUSAT,12,97,0,0,0
2025-03-26,CUSAT,13,81,0,0,0
2025-03-26,CUSAT,14,79,0,0,0
2025-03-26,CUSAT,15,85,0,0,0
2025-03-26,CUSAT,16,78,0,0,0
2025-03-26,CUSAT,17,185,0,0,1
2025-03-26,CUSAT,18,202,0,0,1
2025-03-26,CUSAT,19,199,0,0,1
2025-03-26,CUSAT,20,197,0,0,1
2025-03-26,CUSAT,21,69,0,0,0
2025-03-26,CUSAT,22,87,0,0,0
2025-03-26,Pathadipalam,6,81,0,0,0
2025-03-26,Pathadipalam,7,83,0,0,0
2025-03-26,Pathadipalam,8,211,0,1,0
2025-03-26,Pathadipalam,9,183,0,1,0
2025-03-26,Pathadipalam,10,207,0,1,0
2025-03-26,Pathadipalam,11,77,0,0,0
2025-03-26,Pathadipalam,12,71,0,0,0
2025-03-26,Pathadipalam,13,76,0,0,0
2025-03-26,Pathadipalam,14,64,0,0,0
2025-03-26,Pathadipalam,15,72,0,0,0
2025-03-26,Pathadipalam,16,75,0,0,0
2025-03-26,Pathadipalam,17,191,0,0,1
2025-03-26,Pathadipalam,18,204,0,0,1
2025-03-26,Pathadipalam,19,218,0,0,1
2025-03-26,Pathadipalam,20,231,0,0,1
2025-03-26,Pathadipalam,21,82,0,0,0
2025-03-26,Pathadipalam,22,87,0,0,0
2025-03-26,Edappally,6,238,0,0,0
2025-03-26,Edappally,7,207,0,0,0
2025-03-26,Edappally,8,491,0,1,0
2025-03-26,Edappally,9,504,0,1,0
2025-03-26,Edappally,10,491,0,1,0
2025-03-26,Edappally,11,189,0,0,0
2025-03-26,Edappally,12,183,0,0,0
2025-03-26,Edappally,13,205,0,0,0
2025-03-26,Edappally,14,211,0,0,0
2025-03-26,Edappally,15,205,0,0,0
2025-03-26,Edappally,16,207,0,0,0
2025-03-26,Edappally,17,460,0,0,1
2025-03-26,Edappally,18,496,0,0,1
2025-03-26,Edappally,19,487,0,0,1
2025-03-26,Edappally,20,459,0,0,1
2025-03-26,Edappally,21,225,0,0,0
2025-03-26,Edappally,22,171,0,0,0
2025-03-26,Changampuzha Park,6,92,0,0,0
2025-03-26,Changampuzha Park,7,77,0,0,0
2025-03-26,Changampuzha Park,8,179,0,1,0
2025-03-26,Changampuzha Park,9,197,0,1,0
2025-03-26,Changampuzha Park,10,187,0,1,0
2025-03-26,Changampuzha Park,11,81,0,0,0
2025-03-26,Changampuzha Park,12,85,0,0,0
2025-03-26,Changampuzha Park,13,98,0,0,0
2025-03-26,Changampuzha Park,14,78,0,0,0
2025-03-26,Changampuzha Park,15,69,0,0,0
2025-03-26,Changampuzha Park,16,74,0,0,0
2025-03-26,Changampuzha Park,17,191,0,0,1
2025-03-26,Changampuzha Park,18,197,0,0,1
2025-03-26,Changampuzha Park,19,175,0,0,1
2025-03-26,Changampuzha Park,20,213,0,0,1
2025-03-26,Changampuzha Park,21,85,0,0,0
2025-03-26,Changampuzha Park,22,84,0,0,0
2025-03-26,Palarivattom,6,86,0,0,0
2025-03-26,Palarivattom,7,91,0,0,0
2025-03-26,Palarivattom,8,203,0,1,0
2025-03-26,Palarivattom,9,177,0,1,0
2025-03-26,Palarivattom,10,163,0,1,0
2025-03-26,Palarivattom,11,84,0,0,0
2025-03-26,Palarivattom,12,78,0,0,0
2025-03-26,Palarivattom,13,75,0,0,0
2025-03-26,Palarivattom,14,86,0,0,0
2025-03-26,Palarivattom,15,76,0,0,0
2025-03-26,Palarivattom,16,89,0,0,0
2025-03-26,Palarivattom,17,214,0,0,1
2025-03-26,Palarivattom,18,203,0,0,1
2025-03-26,Palarivattom,19,197,0,0,1
2025-03-26,Palarivattom,20,205,0,0,1
2025-03-26,Palarivattom,21,74,0,0,0
2025-03-26,Palarivattom,22,89,0,0,0
2025-03-26,JLN Stadium,6,76,0,0,0
2025-03-26,JLN Stadium,7,84,0,0,0
2025-03-26,JLN Stadium,8,187,0,1,0
2025-03-26,JLN Stadium,9,211,0,1,0
2025-03-26,JLN Stadium,10,216,0,1,0
2025-03-26,JLN Stadium,11,71,0,0,0
2025-03-26,JLN Stadium,12,78,0,0,0
2025-03-26,JLN Stadium,13,69,0,0,0
2025-03-26,JLN Stadium,14,77,0,0,0
2025-03-26,JLN Stadium,15,84,0,0,0
2025-03-26,JLN Stadium,16,86,0,0,0
2025-03-26,JLN Stadium,17,199,0,0,1
2025-03-26,JLN Stadium,18,212,0,0,1
2025-03-26,JLN Stadium,19,206,0,0,1
2025-03-26,JLN Stadium,20,217,0,0,1
2025-03-26,JLN Stadium,21,88,0,0,0
2025-03-26,JLN Stadium,22,65,0,0,0
2025-03-26,Kaloor Town Hall,6,81,0,0,0
2025-03-26,Kaloor Town Hall,7,86,0,0,0
2025-03-26,Kaloor Town Hall,8,230,0,1,0
2025-03-26,Kaloor Town Hall,9,201,0,1,0
2025-03-26,Kaloor Town Hall,10,213,0,1,0
2025-03-26,Kaloor Town Hall,11,76,0,0,0
2025-03-26,Kaloor Town Hall,12,84,0,0,0
2025-03-26,Kaloor Town Hall,13,86,0,0,0
2025-03-26,Kaloor Town Hall,14,72,0,0,0
2025-03-26,Kaloor Town Hall,15,81,0,0,0
2025-03-26,Kaloor Town Hall,16,82,0,0,0
2025-03-26,Kaloor Town Hall,17,205,0,0,1
2025-03-26,Kaloor Town Hall,18,180,0,0,1
2025-03-26,Kaloor Town Hall,19,195,0,0,1
2025-03-26,Kaloor Town Hall,20,185,0,0,1
2025-03-26,Kaloor Town Hall,21,74,0,0,0
2025-03-26,Kaloor Town Hall,22,81,0,0,0
2025-03-26,MG Road,6,219,0,0,0
2025-03-26,MG Road,7,168,0,0,0
2025-03-26,MG Road,8,454,0,1,0
2025-03-26,MG Road,9,483,0,1,0
2025-03-26,MG Road,10,449,0,1,0
2025-03-26,MG Road,11,204,0,0,0
2025-03-26,MG Road,12,195,0,0,0
2025-03-26,MG Road,13,207,0,0,0
2025-03-26,MG Road,14,190,0,0,0
2025-03-26,MG Road,15,214,0,0,0
2025-03-26,MG Road,16,206,0,0,0
2025-03-26,MG Road,17,479,0,0,1
2025-03-26,MG Road,18,443,0,0,1
2025-03-26,MG Road,19,501,0,0,1
2025-03-26,MG Road,20,495,0,0,1
2025-03-26,MG Road,21,199,0,0,0
2025-03-26,MG Road,22,192,0,0,0
2025-03-26,Maharaja's College,6,80,0,0,0
2025-03-26,Maharaja's College,7,73,0,0,0
2025-03-26,Maharaja's College,8,202,0,1,0
2025-03-26,Maharaja's College,9,198,0,1,0
2025-03-26,Maharaja's College,10,200,0,1,0
2025-03-26,Maharaja's College,11,88,0,0,0
2025-03-26,Maharaja's College,12,88,0,0,0
2025-03-26,Maharaja's College,13,83,0,0,0
2025-03-26,Maharaja's College,14,91,0,0,0
2025-03-26,Maharaja's College,15,87,0,0,0
2025-03-26,Maharaja's College,16,93,0,0,0
2025-03-26,Maharaja's College,17,205,0,0,1
2025-03-26,Maharaja's College,18,202,0,0,1
2025-03-26,Maharaja's College,19,208,0,0,1
2025-03-26,Maharaja's College,20,201,0,0,1
2025-03-26,Maharaja's College,21,78,0,0,0
2025-03-26,Maharaja's College,22,76,0,0,0
2025-03-26,Ernakulam South,6,190,0,0,0
2025-03-26,Ernakulam South,7,205,0,0,0
2025-03-26,Ernakulam South,8,539,0,1,0
2025-03-26,Ernakulam South,9,523,0,1,0
2025-03-26,Ernakulam South,10,488,0,1,0
2025-03-26,Ernakulam South,11,174,0,0,0
2025-03-26,Ernakulam South,12,211,0,0,0
2025-03-26,Ernakulam South,13,212,0,0,0
2025-03-26,Ernakulam South,14,192,0,0,0
2025-03-26,Ernakulam South,15,203,0,0,0
2025-03-26,Ernakulam South,16,225,0,0,0
2025-03-26,Ernakulam South,17,506,0,0,1
2025-03-26,Ernakulam South,18,523,0,0,1
2025-03-26,Ernakulam South,19,494,0,0,1
2025-03-26,Ernakulam South,20,490,0,0,1
2025-03-26,Ernakulam South,21,177,0,0,0
2025-03-26,Ernakulam South,22,186,0,0,0
2025-03-26,Kadavanthra,6,88,0,0,0
2025-03-26,Kadavanthra,7,75,0,0,0
2025-03-26,Kadavanthra,8,175,0,1,0
2025-03-26,Kadavanthra,9,189,0,1,0
2025-03-26,Kadavanthra,10,173,0,1,0
2025-03-26,Kadavanthra,11,81,0,0,0
2025-03-26,Kadavanthra,12,74,0,0,0
2025-03-26,Kadavanthra,13,87,0,0,0
2025-03-26,Kadavanthra,14,65,0,0,0
2025-03-26,Kadavanthra,15,76,0,0,0
2025-03-26,Kadavanthra,16,77,0,0,0
2025-03-26,Kadavanthra,17,222,0,0,1
2025-03-26,Kadavanthra,18,183,0,0,1
2025-03-26,Kadavanthra,19,194,0,0,1
2025-03-26,Kadavanthra,20,180,0,0,1
2025-03-26,Kadavanthra,21,84,0,0,0
2025-03-26,Kadavanthra,22,66,0,0,0
2025-03-26,Elamkulam,6,96,0,0,0
2025-03-26,Elamkulam,7,69,0,0,0
2025-03-26,Elamkulam,8,208,0,1,0
2025-03-26,Elamkulam,9,214,0,1,0
2025-03-26,Elamkulam,10,211,0,1,0
2025-03-26,Elamkulam,11,76,0,0,0
2025-03-26,Elamkulam,12,76,0,0,0
2025-03-26,Elamkulam,13,92,0,0,0
2025-03-26,Elamkulam,14,88,0,0,0
2025-03-26,Elamkulam,15,80,0,0,0
2025-03-26,Elamkulam,16,75,0,0,0
2025-03-26,Elamkulam,17,204,0,0,1
2025-03-26,Elamkulam,18,194,0,0,1
2025-03-26,Elamkulam,19,188,0,0,1
2025-03-26,Elamkulam,20,206,0,0,1
2025-03-26,Elamkulam,21,86,0,0,0
2025-03-26,Elamkulam,22,74,0,0,0
2025-03-26,Vyttila,6,78,0,0,0
2025-03-26,Vyttila,7,72,0,0,0
2025-03-26,Vyttila,8,193,0,1,0
2025-03-26,Vyttila,9,204,0,1,0
2025-03-26,Vyttila,10,187,0,1,0
2025-03-26,Vyttila,11,83,0,0,0
2025-03-26,Vyttila,12,82,0,0,0
2025-03-26,Vyttila,13,83,0,0,0
2025-03-26,Vyttila,14,84,0,0,0
2025-03-26,Vyttila,15,93,0,0,0
2025-03-26,Vyttila,16,67,0,0,0
2025-03-26,Vyttila,17,194,0,0,1
2025-03-26,Vyttila,18,215,0,0,1
2025-03-26,Vyttila,19,224,0,0,1
2025-03-26,Vyttila,20,189,0,0,1
2025-03-26,Vyttila,21,71,0,0,0
2025-03-26,Vyttila,22,92,0,0,0
2025-03-26,Thaikoodam,6,80,0,0,0
2025-03-26,Thaikoodam,7,88,0,0,0
2025-03-26,Thaikoodam,8,202,0,1,0
2025-03-26,Thaikoodam,9,198,0,1,0
2025-03-26,Thaikoodam,10,218,0,1,0
2025-03-26,Thaikoodam,11,87,0,0,0
2025-03-26,Thaikoodam,12,62,0,0,0
2025-03-26,Thaikoodam,13,90,0,0,0
2025-03-26,Thaikoodam,14,95,0,0,0
2025-03-26,Thaikoodam,15,80,0,0,0
2025-03-26,Thaikoodam,16,76,0,0,0
2025-03-26,Thaikoodam,17,209,0,0,1
2025-03-26,Thaikoodam,18,189,0,0,1
2025-03-26,Thaikoodam,19,218,0,0,1
2025-03-26,Thaikoodam,20,207,0,0,1
2025-03-26,Thaikoodam,21,80,0,0,0
2025-03-26,Thaikoodam,22,77,0,0,0
2025-03-26,Petta,6,77,0,0,0
2025-03-26,Petta,7,88,0,0,0
2025-03-26,Petta,8,193,0,1,0
2025-03-26,Petta,9,184,0,1,0
2025-03-26,Petta,10,194,0,1,0
2025-03-26,Petta,11,68,0,0,0
2025-03-26,Petta,12,81,0,0,0
2025-03-26,Petta,13,76,0,0,0
2025-03-26,Petta,14,66,0,0,0
2025-03-26,Petta,15,75,0,0,0
2025-03-26,Petta,16,77,0,0,0
2025-03-26,Petta,17,203,0,0,1
2025-03-26,Petta,18,198,0,0,1
2025-03-26,Petta,19,184,0,0,1
2025-03-26,Petta,20,216,0,0,1
2025-03-26,Petta,21,86,0,0,0
2025-03-26,Petta,22,79,0,0,0
2025-03-26,Vadakkekotta,6,68,0,0,0
2025-03-26,Vadakkekotta,7,80,0,0,0
2025-03-26,Vadakkekotta,8,198,0,1,0
2025-03-26,Vadakkekotta,9,191,0,1,0
2025-03-26,Vadakkekotta,10,186,0,1,0
2025-03-26,Vadakkekotta,11,81,0,0,0
2025-03-26,Vadakkekotta,12,92,0,0,0
2025-03-26,Vadakkekotta,13,73,0,0,0
2025-03-26,Vadakkekotta,14,82,0,0,0
2025-03-26,Vadakkekotta,15,98,0,0,0
2025-03-26,Vadakkekotta,16,95,0,0,0
2025-03-26,Vadakkekotta,17,187,0,0,1
2025-03-26,Vadakkekotta,18,198,0,0,1
2025-03-26,Vadakkekotta,19,190,0,0,1
2025-03-26,Vadakkekotta,20,229,0,0,1
2025-03-26,Vadakkekotta,21,95,0,0,0
2025-03-26,Vadakkekotta,22,68,0,0,0
2025-03-26,SN Junction,6,82,0,0,0
2025-03-26,SN Junction,7,59,0,0,0
2025-03-26,SN Junction,8,207,0,1,0
2025-03-26,SN Junction,9,199,0,1,0
2025-03-26,SN Junction,10,223,0,1,0
2025-03-26,SN Junction,11,82,0,0,0
2025-03-26,SN Junction,12,68,0,0,0
2025-03-26,SN Junction,13,73,0,0,0
2025-03-26,SN Junction,14,87,0,0,0
2025-03-26,SN Junction,15,75,0,0,0
2025-03-26,SN Junction,16,87,0,0,0
2025-03-26,SN Junction,17,213,0,0,1
2025-03-26,SN Junction,18,206,0,0,1
2025-03-26,SN Junction,19,182,0,0,1
2025-03-26,SN Junction,20,229,0,0,1
2025-03-26,SN Junction,21,85,0,0,0
2025-03-26,SN Junction,22,90,0,0,0
2025-03-26,Tripunithura Terminal,6,92,0,0,0
2025-03-26,Tripunithura Terminal,7,77,0,0,0
2025-03-26,Tripunithura Terminal,8,212,0,1,0
2025-03-26,Tripunithura Terminal,9,190,0,1,0
2025-03-26,Tripunithura Terminal,10,217,0,1,0
2025-03-26,Tripunithura Terminal,11,79,0,0,0
2025-03-26,Tripunithura Terminal,12,94,0,0,0
2025-03-26,Tripunithura Terminal,13,70,0,0,0
2025-03-26,Tripunithura Terminal,14,78,0,0,0
2025-03-26,Tripunithura Terminal,15,81,0,0,0
2025-03-26,Tripunithura Terminal,16,82,0,0,0
2025-03-26,Tripunithura Terminal,17,200,0,0,1
2025-03-26,Tripunithura Terminal,18,224,0,0,1
2025-03-26,Tripunithura Terminal,19,207,0,0,1
2025-03-26,Tripunithura Terminal,20,204,0,0,1
2025-03-26,Tripunithura Terminal,21,63,0,0,0
2025-03-26,Tripunithura Terminal,22,65,0,0,0
2025-04-02,Aluva,6,187,0,0,0
2025-04-02,Aluva,7,196,0,0,0
2025-04-02,Aluva,8,480,0,1,0
2025-04-02,Aluva,9,480,0,1,0
2025-04-02,Aluva,10,497,0,1,0
2025-04-02,Aluva,11,197,0,0,0
2025-04-02,Aluva,12,214,0,0,0
2025-04-02,Aluva,13,210,0,0,0
2025-04-02,Aluva,14,180,0,0,0
2025-04-02,Aluva,15,214,0,0,0
2025-04-02,Aluva,16,196,0,0,0
2025-04-02,Aluva,17,490,0,0,1
2025-04-02,Aluva,18,501,0,0,1
2025-04-02,Aluva,19,506,0,0,1
2025-04-02,Aluva,20,486,0,0,1
2025-04-02,Aluva,21,201,0,0,0
2025-04-02,Aluva,22,209,0,0,0
2025-04-02,Pulinchodu,6,85,0,0,0
2025-04-02,Pulinchodu,7,77,0,0,0
2025-04-02,Pulinchodu,8,203,0,1,0
2025-04-02,Pulinchodu,9,202,0,1,0
2025-04-02,Pulinchodu,10,200,0,1,0
2025-04-02,Pulinchodu,11,73,0,0,0
2025-04-02,Pulinchodu,12,91,0,0,0
2025-04-02,Pulinchodu,13,72,0,0,0
2025-04-02,Pulinchodu,14,72,0,0,0
2025-04-02,Pulinchodu,15,77,0,0,0
2025-04-02,Pulinchodu,16,86,0,0,0
2025-04-02,Pulinchodu,17,203,0,0,1
2025-04-02,Pulinchodu,18,208,0,0,1
2025-04-02,Pulinchodu,19,188,0,0,1
2025-04-02,Pulinchodu,20,192,0,0,1
2025-04-02,Pulinchodu,21,87,0,0,0
2025-04-02,Pulinchodu,22,85,0,0,0
2025-04-02,Companypady,6,82,0,0,0
2025-04-02,Companypady,7,90,0,0,0
2025-04-02,Companypady,8,194,0,1,0
2025-04-02,Companypady,9,175,0,1,0
2025-04-02,Companypady,10,173,0,1,0
2025-04-02,Companypady,11,68,0,0,0
2025-04-02,Companypady,12,69,0,0,0
2025-04-02,Companypady,13,68,0,0,0
2025-04-02,Companypady,14,76,0,0,0
2025-04-02,Companypady,15,82,0,0,0
2025-04-02,Companypady,16,69,0,0,0
2025-04-02,Companypady,17,213,0,0,1
2025-04-02,Companypady,18,188,0,0,1
2025-04-02,Companypady,19,201,0,0,1
2025-04-02,Companypady,20,208,0,0,1
2025-04-02,Companypady,21,74,0,0,0
2025-04-02,Companypady,22,87,0,0,0
2025-04-02,Ambattukavu,6,86,0,0,0
2025-04-02,Ambattukavu,7,76,0,0,0
2025-04-02,Ambattukavu,8,191,0,1,0
2025-04-02,Ambattukavu,9,204,0,1,0
2025-04-02,Ambattukavu,10,213,0,1,0
2025-04-02,Ambattukavu,11,68,0,0,0
2025-04-02,Ambattukavu,12,81,0,0,0
2025-04-02,Ambattukavu,13,71,0,0,0
2025-04-02,Ambattukavu,14,87,0,0,0
2025-04-02,Ambattukavu,15,100,0,0,0
2025-04-02,Ambattukavu,16,89,0,0,0
2025-04-02,Ambattukavu,17,232,0,0,1
2025-04-02,Ambattukavu,18,217,0,0,1
2025-04-02,Ambattukavu,19,202,0,0,1
2025-04-02,Ambattukavu,20,193,0,0,1
2025-04-02,Ambattukavu,21,90,0,0,0
2025-04-02,Ambattukavu,22,71,0,0,0
2025-04-02,Muttom,6,84,0,0,0
2025-04-02,Muttom,7,75,0,0,0
2025-04-02,Muttom,8,177,0,1,0
2025-04-02,Muttom,9,182,0,1,0
2025-04-02,Muttom,10,190,0,1,0
2025-04-02,Muttom,11,74,0,0,0
2025-04-02,Muttom,12,84,0,0,0
2025-04-02,Muttom,13,78,0,0,0
2025-04-02,Muttom,14,83,0,0,0
2025-04-02,Muttom,15,90,0,0,0
2025-04-02,Muttom,16,87,0,0,0
2025-04-02,Muttom,17,181,0,0,1
2025-04-02,Muttom,18,172,0,0,1
2025-04-02,Muttom,19,210,0,0,1
2025-04-02,Muttom,20,184,0,0,1
2025-04-02,Muttom,21,96,0,0,0
2025-04-02,Muttom,22,80,0,0,0
2025-04-02,Kalamassery,6,214,0,0,0
2025-04-02,Kalamassery,7,192,0,0,0
2025-04-02,Kalamassery,8,515,0,1,0
2025-04-02,Kalamassery,9,529,0,1,0
2025-04-02,Kalamassery,10,490,0,1,0
2025-04-02,Kalamassery,11,225,0,0,0
2025-04-02,Kalamassery,12,201,0,0,0
2025-04-02,Kalamassery,13,171,0,0,0
2025-04-02,Kalamassery,14,185,0,0,0
2025-04-02,Kalamassery,15,206,0,0,0
2025-04-02,Kalamassery,16,204,0,0,0
2025-04-02,Kalamassery,17,498,0,0,1
2025-04-02,Kalamassery,18,513,0,0,1
2025-04-02,Kalamassery,19,527,0,0,1
2025-04-02,Kalamassery,20,527,0,0,1
2025-04-02,Kalamassery,21,211,0,0,0
2025-04-02,Kalamassery,22,219,0,0,0
2025-04-02,CUSAT,6,81,0,0,0
2025-04-02,CUSAT,7,90,0,0,0
2025-04-02,CUSAT,8,212,0,1,0
2025-04-02,CUSAT,9,217,0,1,0
2025-04-02,CUSAT,10,196,0,1,0
2025-04-02,CUSAT,11,101,0,0,0
2025-04-02,CUSAT,12,68,0,0,0
2025-04-02,CUSAT,13,83,0,0,0
2025-04-02,CUSAT,14,85,0,0,0
2025-04-02,CUSAT,15,79,0,0,0
2025-04-02,CUSAT,16,70,0,0,0
2025-04-02,CUSAT,17,203,0,0,1
2025-04-02,CUSAT,18,198,0,0,1
2025-04-02,CUSAT,19,199,0,0,1
2025-04-02,CUSAT,20,191,0,0,1
2025-04-02,CUSAT,21,97,0,0,0
2025-04-02,CUSAT,22,73,0,0,0
2025-04-02,Pathadipalam,6,83,0,0,0
2025-04-02,Pathadipalam,7,84,0,0,0
2025-04-02,Pathadipalam,8,220,0,1,0
2025-04-02,Pathadipalam,9,218,0,1,0
2025-04-02,Pathadipalam,10,196,0,1,0
2025-04-02,Pathadipalam,11,75,0,0,0
2025-04-02,Pathadipalam,12,104,0,0,0
2025-04-02,Pathadipalam,13,94,0,0,0
2025-04-02,Pathadipalam,14,68,0,0,0
2025-04-02,Pathadipalam,15,79,0,0,0
2025-04-02,Pathadipalam,16,82,0,0,0
2025-04-02,Pathadipalam,17,158,0,0,1
2025-04-02,Pathadipalam,18,192,0,0,1
2025-04-02,Pathadipalam,19,218,0,0,1
2025-04-02,Pathadipalam,20,198,0,0,1
2025-04-02,Pathadipalam,21,76,0,0,0
2025-04-02,Pathadipalam,22,81,0,0,0
2025-04-02,Edappally,6,191,0,0,0
2025-04-02,Edappally,7,213,0,0,0
2025-04-02,Edappally,8,496,0,1,0
2025-04-02,Edappally,9,549,0,1,0
2025-04-02,Edappally,10,467,0,1,0
2025-04-02,Edappally,11,223,0,0,0
2025-04-02,Edappally,12,204,0,0,0
2025-04-02,Edappally,13,172,0,0,0
2025-04-02,Edappally,14,162,0,0,0
2025-04-02,Edappally,15,194,0,0,0
2025-04-02,Edappally,16,190,0,0,0
2025-04-02,Edappally,17,474,0,0,1
2025-04-02,Edappally,18,502,0,0,1
2025-04-02,Edappally,19,463,0,0,1
2025-04-02,Edappally,20,492,0,0,1
2025-04-02,Edappally,21,170,0,0,0
2025-04-02,Edappally,22,214,0,0,0
2025-04-02,Changampuzha Park,6,69,0,0,0
2025-04-02,Changampuzha Park,7,76,0,0,0
2025-04-02,Changampuzha Park,8,195,0,1,0
2025-04-02,Changampuzha Park,9,187,0,1,0
2025-04-02,Changampuzha Park,10,194,0,1,0
2025-04-02,Changampuzha Park,11,83,0,0,0
2025-04-02,Changampuzha Park,12,78,0,0,0
2025-04-02,Changampuzha Park,13,73,0,0,0
2025-04-02,Changampuzha Park,14,91,0,0,0
2025-04-02,Changampuzha Park,15,83,0,0,0
2025-04-02,Changampuzha Park,16,85,0,0,0
2025-04-02,Changampuzha Park,17,195,0,0,1
2025-04-02,Changampuzha Park,18,211,0,0,1
2025-04-02,Changampuzha Park,19,191,0,0,1
2025-04-02,Changampuzha Park,20,242,0,0,1
2025-04-02,Changampuzha Park,21,90,0,0,0
2025-04-02,Changampuzha Park,22,83,0,0,0
2025-04-02,Palarivattom,6,75,0,0,0
2025-04-02,Palarivattom,7,81,0,0,0
2025-04-02,Palarivattom,8,200,0,1,0
2025-04-02,Palarivattom,9,183,0,1,0
2025-04-02,Palarivattom,10,200,0,1,0
2025-04-02,Palarivattom,11,67,0,0,0
2025-04-02,Palarivattom,12,70,0,0,0
2025-04-02,Palarivattom,13,71,0,0,0
2025-04-02,Palarivattom,14,88,0,0,0
2025-04-02,Palarivattom,15,94,0,0,0
2025-04-02,Palarivattom,16,84,0,0,0
2025-04-02,Palarivattom,17,210,0,0,1
2025-04-02,Palarivattom,18,199,0,0,1
2025-04-02,Palarivattom,19,220,0,0,1
2025-04-02,Palarivattom,20,178,0,0,1
2025-04-02,Palarivattom,21,87,0,0,0
2025-04-02,Palarivattom,22,84,0,0,0
2025-04-02,JLN Stadium,6,82,0,0,0
2025-04-02,JLN Stadium,7,85,0,0,0
2025-04-02,JLN Stadium,8,177,0,1,0
2025-04-02,JLN Stadium,9,209,0,1,0
2025-04-02,JLN Stadium,10,180,0,1,0
2025-04-02,JLN Stadium,11,95,0,0,0
2025-04-02,JLN Stadium,12,82,0,0,0
2025-04-02,JLN Stadium,13,87,0,0,0
2025-04-02,JLN Stadium,14,83,0,0,0
2025-04-02,JLN Stadium,15,86,0,0,0
2025-04-02,JLN Stadium,16,83,0,0,0
2025-04-02,JLN Stadium,17,185,0,0,1
2025-04-02,JLN Stadium,18,190,0,0,1
2025-04-02,JLN Stadium,19,214,0,0,1
2025-04-02,JLN Stadium,20,214,0,0,1
2025-04-02,JLN Stadium,21,95,0,0,0
2025-04-02,JLN Stadium,22,86,0,0,0
2025-04-02,Kaloor Town Hall,6,61,0,0,0
2025-04-02,Kaloor Town Hall,7,88,0,0,0
2025-04-02,Kaloor Town Hall,8,190,0,1,0
2025-04-02,Kaloor Town Hall,9,200,0,1,0
2025-04-02,Kaloor Town Hall,10,174,0,1,0
2025-04-02,Kaloor Town Hall,11,69,0,0,0
2025-04-02,Kaloor Town Hall,12,74,0,0,0
2025-04-02,Kaloor Town Hall,13,72,0,0,0
2025-04-02,Kaloor Town Hall,14,83,0,0,0
2025-04-02,Kaloor Town Hall,15,86,0,0,0
2025-04-02,Kaloor Town Hall,16,82,0,0,0
2025-04-02,Kaloor Town Hall,17,206,0,0,1
2025-04-02,Kaloor Town Hall,18,221,0,0,1
2025-04-02,Kaloor Town Hall,19,180,0,0,1
2025-04-02,Kaloor Town Hall,20,221,0,0,1
2025-04-02,Kaloor Town Hall,21,84,0,0,0
2025-04-02,Kaloor Town Hall,22,79,0,0,0
2025-04-02,MG Road,6,197,0,0,0
2025-04-02,MG Road,7,203,0,0,0
2025-04-02,MG Road,8,501,0,1,0
2025-04-02,MG Road,9,505,0,1,0
2025-04-02,MG Road,10,488,0,1,0
2025-04-02,MG Road,11,204,0,0,0
2025-04-02,MG Road,12,209,0,0,0
2025-04-02,MG Road,13,232,0,0,0
2025-04-02,MG Road,14,220,0,0,0
2025-04-02,MG Road,15,185,0,0,0
2025-04-02,MG Road,16,200,0,0,0
2025-04-02,MG Road,17,489,0,0,1
2025-04-02,MG Road,18,504,0,0,1
2025-04-02,MG Road,19,559,0,0,1
2025-04-02,MG Road,20,534,0,0,1
2025-04-02,MG Road,21,227,0,0,0
2025-04-02,MG Road,22,223,0,0,0
2025-04-02,Maharaja's College,6,90,0,0,0
2025-04-02,Maharaja's College,7,89,0,0,0
2025-04-02,Maharaja's College,8,176,0,1,0
2025-04-02,Maharaja's College,9,195,0,1,0
2025-04-02,Maharaja's College,10,182,0,1,0
2025-04-02,Maharaja's College,11,89,0,0,0
2025-04-02,Maharaja's College,12,94,0,0,0
2025-04-02,Maharaja's College,13,79,0,0,0
2025-04-02,Maharaja's College,14,63,0,0,0
2025-04-02,Maharaja's College,15,81,0,0,0
2025-04-02,Maharaja's College,16,73,0,0,0
2025-04-02,Maharaja's College,17,197,0,0,1
2025-04-02,Maharaja's College,18,213,0,0,1
2025-04-02,Maharaja's College,19,224,0,0,1
2025-04-02,Maharaja's College,20,192,0,0,1
2025-04-02,Maharaja's College,21,85,0,0,0
2025-04-02,Maharaja's College,22,85,0,0,0
2025-04-02,Ernakulam South,6,187,0,0,0
2025-04-02,Ernakulam South,7,212,0,0,0
2025-04-02,Ernakulam South,8,480,0,1,0
2025-04-02,Ernakulam South,9,523,0,1,0
2025-04-02,Ernakulam South,10,507,0,1,0
2025-04-02,Ernakulam South,11,213,0,0,0
2025-04-02,Ernakulam South,12,177,0,0,0
2025-04-02,Ernakulam South,13,214,0,0,0
2025-04-02,Ernakulam South,14,214,0,0,0
2025-04-02,Ernakulam South,15,186,0,0,0
2025-04-02,Ernakulam South,16,212,0,0,0
2025-04-02,Ernakulam South,17,496,0,0,1
2025-04-02,Ernakulam South,18,515,0,0,1
2025-04-02,Ernakulam South,19,535,0,0,1
2025-04-02,Ernakulam South,20,485,0,0,1
2025-04-02,Ernakulam South,21,213,0,0,0
2025-04-02,Ernakulam South,22,184,0,0,0
2025-04-02,Kadavanthra,6,85,0,0,0
2025-04-02,Kadavanthra,7,85,0,0,0
2025-04-02,Kadavanthra,8,200,0,1,0
2025-04-02,Kadavanthra,9,198,0,1,0
2025-04-02,Kadavanthra,10,182,0,1,0
2025-04-02,Kadavanthra,11,69,0,0,0
2025-04-02,Kadavanthra,12,82,0,0,0
2025-04-02,Kadavanthra,13,83,0,0,0
2025-04-02,Kadavanthra,14,82,0,0,0
2025-04-02,Kadavanthra,15,58,0,0,0
2025-04-02,Kadavanthra,16,64,0,0,0
2025-04-02,Kadavanthra,17,229,0,0,1
2025-04-02,Kadavanthra,18,224,0,0,1
2025-04-02,Kadavanthra,19,196,0,0,1
2025-04-02,Kadavanthra,20,204,0,0,1
2025-04-02,Kadavanthra,21,91,0,0,0
2025-04-02,Kadavanthra,22,85,0,0,0
2025-04-02,Elamkulam,6,69,0,0,0
2025-04-02,Elamkulam,7,78,0,0,0
2025-04-02,Elamkulam,8,213,0,1,0
2025-04-02,Elamkulam,9,178,0,1,0
2025-04-02,Elamkulam,10,182,0,1,0
2025-04-02,Elamkulam,11,79,0,0,0
2025-04-02,Elamkulam,12,76,0,0,0
2025-04-02,Elamkulam,13,92,0,0,0
2025-04-02,Elamkulam,14,83,0,0,0
2025-04-02,Elamkulam,15,74,0,0,0
2025-04-02,Elamkulam,16,90,0,0,0
2025-04-02,Elamkulam,17,227,0,0,1
2025-04-02,Elamkulam,18,171,0,0,1
2025-04-02,Elamkulam,19,184,0,0,1
2025-04-02,Elamkulam,20,197,0,0,1
2025-04-02,Elamkulam,21,86,0,0,0
2025-04-02,Elamkulam,22,85,0,0,0
2025-04-02,Vyttila,6,77,0,0,0
2025-04-02,Vyttila,7,75,0,0,0
2025-04-02,Vyttila,8,206,0,1,0
2025-04-02,Vyttila,9,180,0,1,0
2025-04-02,Vyttila,10,208,0,1,0
2025-04-02,Vyttila,11,87,0,0,0
2025-04-02,Vyttila,12,84,0,0,0
2025-04-02,Vyttila,13,77,0,0,0
2025-04-02,Vyttila,14,75,0,0,0
2025-04-02,Vyttila,15,70,0,0,0
2025-04-02,Vyttila,16,76,0,0,0
2025-04-02,Vyttila,17,200,0,0,1
2025-04-02,Vyttila,18,200,0,0,1
2025-04-02,Vyttila,19,193,0,0,1
2025-04-02,Vyttila,20,207,0,0,1
2025-04-02,Vyttila,21,89,0,0,0
2025-04-02,Vyttila,22,90,0,0,0
2025-04-02,Thaikoodam,6,73,0,0,0
2025-04-02,Thaikoodam,7,72,0,0,0
2025-04-02,Thaikoodam,8,210,0,1,0
2025-04-02,Thaikoodam,9,200,0,1,0
2025-04-02,Thaikoodam,10,182,0,1,0
2025-04-02,Thaikoodam,11,86,0,0,0
2025-04-02,Thaikoodam,12,88,0,0,0
2025-04-02,Thaikoodam,13,90,0,0,0
2025-04-02,Thaikoodam,14,91,0,0,0
2025-04-02,Thaikoodam,15,83,0,0,0
2025-04-02,Thaikoodam,16,93,0,0,0
2025-04-02,Thaikoodam,17,190,0,0,1
2025-04-02,Thaikoodam,18,200,0,0,1
2025-04-02,Thaikoodam,19,189,0,0,1
2025-04-02,Thaikoodam,20,203,0,0,1
2025-04-02,Thaikoodam,21,77,0,0,0
2025-04-02,Thaikoodam,22,81,0,0,0
2025-04-02,Petta,6,78,0,0,0
2025-04-02,Petta,7,100,0,0,0
2025-04-02,Petta,8,190,0,1,0
2025-04-02,Petta,9,210,0,1,0
2025-04-02,Petta,10,216,0,1,0
2025-04-02,Petta,11,80,0,0,0
2025-04-02,Petta,12,57,0,0,0
2025-04-02,Petta,13,96,0,0,0
2025-04-02,Petta,14,93,0,0,0
2025-04-02,Petta,15,80,0,0,0
2025-04-02,Petta,16,79,0,0,0
2025-04-02,Petta,17,186,0,0,1
2025-04-02,Petta,18,210,0,0,1
2025-04-02,Petta,19,191,0,0,1
2025-04-02,Petta,20,202,0,0,1
2025-04-02,Petta,21,81,0,0,0
2025-04-02,Petta,22,84,0,0,0
2025-04-02,Vadakkekotta,6,78,0,0,0
2025-04-02,Vadakkekotta,7,88,0,0,0
2025-04-02,Vadakkekotta,8,203,0,1,0
2025-04-02,Vadakkekotta,9,217,0,1,0
2025-04-02,Vadakkekotta,10,216,0,1,0
2025-04-02,Vadakkekotta,11,81,0,0,0
2025-04-02,Vadakkekotta,12,77,0,0,0
2025-04-02,Vadakkekotta,13,73,0,0,0
2025-04-02,Vadakkekotta,14,91,0,0,0
2025-04-02,Vadakkekotta,15,79,0,0,0
2025-04-02,Vadakkekotta,16,90,0,0,0
2025-04-02,Vadakkekotta,17,189,0,0,1
2025-04-02,Vadakkekotta,18,201,0,0,1
2025-04-02,Vadakkekotta,19,207,0,0,1
2025-04-02,Vadakkekotta,20,217,0,0,1
2025-04-02,Vadakkekotta,21,73,0,0,0
2025-04-02,Vadakkekotta,22,87,0,0,0
2025-04-02,SN Junction,6,82,0,0,0
2025-04-02,SN Junction,7,88,0,0,0
2025-04-02,SN Junction,8,198,0,1,0
2025-04-02,SN Junction,9,199,0,1,0
2025-04-02,SN Junction,10,224,0,1,0
2025-04-02,SN Junction,11,82,0,0,0
2025-04-02,SN Junction,12,69,0,0,0
2025-04-02,SN Junction,13,88,0,0,0
2025-04-02,SN Junction,14,88,0,0,0
2025-04-02,SN Junction,15,95,0,0,0
2025-04-02,SN Junction,16,60,0,0,0
2025-04-02,SN Junction,17,176,0,0,1
2025-04-02,SN Junction,18,218,0,0,1
2025-04-02,SN Junction,19,186,0,0,1
2025-04-02,SN Junction,20,218,0,0,1
2025-04-02,SN Junction,21,79,0,0,0
2025-04-02,SN Junction,22,71,0,0,0
2025-04-02,Tripunithura Terminal,6,81,0,0,0
2025-04-02,Tripunithura Terminal,7,69,0,0,0
2025-04-02,Tripunithura Terminal,8,203,0,1,0
2025-04-02,Tripunithura Terminal,9,195,0,1,0
2025-04-02,Tripunithura Terminal,10,180,0,1,0
2025-04-02,Tripunithura Terminal,11,78,0,0,0
2025-04-02,Tripunithura Terminal,12,69,0,0,0
2025-04-02,Tripunithura Terminal,13,93,0,0,0
2025-04-02,Tripunithura Terminal,14,87,0,0,0
2025-04-02,Tripunithura Terminal,15,83,0,0,0
2025-04-02,Tripunithura Terminal,16,77,0,0,0
2025-04-02,Tripunithura Terminal,17,208,0,0,1
2025-04-02,Tripunithura Terminal,18,195,0,0,1
2025-04-02,Tripunithura Terminal,19,189,0,0,1
2025-04-02,Tripunithura Terminal,20,218,0,0,1
2025-04-02,Tripunithura Terminal,21,90,0,0,0
2025-04-02,Tripunithura Terminal,22,81,0,0,0
2025-04-09,Aluva,6,189,0,0,0
2025-04-09,Aluva,7,185,0,0,0
2025-04-09,Aluva,8,496,0,1,0
2025-04-09,Aluva,9,467,0,1,0
2025-04-09,Aluva,10,534,0,1,0
2025-04-09,Aluva,11,182,0,0,0
2025-04-09,Aluva,12,204,0,0,0
2025-04-09,Aluva,13,191,0,0,0
2025-04-09,Aluva,14,215,0,0,0
2025-04-09,Aluva,15,201,0,0,0
2025-04-09,Aluva,16,207,0,0,0
2025-04-09,Aluva,17,491,0,0,1
2025-04-09,Aluva,18,449,0,0,1
2025-04-09,Aluva,19,494,0,0,1
2025-04-09,Aluva,20,484,0,0,1
2025-04-09,Aluva,21,173,0,0,0
2025-04-09,Aluva,22,208,0,0,0
2025-04-09,Pulinchodu,6,86,0,0,0
2025-04-09,Pulinchodu,7,85,0,0,0
2025-04-09,Pulinchodu,8,208,0,1,0
2025-04-09,Pulinchodu,9,215,0,1,0
2025-04-09,Pulinchodu,10,194,0,1,0
2025-04-09,Pulinchodu,11,82,0,0,0
2025-04-09,Pulinchodu,12,89,0,0,0
2025-04-09,Pulinchodu,13,82,0,0,0
2025-04-09,Pulinchodu,14,87,0,0,0
2025-04-09,Pulinchodu,15,84,0,0,0
2025-04-09,Pulinchodu,16,75,0,0,0
2025-04-09,Pulinchodu,17,177,0,0,1
2025-04-09,Pulinchodu,18,204,0,0,1
2025-04-09,Pulinchodu,19,208,0,0,1
2025-04-09,Pulinchodu,20,200,0,0,1
2025-04-09,Pulinchodu,21,86,0,0,0
2025-04-09,Pulinchodu,22,80,0,0,0
2025-04-09,Companypady,6,88,0,0,0
2025-04-09,Companypady,7,69,0,0,0
2025-04-09,Companypady,8,221,0,1,0
2025-04-09,Companypady,9,226,0,1,0
2025-04-09,Companypady,10,197,0,1,0
2025-04-09,Companypady,11,89,0,0,0
2025-04-09,Companypady,12,77,0,0,0
2025-04-09,Companypady,13,78,0,0,0
2025-04-09,Companypady,14,83,0,0,0
2025-04-09,Companypady,15,87,0,0,0
2025-04-09,Companypady,16,76,0,0,0
2025-04-09,Companypady,17,205,0,0,1
2025-04-09,Companypady,18,184,0,0,1
2025-04-09,Companypady,19,195,0,0,1
2025-04-09,Companypady,20,185,0,0,1
2025-04-09,Companypady,21,78,0,0,0
2025-04-09,Companypady,22,91,0,0,0
2025-04-09,Ambattukavu,6,71,0,0,0
2025-04-09,Ambattukavu,7,77,0,0,0
2025-04-09,Ambattukavu,8,210,0,1,0
2025-04-09,Ambattukavu,9,205,0,1,0
2025-04-09,Ambattukavu,10,209,0,1,0
2025-04-09,Ambattukavu,11,71,0,0,0
2025-04-09,Ambattukavu,12,76,0,0,0
2025-04-09,Ambattukavu,13,50,0,0,0
2025-04-09,Ambattukavu,14,80,0,0,0
2025-04-09,Ambattukavu,15,90,0,0,0
2025-04-09,Ambattukavu,16,99,0,0,0
2025-04-09,Ambattukavu,17,219,0,0,1
2025-04-09,Ambattukavu,18,196,0,0,1
2025-04-09,Ambattukavu,19,168,0,0,1
2025-04-09,Ambattukavu,20,214,0,0,1
2025-04-09,Ambattukavu,21,69,0,0,0
2025-04-09,Ambattukavu,22,79,0,0,0
2025-04-09,Muttom,6,87,0,0,0
2025-04-09,Muttom,7,85,0,0,0
2025-04-09,Muttom,8,180,0,1,0
2025-04-09,Muttom,9,216,0,1,0
2025-04-09,Muttom,10,209,0,1,0
2025-04-09,Muttom,11,77,0,0,0
2025-04-09,Muttom,12,58,0,0,0
2025-04-09,Muttom,13,80,0,0,0
2025-04-09,Muttom,14,86,0,0,0
2025-04-09,Muttom,15,79,0,0,0
2025-04-09,Muttom,16,68,0,0,0
2025-04-09,Muttom,17,198,0,0,1
2025-04-09,Muttom,18,195,0,0,1
2025-04-09,Muttom,19,213,0,0,1
2025-04-09,Muttom,20,213,0,0,1
2025-04-09,Muttom,21,59,0,0,0
2025-04-09,Muttom,22,100,0,0,0
2025-04-09,Kalamassery,6,212,0,0,0
2025-04-09,Kalamassery,7,186,0,0,0
2025-04-09,Kalamassery,8,474,0,1,0
2025-04-09,Kalamassery,9,514,0,1,0
2025-04-09,Kalamassery,10,513,0,1,0
2025-04-09,Kalamassery,11,204,0,0,0
2025-04-09,Kalamassery,12,198,0,0,0
2025-04-09,Kalamassery,13,204,0,0,0
2025-04-09,Kalamassery,14,180,0,0,0
2025-04-09,Kalamassery,15,212,0,0,0
2025-04-09,Kalamassery,16,217,0,0,0
2025-04-09,Kalamassery,17,508,0,0,1
2025-04-09,Kalamassery,18,526,0,0,1
2025-04-09,Kalamassery,19,523,0,0,1
2025-04-09,Kalamassery,20,520,0,0,1
2025-04-09,Kalamassery,21,188,0,0,0
2025-04-09,Kalamassery,22,177,0,0,0
2025-04-09,CUSAT,6,78,0,0,0
2025-04-09,CUSAT,7,78,0,0,0
2025-04-09,CUSAT,8,186,0,1,0
2025-04-09,CUSAT,9,219,0,1,0
2025-04-09,CUSAT,10,190,0,1,0
2025-04-09,CUSAT,11,69,0,0,0
2025-04-09,CUSAT,12,87,0,0,0
2025-04-09,CUSAT,13,93,0,0,0
2025-04-09,CUSAT,14,84,0,0,0
2025-04-09,CUSAT,15,76,0,0,0
2025-04-09,CUSAT,16,86,0,0,0
2025-04-09,CUSAT,17,184,0,0,1
2025-04-09,CUSAT,18,178,0,0,1
2025-04-09,CUSAT,19,212,0,0,1
2025-04-09,CUSAT,20,199,0,0,1
2025-04-09,CUSAT,21,74,0,0,0
2025-04-09,CUSAT,22,81,0,0,0
2025-04-09,Pathadipalam,6,75,0,0,0
2025-04-09,Pathadipalam,7,86,0,0,0
2025-04-09,Pathadipalam,8,201,0,1,0
2025-04-09,Pathadipalam,9,201,0,1,0
2025-04-09,Pathadipalam,10,193,0,1,0
2025-04-09,Pathadipalam,11,79,0,0,0
2025-04-09,Pathadipalam,12,81,0,0,0
2025-04-09,Pathadipalam,13,87,0,0,0
2025-04-09,Pathadipalam,14,84,0,0,0
2025-04-09,Pathadipalam,15,78,0,0,0
2025-04-09,Pathadipalam,16,83,0,0,0
2025-04-09,Pathadipalam,17,200,0,0,1
2025-04-09,Pathadipalam,18,201,0,0,1
2025-04-09,Pathadipalam,19,226,0,0,1
2025-04-09,Pathadipalam,20,199,0,0,1
2025-04-09,Pathadipalam,21,81,0,0,0
2025-04-09,Pathadipalam,22,83,0,0,0
2025-04-09,Edappally,6,167,0,0,0
2025-04-09,Edappally,7,224,0,0,0
2025-04-09,Edappally,8,513,0,1,0
2025-04-09,Edappally,9,549,0,1,0
2025-04-09,Edappally,10,505,0,1,0
2025-04-09,Edappally,11,195,0,0,0
2025-04-09,Edappally,12,187,0,0,0
2025-04-09,Edappally,13,194,0,0,0
2025-04-09,Edappally,14,217,0,0,0
2025-04-09,Edappally,15,200,0,0,0
2025-04-09,Edappally,16,233,0,0,0
2025-04-09,Edappally,17,509,0,0,1
2025-04-09,Edappally,18,533,0,0,1
2025-04-09,Edappally,19,504,0,0,1
2025-04-09,Edappally,20,478,0,0,1
2025-04-09,Edappally,21,190,0,0,0
2025-04-09,Edappally,22,165,0,0,0
2025-04-09,Changampuzha Park,6,83,0,0,0
2025-04-09,Changampuzha Park,7,75,0,0,0
2025-04-09,Changampuzha Park,8,187,0,1,0
2025-04-09,Changampuzha Park,9,177,0,1,0
2025-04-09,Changampuzha Park,10,211,0,1,0
2025-04-09,Changampuzha Park,11,66,0,0,0
2025-04-09,Changampuzha Park,12,80,0,0,0
2025-04-09,Changampuzha Park,13,75,0,0,0
2025-04-09,Changampuzha Park,14,83,0,0,0
2025-04-09,Changampuzha Park,15,97,0,0,0
2025-04-09,Changampuzha Park,16,74,0,0,0
2025-04-09,Changampuzha Park,17,203,0,0,1
2025-04-09,Changampuzha Park,18,186,0,0,1
2025-04-09,Changampuzha Park,19,208,0,0,1
2025-04-09,Changampuzha Park,20,220,0,0,1
2025-04-09,Changampuzha Park,21,85,0,0,0
2025-04-09,Changampuzha Park,22,100,0,0,0
2025-04-09,Palarivattom,6,89,0,0,0
2025-04-09,Palarivattom,7,88,0,0,0
2025-04-09,Palarivattom,8,223,0,1,0
2025-04-09,Palarivattom,9,189,0,1,0
2025-04-09,Palarivattom,10,207,0,1,0
2025-04-09,Palarivattom,11,70,0,0,0
2025-04-09,Palarivattom,12,84,0,0,0
2025-04-09,Palarivattom,13,75,0,0,0
2025-04-09,Palarivattom,14,84,0,0,0
2025-04-09,Palarivattom,15,77,0,0,0
2025-04-09,Palarivattom,16,91,0,0,0
2025-04-09,Palarivattom,17,196,0,0,1
2025-04-09,Palarivattom,18,207,0,0,1
2025-04-09,Palarivattom,19,191,0,0,1
2025-04-09,Palarivattom,20,182,0,0,1
2025-04-09,Palarivattom,21,78,0,0,0
2025-04-09,Palarivattom,22,78,0,0,0
2025-04-09,JLN Stadium,6,73,0,0,0
2025-04-09,JLN Stadium,7,82,0,0,0
2025-04-09,JLN Stadium,8,204,0,1,0
2025-04-09,JLN Stadium,9,219,0,1,0
2025-04-09,JLN Stadium,10,203,0,1,0
2025-04-09,JLN Stadium,11,73,0,0,0
2025-04-09,JLN Stadium,12,72,0,0,0
2025-04-09,JLN Stadium,13,86,0,0,0
2025-04-09,JLN Stadium,14,75,0,0,0
2025-04-09,JLN Stadium,15,91,0,0,0
2025-04-09,JLN Stadium,16,95,0,0,0
2025-04-09,JLN Stadium,17,205,0,0,1
2025-04-09,JLN Stadium,18,192,0,0,1
2025-04-09,JLN Stadium,19,215,0,0,1
2025-04-09,JLN Stadium,20,196,0,0,1
2025-04-09,JLN Stadium,21,68,0,0,0
2025-04-09,JLN Stadium,22,93,0,0,0
2025-04-09,Kaloor Town Hall,6,68,0,0,0
2025-04-09,Kaloor Town Hall,7,72,0,0,0
2025-04-09,Kaloor Town Hall,8,205,0,1,0
2025-04-09,Kaloor Town Hall,9,162,0,1,0
2025-04-09,Kaloor Town Hall,10,199,0,1,0
2025-04-09,Kaloor Town Hall,11,85,0,0,0
2025-04-09,Kaloor Town Hall,12,68,0,0,0
2025-04-09,Kaloor Town Hall,13,78,0,0,0
2025-04-09,Kaloor Town Hall,14,78,0,0,0
2025-04-09,Kaloor Town Hall,15,83,0,0,0
2025-04-09,Kaloor Town Hall,16,81,0,0,0
2025-04-09,Kaloor Town Hall,17,207,0,0,1
2025-04-09,Kaloor Town Hall,18,204,0,0,1
2025-04-09,Kaloor Town Hall,19,184,0,0,1
2025-04-09,Kaloor Town Hall,20,211,0,0,1
2025-04-09,Kaloor Town Hall,21,78,0,0,0
2025-04-09,Kaloor Town Hall,22,91,0,0,0
2025-04-09,MG Road,6,185,0,0,0
2025-04-09,MG Road,7,189,0,0,0
2025-04-09,MG Road,8,477,0,1,0
2025-04-09,MG Road,9,528,0,1,0
2025-04-09,MG Road,10,492,0,1,0
2025-04-09,MG Road,11,199,0,0,0
2025-04-09,MG Road,12,189,0,0,0
2025-04-09,MG Road,13,199,0,0,0
2025-04-09,MG Road,14,199,0,0,0
2025-04-09,MG Road,15,198,0,0,0
2025-04-09,MG Road,16,216,0,0,0
2025-04-09,MG Road,17,510,0,0,1
2025-04-09,MG Road,18,468,0,0,1
2025-04-09,MG Road,19,504,0,0,1
2025-04-09,MG Road,20,505,0,0,1
2025-04-09,MG Road,21,247,0,0,0
2025-04-09,MG Road,22,209,0,0,0
2025-04-09,Maharaja's College,6,73,0,0,0
2025-04-09,Maharaja's College,7,73,0,0,0
2025-04-09,Maharaja's College,8,208,0,1,0
2025-04-09,Maharaja's College,9,184,0,1,0
2025-04-09,Maharaja's College,10,190,0,1,0
2025-04-09,Maharaja's College,11,79,0,0,0
2025-04-09,Maharaja's College,12,80,0,0,0
2025-04-09,Maharaja's College,13,92,0,0,0
2025-04-09,Maharaja's College,14,84,0,0,0
2025-04-09,Maharaja's College,15,81,0,0,0
2025-04-09,Maharaja's College,16,88,0,0,0
2025-04-09,Maharaja's College,17,199,0,0,1
2025-04-09,Maharaja's College,18,217,0,0,1
2025-04-09,Maharaja's College,19,195,0,0,1
2025-04-09,Maharaja's College,20,174,0,0,1
2025-04-09,Maharaja's College,21,82,0,0,0
2025-04-09,Maharaja's College,22,81,0,0,0
2025-04-09,Ernakulam South,6,208,0,0,0
2025-04-09,Ernakulam South,7,201,0,0,0
2025-04-09,Ernakulam South,8,504,0,1,0
2025-04-09,Ernakulam South,9,520,0,1,0
2025-04-09,Ernakulam South,10,514,0,1,0
2025-04-09,Ernakulam South,11,210,0,0,0
2025-04-09,Ernakulam South,12,201,0,0,0
2025-04-09,Ernakulam South,13,191,0,0,0
2025-04-09,Ernakulam South,14,209,0,0,0
2025-04-09,Ernakulam South,15,213,0,0,0
2025-04-09,Ernakulam South,16,233,0,0,0
2025-04-09,Ernakulam South,17,490,0,0,1
2025-04-09,Ernakulam South,18,518,0,0,1
2025-04-09,Ernakulam South,19,478,0,0,1
2025-04-09,Ernakulam South,20,458,0,0,1
2025-04-09,Ernakulam South,21,190,0,0,0
2025-04-09,Ernakulam South,22,218,0,0,0
2025-04-09,Kadavanthra,6,88,0,0,0
2025-04-09,Kadavanthra,7,79,0,0,0
2025-04-09,Kadavanthra,8,202,0,1,0
2025-04-09,Kadavanthra,9,188,0,1,0
2025-04-09,Kadavanthra,10,213,0,1,0
2025-04-09,Kadavanthra,11,74,0,0,0
2025-04-09,Kadavanthra,12,65,0,0,0
2025-04-09,Kadavanthra,13,95,0,0,0
2025-04-09,Kadavanthra,14,92,0,0,0
2025-04-09,Kadavanthra,15,70,0,0,0
2025-04-09,Kadavanthra,16,80,0,0,0
2025-04-09,Kadavanthra,17,225,0,0,1
2025-04-09,Kadavanthra,18,197,0,0,1
2025-04-09,Kadavanthra,19,232,0,0,1
2025-04-09,Kadavanthra,20,206,0,0,1
2025-04-09,Kadavanthra,21,77,0,0,0
2025-04-09,Kadavanthra,22,96,0,0,0
2025-04-09,Elamkulam,6,67,0,0,0
2025-04-09,Elamkulam,7,75,0,0,0
2025-04-09,Elamkulam,8,217,0,1,0
2025-04-09,Elamkulam,9,181,0,1,0
2025-04-09,Elamkulam,10,216,0,1,0
2025-04-09,Elamkulam,11,78,0,0,0
2025-04-09,Elamkulam,12,91,0,0,0
2025-04-09,Elamkulam,13,82,0,0,0
2025-04-09,Elamkulam,14,93,0,0,0
2025-04-09,Elamkulam,15,72,0,0,0
2025-04-09,Elamkulam,16,66,0,0,0
2025-04-09,Elamkulam,17,197,0,0,1
2025-04-09,Elamkulam,18,188,0,0,1
2025-04-09,Elamkulam,19,199,0,0,1
2025-04-09,Elamkulam,20,197,0,0,1
2025-04-09,Elamkulam,21,84,0,0,0
2025-04-09,Elamkulam,22,82,0,0,0
2025-04-09,Vyttila,6,89,0,0,0
2025-04-09,Vyttila,7,97,0,0,0
2025-04-09,Vyttila,8,192,0,1,0
2025-04-09,Vyttila,9,188,0,1,0
2025-04-09,Vyttila,10,203,0,1,0
2025-04-09,Vyttila,11,79,0,0,0
2025-04-09,Vyttila,12,77,0,0,0
2025-04-09,Vyttila,13,80,0,0,0
2025-04-09,Vyttila,14,80,0,0,0
2025-04-09,Vyttila,15,84,0,0,0
2025-04-09,Vyttila,16,79,0,0,0
2025-04-09,Vyttila,17,212,0,0,1
2025-04-09,Vyttila,18,217,0,0,1
2025-04-09,Vyttila,19,195,0,0,1
2025-04-09,Vyttila,20,190,0,0,1
2025-04-09,Vyttila,21,78,0,0,0
2025-04-09,Vyttila,22,78,0,0,0
2025-04-09,Thaikoodam,6,78,0,0,0
2025-04-09,Thaikoodam,7,68,0,0,0
2025-04-09,Thaikoodam,8,167,0,1,0
2025-04-09,Thaikoodam,9,229,0,1,0
2025-04-09,Thaikoodam,10,193,0,1,0
2025-04-09,Thaikoodam,11,82,0,0,0
2025-04-09,Thaikoodam,12,85,0,0,0
2025-04-09,Thaikoodam,13,81,0,0,0
2025-04-09,Thaikoodam,14,75,0,0,0
2025-04-09,Thaikoodam,15,81,0,0,0
2025-04-09,Thaikoodam,16,66,0,0,0
2025-04-09,Thaikoodam,17,202,0,0,1
2025-04-09,Thaikoodam,18,179,0,0,1
2025-04-09,Thaikoodam,19,217,0,0,1
2025-04-09,Thaikoodam,20,197,0,0,1
2025-04-09,Thaikoodam,21,75,0,0,0
2025-04-09,Thaikoodam,22,88,0,0,0
2025-04-09,Petta,6,69,0,0,0
2025-04-09,Petta,7,71,0,0,0
2025-04-09,Petta,8,221,0,1,0
2025-04-09,Petta,9,195,0,1,0
2025-04-09,Petta,10,198,0,1,0
2025-04-09,Petta,11,84,0,0,0
2025-04-09,Petta,12,78,0,0,0
2025-04-09,Petta,13,85,0,0,0
2025-04-09,Petta,14,70,0,0,0
2025-04-09,Petta,15,67,0,0,0
2025-04-09,Petta,16,86,0,0,0
2025-04-09,Petta,17,204,0,0,1
2025-04-09,Petta,18,183,0,0,1
2025-04-09,Petta,19,209,0,0,1
2025-04-09,Petta,20,218,0,0,1
2025-04-09,Petta,21,92,0,0,0
2025-04-09,Petta,22,82,0,0,0
2025-04-09,Vadakkekotta,6,88,0,0,0
2025-04-09,Vadakkekotta,7,71,0,0,0
2025-04-09,Vadakkekotta,8,201,0,1,0
2025-04-09,Vadakkekotta,9,207,0,1,0
2025-04-09,Vadakkekotta,10,191,0,1,0
2025-04-09,Vadakkekotta,11,78,0,0,0
2025-04-09,Vadakkekotta,12,74,0,0,0
2025-04-09,Vadakkekotta,13,81,0,0,0
2025-04-09,Vadakkekotta,14,78,0,0,0
2025-04-09,Vadakkekotta,15,85,0,0,0
2025-04-09,Vadakkekotta,16,82,0,0,0
2025-04-09,Vadakkekotta,17,172,0,0,1
2025-04-09,Vadakkekotta,18,202,0,0,1
2025-04-09,Vadakkekotta,19,200,0,0,1
2025-04-09,Vadakkekotta,20,186,0,0,1
2025-04-09,Vadakkekotta,21,76,0,0,0
2025-04-09,Vadakkekotta,22,71,0,0,0
2025-04-09,SN Junction,6,84,0,0,0
2025-04-09,SN Junction,7,79,0,0,0
2025-04-09,SN Junction,8,194,0,1,0
2025-04-09,SN Junction,9,200,0,1,0
2025-04-09,SN Junction,10,189,0,1,0
2025-04-09,SN Junction,11,78,0,0,0
2025-04-09,SN Junction,12,74,0,0,0
2025-04-09,SN Junction,13,73,0,0,0
2025-04-09,SN Junction,14,63,0,0,0
2025-04-09,SN Junction,15,63,0,0,0
2025-04-09,SN Junction,16,85,0,0,0
2025-04-09,SN Junction,17,211,0,0,1
2025-04-09,SN Junction,18,195,0,0,1
2025-04-09,SN Junction,19,197,0,0,1
2025-04-09,SN Junction,20,206,0,0,1
2025-04-09,SN Junction,21,83,0,0,0
2025-04-09,SN Junction,22,73,0,0,0
2025-04-09,Tripunithura Terminal,6,75,0,0,0
2025-04-09,Tripunithura Terminal,7,79,0,0,0
2025-04-09,Tripunithura Terminal,8,201,0,1,0
2025-04-09,Tripunithura Terminal,9,215,0,1,0
2025-04-09,Tripunithura Terminal,10,187,0,1,0
2025-04-09,Tripunithura Terminal,11,70,0,0,0
2025-04-09,Tripunithura Terminal,12,84,0,0,0
2025-04-09,Tripunithura Terminal,13,84,0,0,0
2025-04-09,Tripunithura Terminal,14,88,0,0,0
2025-04-09,Tripunithura Terminal,15,66,0,0,0
2025-04-09,Tripunithura Terminal,16,66,0,0,0
2025-04-09,Tripunithura Terminal,17,221,0,0,1
2025-04-09,Tripunithura Terminal,18,219,0,0,1
2025-04-09,Tripunithura Terminal,19,198,0,0,1
2025-04-09,Tripunithura Terminal,20,206,0,0,1
2025-04-09,Tripunithura Terminal,21,79,0,0,0
2025-04-09,Tripunithura Terminal,22,91,0,0,0
2025-04-16,Aluva,6,202,0,0,0
2025-04-16,Aluva,7,238,0,0,0
2025-04-16,Aluva,8,461,0,1,0
2025-04-16,Aluva,9,480,0,1,0
2025-04-16,Aluva,10,475,0,1,0
2025-04-16,Aluva,11,184,0,0,0
2025-04-16,Aluva,12,219,0,0,0
2025-04-16,Aluva,13,193,0,0,0
2025-04-16,Aluva,14,205,0,0,0
2025-04-16,Aluva,15,214,0,0,0
2025-04-16,Aluva,16,218,0,0,0
2025-04-16,Aluva,17,513,0,0,1
2025-04-16,Aluva,18,481,0,0,1
2025-04-16,Aluva,19,487,0,0,1
2025-04-16,Aluva,20,420,0,0,1
2025-04-16,Aluva,21,185,0,0,0
2025-04-16,Aluva,22,210,0,0,0
2025-04-16,Pulinchodu,6,65,0,0,0
2025-04-16,Pulinchodu,7,87,0,0,0
2025-04-16,Pulinchodu,8,183,0,1,0
2025-04-16,Pulinchodu,9,216,0,1,0
2025-04-16,Pulinchodu,10,189,0,1,0
2025-04-16,Pulinchodu,11,88,0,0,0
2025-04-16,Pulinchodu,12,88,0,0,0
2025-04-16,Pulinchodu,13,92,0,0,0
2025-04-16,Pulinchodu,14,81,0,0,0
2025-04-16,Pulinchodu,15,70,0,0,0
2025-04-16,Pulinchodu,16,87,0,0,0
2025-04-16,Pulinchodu,17,188,0,0,1
2025-04-16,Pulinchodu,18,196,0,0,1
2025-04-16,Pulinchodu,19,191,0,0,1
2025-04-16,Pulinchodu,20,205,0,0,1
2025-04-16,Pulinchodu,21,77,0,0,0
2025-04-16,Pulinchodu,22,87,0,0,0
2025-04-16,Companypady,6,89,0,0,0
2025-04-16,Companypady,7,94,0,0,0
2025-04-16,Companypady,8,190,0,1,0
2025-04-16,Companypady,9,238,0,1,0
2025-04-16,Companypady,10,186,0,1,0
2025-04-16,Companypady,11,79,0,0,0
2025-04-16,Companypady,12,94,0,0,0
2025-04-16,Companypady,13,73,0,0,0
2025-04-16,Companypady,14,67,0,0,0
2025-04-16,Companypady,15,78,0,0,0
2025-04-16,Companypady,16,82,0,0,0
2025-04-16,Companypady,17,171,0,0,1
2025-04-16,Companypady,18,174,0,0,1
2025-04-16,Companypady,19,217,0,0,1
2025-04-16,Companypady,20,232,0,0,1
2025-04-16,Companypady,21,85,0,0,0
2025-04-16,Companypady,22,80,0,0,0
2025-04-16,Ambattukavu,6,72,0,0,0
2025-04-16,Ambattukavu,7,85,0,0,0
2025-04-16,Ambattukavu,8,195,0,1,0
2025-04-16,Ambattukavu,9,207,0,1,0
2025-04-16,Ambattukavu,10,199,0,1,0
2025-04-16,Ambattukavu,11,92,0,0,0
2025-04-16,Ambattukavu,12,78,0,0,0
2025-04-16,Ambattukavu,13,76,0,0,0
2025-04-16,Ambattukavu,14,85,0,0,0
2025-04-16,Ambattukavu,15,84,0,0,0
2025-04-16,Ambattukavu,16,89,0,0,0
2025-04-16,Ambattukavu,17,196,0,0,1
2025-04-16,Ambattukavu,18,204,0,0,1
2025-04-16,Ambattukavu,19,208,0,0,1
2025-04-16,Ambattukavu,20,202,0,0,1
2025-04-16,Ambattukavu,21,71,0,0,0
2025-04-16,Ambattukavu,22,82,0,0,0
2025-04-16,Muttom,6,76,0,0,0
2025-04-16,Muttom,7,66,0,0,0
2025-04-16,Muttom,8,210,0,1,0
2025-04-16,Muttom,9,208,0,1,0
2025-04-16,Muttom,10,199,0,1,0
2025-04-16,Muttom,11,88,0,0,0
2025-04-16,Muttom,12,80,0,0,0
2025-04-16,Muttom,13,72,0,0,0
2025-04-16,Muttom,14,75,0,0,0
2025-04-16,Muttom,15,83,0,0,0
2025-04-16,Muttom,16,76,0,0,0
2025-04-16,Muttom,17,196,0,0,1
2025-04-16,Muttom,18,190,0,0,1
2025-04-16,Muttom,19,174,0,0,1
2025-04-16,Muttom,20,193,0,0,1
2025-04-16,Muttom,21,80,0,0,0
2025-04-16,Muttom,22,71,0,0,0
2025-04-16,Kalamassery,6,222,0,0,0
2025-04-16,Kalamassery,7,227,0,0,0
2025-04-16,Kalamassery,8,528,0,1,0
2025-04-16,Kalamassery,9,533,0,1,0
2025-04-16,Kalamassery,10,484,0,1,0
2025-04-16,Kalamassery,11,209,0,0,0
2025-04-16,Kalamassery,12,208,0,0,0
2025-04-16,Kalamassery,13,193,0,0,0
2025-04-16,Kalamassery,14,201,0,0,0
2025-04-16,Kalamassery,15,196,0,0,0
2025-04-16,Kalamassery,16,206,0,0,0
2025-04-16,Kalamassery,17,485,0,0,1
2025-04-16,Kalamassery,18,530,0,0,1
2025-04-16,Kalamassery,19,503,0,0,1
2025-04-16,Kalamassery,20,514,0,0,1
2025-04-16,Kalamassery,21,187,0,0,0
2025-04-16,Kalamassery,22,205,0,0,0
2025-04-16,CUSAT,6,76,0,0,0
2025-04-16,CUSAT,7,102,0,0,0
2025-04-16,CUSAT,8,193,0,1,0
2025-04-16,CUSAT,9,221,0,1,0
2025-04-16,CUSAT,10,190,0,1,0
2025-04-16,CUSAT,11,81,0,0,0
2025-04-16,CUSAT,12,91,0,0,0
2025-04-16,CUSAT,13,62,0,0,0
2025-04-16,CUSAT,14,79,0,0,0
2025-04-16,CUSAT,15,81,0,0,0
2025-04-16,CUSAT,16,86,0,0,0
2025-04-16,CUSAT,17,194,0,0,1
2025-04-16,CUSAT,18,202,0,0,1
2025-04-16,CUSAT,19,195,0,0,1
2025-04-16,CUSAT,20,197,0,0,1
2025-04-16,CUSAT,21,86,0,0,0
2025-04-16,CUSAT,22,75,0,0,0
2025-04-16,Pathadipalam,6,96,0,0,0
2025-04-16,Pathadipalam,7,78,0,0,0
2025-04-16,Pathadipalam,8,215,0,1,0
2025-04-16,Pathadipalam,9,199,0,1,0
2025-04-16,Pathadipalam,10,233,0,1,0
2025-04-16,Pathadipalam,11,79,0,0,0
2025-04-16,Pathadipalam,12,74,0,0,0
2025-04-16,Pathadipalam,13,79,0,0,0
2025-04-16,Pathadipalam,14,93,0,0,0
2025-04-16,Pathadipalam,15,80,0,0,0
2025-04-16,Pathadipalam,16,85,0,0,0
2025-04-16,Pathadipalam,17,215,0,0,1
2025-04-16,Pathadipalam,18,198,0,0,1
2025-04-16,Pathadipalam,19,199,0,0,1
2025-04-16,Pathadipalam,20,195,0,0,1
2025-04-16,Pathadipalam,21,78,0,0,0
2025-04-16,Pathadipalam,22,67,0,0,0
2025-04-16,Edappally,6,172,0,0,0
2025-04-16,Edappally,7,200,0,0,0
2025-04-16,Edappally,8,512,0,1,0
2025-04-16,Edappally,9,457,0,1,0
2025-04-16,Edappally,10,514,0,1,0
2025-04-16,Edappally,11,184,0,0,0
2025-04-16,Edappally,12,188,0,0,0
2025-04-16,Edappally,13,183,0,0,0
2025-04-16,Edappally,14,202,0,0,0
2025-04-16,Edappally,15,222,0,0,0
2025-04-16,Edappally,16,202,0,0,0
2025-04-16,Edappally,17,470,0,0,1
2025-04-16,Edappally,18,498,0,0,1
2025-04-16,Edappally,19,479,0,0,1
2025-04-16,Edappally,20,501,0,0,1
2025-04-16,Edappally,21,197,0,0,0
2025-04-16,Edappally,22,199,0,0,0
2025-04-16,Changampuzha Park,6,83,0,0,0
2025-04-16,Changampuzha Park,7,67,0,0,0
2025-04-16,Changampuzha Park,8,217,0,1,0
2025-04-16,Changampuzha Park,9,196,0,1,0
2025-04-16,Changampuzha Park,10,183,0,1,0
2025-04-16,Changampuzha Park,11,66,0,0,0
2025-04-16,Changampuzha Park,12,90,0,0,0
2025-04-16,Changampuzha Park,13,82,0,0,0
2025-04-16,Changampuzha Park,14,62,0,0,0
2025-04-16,Changampuzha Park,15,78,0,0,0
2025-04-16,Changampuzha Park,16,66,0,0,0
2025-04-16,Changampuzha Park,17,207,0,0,1
2025-04-16,Changampuzha Park,18,200,0,0,1
2025-04-16,Changampuzha Park,19,200,0,0,1
2025-04-16,Changampuzha Park,20,219,0,0,1
2025-04-16,Changampuzha Park,21,72,0,0,0
2025-04-16,Changampuzha Park,22,84,0,0,0
2025-04-16,Palarivattom,6,91,0,0,0
2025-04-16,Palarivattom,7,89,0,0,0
2025-04-16,Palarivattom,8,203,0,1,0
2025-04-16,Palarivattom,9,223,0,1,0
2025-04-16,Palarivattom,10,218,0,1,0
2025-04-16,Palarivattom,11,74,0,0,0
2025-04-16,Palarivattom,12,89,0,0,0
2025-04-16,Palarivattom,13,79,0,0,0
2025-04-16,Palarivattom,14,93,0,0,0
2025-04-16,Palarivattom,15,76,0,0,0
2025-04-16,Palarivattom,16,81,0,0,0
2025-04-16,Palarivattom,17,209,0,0,1
2025-04-16,Palarivattom,18,218,0,0,1
2025-04-16,Palarivattom,19,231,0,0,1
2025-04-16,Palarivattom,20,191,0,0,1
2025-04-16,Palarivattom,21,78,0,0,0
2025-04-16,Palarivattom,22,82,0,0,0
2025-04-16,JLN Stadium,6,77,0,0,0
2025-04-16,JLN Stadium,7,62,0,0,0
2025-04-16,JLN Stadium,8,200,0,1,0
2025-04-16,JLN Stadium,9,199,0,1,0
2025-04-16,JLN Stadium,10,206,0,1,0
2025-04-16,JLN Stadium,11,76,0,0,0
2025-04-16,JLN Stadium,12,87,0,0,0
2025-04-16,JLN Stadium,13,86,0,0,0
2025-04-16,JLN Stadium,14,80,0,0,0
2025-04-16,JLN Stadium,15,70,0,0,0
2025-04-16,JLN Stadium,16,88,0,0,0
2025-04-16,JLN Stadium,17,194,0,0,1
2025-04-16,JLN Stadium,18,185,0,0,1
2025-04-16,JLN Stadium,19,199,0,0,1
2025-04-16,JLN Stadium,20,185,0,0,1
2025-04-16,JLN Stadium,21,85,0,0,0
2025-04-16,JLN Stadium,22,74,0,0,0
2025-04-16,Kaloor Town Hall,6,84,0,0,0
2025-04-16,Kaloor Town Hall,7,83,0,0,0
2025-04-16,Kaloor Town Hall,8,212,0,1,0
2025-04-16,Kaloor Town Hall,9,217,0,1,0
2025-04-16,Kaloor Town Hall,10,178,0,1,0
2025-04-16,Kaloor Town Hall,11,90,0,0,0
2025-04-16,Kaloor Town Hall,12,86,0,0,0
2025-04-16,Kaloor Town Hall,13,83,0,0,0
2025-04-16,Kaloor Town Hall,14,74,0,0,0
2025-04-16,Kaloor Town Hall,15,78,0,0,0
2025-04-16,Kaloor Town Hall,16,65,0,0,0
2025-04-16,Kaloor Town Hall,17,230,0,0,1
2025-04-16,Kaloor Town Hall,18,183,0,0,1
2025-04-16,Kaloor Town Hall,19,179,0,0,1
2025-04-16,Kaloor Town Hall,20,195,0,0,1
2025-04-16,Kaloor Town Hall,21,77,0,0,0
2025-04-16,Kaloor Town Hall,22,77,0,0,0
2025-04-16,MG Road,6,179,0,0,0
2025-04-16,MG Road,7,190,0,0,0
2025-04-16,MG Road,8,491,0,1,0
2025-04-16,MG Road,9,498,0,1,0
2025-04-16,MG Road,10,480,0,1,0
2025-04-16,MG Road,11,215,0,0,0
2025-04-16,MG Road,12,178,0,0,0
2025-04-16,MG Road,13,200,0,0,0
2025-04-16,MG Road,14,195,0,0,0
2025-04-16,MG Road,15,205,0,0,0
2025-04-16,MG Road,16,207,0,0,0
2025-04-16,MG Road,17,550,0,0,1
2025-04-16,MG Road,18,548,0,0,1
2025-04-16,MG Road,19,496,0,0,1
2025-04-16,MG Road,20,507,0,0,1
2025-04-16,MG Road,21,233,0,0,0
2025-04-16,MG Road,22,219,0,0,0
2025-04-16,Maharaja's College,6,90,0,0,0
2025-04-16,Maharaja's College,7,73,0,0,0
2025-04-16,Maharaja's College,8,192,0,1,0
2025-04-16,Maharaja's College,9,196,0,1,0
2025-04-16,Maharaja's College,10,218,0,1,0
2025-04-16,Maharaja's College,11,82,0,0,0
2025-04-16,Maharaja's College,12,81,0,0,0
2025-04-16,Maharaja's College,13,84,0,0,0
2025-04-16,Maharaja's College,14,73,0,0,0
2025-04-16,Maharaja's College,15,86,0,0,0
2025-04-16,Maharaja's College,16,73,0,0,0
2025-04-16,Maharaja's College,17,194,0,0,1
2025-04-16,Maharaja's College,18,219,0,0,1
2025-04-16,Maharaja's College,19,220,0,0,1
2025-04-16,Maharaja's College,20,229,0,0,1
2025-04-16,Maharaja's College,21,87,0,0,0
2025-04-16,Maharaja's College,22,84,0,0,0
2025-04-16,Ernakulam South,6,199,0,0,0
2025-04-16,Ernakulam South,7,208,0,0,0
2025-04-16,Ernakulam South,8,528,0,1,0
2025-04-16,Ernakulam South,9,457,0,1,0
2025-04-16,Ernakulam South,10,488,0,1,0
2025-04-16,Ernakulam South,11,202,0,0,0
2025-04-16,Ernakulam South,12,202,0,0,0
2025-04-16,Ernakulam South,13,207,0,0,0
2025-04-16,Ernakulam South,14,201,0,0,0
2025-04-16,Ernakulam South,15,199,0,0,0
2025-04-16,Ernakulam South,16,243,0,0,0
2025-04-16,Ernakulam South,17,475,0,0,1
2025-04-16,Ernakulam South,18,495,0,0,1
2025-04-16,Ernakulam South,19,487,0,0,1
2025-04-16,Ernakulam South,20,495,0,0,1
2025-04-16,Ernakulam South,21,187,0,0,0
2025-04-16,Ernakulam South,22,186,0,0,0
2025-04-16,Kadavanthra,6,90,0,0,0
2025-04-16,Kadavanthra,7,69,0,0,0
2025-04-16,Kadavanthra,8,228,0,1,0
2025-04-16,Kadavanthra,9,208,0,1,0
2025-04-16,Kadavanthra,10,205,0,1,0
2025-04-16,Kadavanthra,11,85,0,0,0
2025-04-16,Kadavanthra,12,78,0,0,0
2025-04-16,Kadavanthra,13,66,0,0,0
2025-04-16,Kadavanthra,14,86,0,0,0
2025-04-16,Kadavanthra,15,84,0,0,0
2025-04-16,Kadavanthra,16,84,0,0,0
2025-04-16,Kadavanthra,17,172,0,0,1
2025-04-16,Kadavanthra,18,189,0,0,1
2025-04-16,Kadavanthra,19,191,0,0,1
2025-04-16,Kadavanthra,20,203,0,0,1
2025-04-16,Kadavanthra,21,73,0,0,0
2025-04-16,Kadavanthra,22,78,0,0,0
2025-04-16,Elamkulam,6,95,0,0,0
2025-04-16,Elamkulam,7,93,0,0,0
2025-04-16,Elamkulam,8,195,0,1,0
2025-04-16,Elamkulam,9,185,0,1,0
2025-04-16,Elamkulam,10,219,0,1,0
2025-04-16,Elamkulam,11,70,0,0,0
2025-04-16,Elamkulam,12,72,0,0,0
2025-04-16,Elamkulam,13,80,0,0,0
2025-04-16,Elamkulam,14,83,0,0,0
2025-04-16,Elamkulam,15,81,0,0,0
2025-04-16,Elamkulam,16,81,0,0,0
2025-04-16,Elamkulam,17,203,0,0,1
2025-04-16,Elamkulam,18,173,0,0,1
2025-04-16,Elamkulam,19,224,0,0,1
2025-04-16,Elamkulam,20,198,0,0,1
2025-04-16,Elamkulam,21,76,0,0,0
2025-04-16,Elamkulam,22,72,0,0,0
2025-04-16,Vyttila,6,70,0,0,0
2025-04-16,Vyttila,7,73,0,0,0
2025-04-16,Vyttila,8,191,0,1,0
2025-04-16,Vyttila,9,214,0,1,0
2025-04-16,Vyttila,10,195,0,1,0
2025-04-16,Vyttila,11,85,0,0,0
2025-04-16,Vyttila,12,59,0,0,0
2025-04-16,Vyttila,13,82,0,0,0
2025-04-16,Vyttila,14,71,0,0,0
2025-04-16,Vyttila,15,92,0,0,0
2025-04-16,Vyttila,16,91,0,0,0
2025-04-16,Vyttila,17,212,0,0,1
2025-04-16,Vyttila,18,204,0,0,1
2025-04-16,Vyttila,19,183,0,0,1
2025-04-16,Vyttila,20,202,0,0,1
2025-04-16,Vyttila,21,76,0,0,0
2025-04-16,Vyttila,22,77,0,0,0
2025-04-16,Thaikoodam,6,88,0,0,0
2025-04-16,Thaikoodam,7,89,0,0,0
2025-04-16,Thaikoodam,8,209,0,1,0
2025-04-16,Thaikoodam,9,204,0,1,0
2025-04-16,Thaikoodam,10,192,0,1,0
2025-04-16,Thaikoodam,11,72,0,0,0
2025-04-16,Thaikoodam,12,101,0,0,0
2025-04-16,Thaikoodam,13,83,0,0,0
2025-04-16,Thaikoodam,14,87,0,0,0
2025-04-16,Thaikoodam,15,87,0,0,0
2025-04-16,Thaikoodam,16,83,0,0,0
2025-04-16,Thaikoodam,17,204,0,0,1
2025-04-16,Thaikoodam,18,225,0,0,1
2025-04-16,Thaikoodam,19,195,0,0,1
2025-04-16,Thaikoodam,20,209,0,0,1
2025-04-16,Thaikoodam,21,75,0,0,0
2025-04-16,Thaikoodam,22,64,0,0,0
2025-04-16,Petta,6,86,0,0,0
2025-04-16,Petta,7,61,0,0,0
2025-04-16,Petta,8,220,0,1,0
2025-04-16,Petta,9,211,0,1,0
2025-04-16,Petta,10,225,0,1,0
2025-04-16,Petta,11,69,0,0,0
2025-04-16,Petta,12,80,0,0,0
2025-04-16,Petta,13,74,0,0,0
2025-04-16,Petta,14,81,0,0,0
2025-04-16,Petta,15,79,0,0,0
2025-04-16,Petta,16,81,0,0,0
2025-04-16,Petta,17,185,0,0,1
2025-04-16,Petta,18,179,0,0,1
2025-04-16,Petta,19,184,0,0,1
2025-04-16,Petta,20,199,0,0,1
2025-04-16,Petta,21,73,0,0,0
2025-04-16,Petta,22,76,0,0,0
2025-04-16,Vadakkekotta,6,87,0,0,0
2025-04-16,Vadakkekotta,7,76,0,0,0
2025-04-16,Vadakkekotta,8,212,0,1,0
2025-04-16,Vadakkekotta,9,200,0,1,0
2025-04-16,Vadakkekotta,10,197,0,1,0
2025-04-16,Vadakkekotta,11,88,0,0,0
2025-04-16,Vadakkekotta,12,96,0,0,0
2025-04-16,Vadakkekotta,13,63,0,0,0
2025-04-16,Vadakkekotta,14,84,0,0,0
2025-04-16,Vadakkekotta,15,77,0,0,0
2025-04-16,Vadakkekotta,16,69,0,0,0
2025-04-16,Vadakkekotta,17,201,0,0,1
2025-04-16,Vadakkekotta,18,167,0,0,1
2025-04-16,Vadakkekotta,19,194,0,0,1
2025-04-16,Vadakkekotta,20,200,0,0,1
2025-04-16,Vadakkekotta,21,82,0,0,0
2025-04-16,Vadakkekotta,22,81,0,0,0
2025-04-16,SN Junction,6,93,0,0,0
2025-04-16,SN Junction,7,75,0,0,0
2025-04-16,SN Junction,8,199,0,1,0
2025-04-16,SN Junction,9,216,0,1,0
2025-04-16,SN Junction,10,191,0,1,0
2025-04-16,SN Junction,11,93,0,0,0
2025-04-16,SN Junction,12,85,0,0,0
2025-04-16,SN Junction,13,80,0,0,0
2025-04-16,SN Junction,14,60,0,0,0
2025-04-16,SN Junction,15,79,0,0,0
2025-04-16,SN Junction,16,78,0,0,0
2025-04-16,SN Junction,17,215,0,0,1
2025-04-16,SN Junction,18,210,0,0,1
2025-04-16,SN Junction,19,178,0,0,1
2025-04-16,SN Junction,20,196,0,0,1
2025-04-16,SN Junction,21,88,0,0,0
2025-04-16,SN Junction,22,78,0,0,0
2025-04-16,Tripunithura Terminal,6,85,0,0,0
2025-04-16,Tripunithura Terminal,7,73,0,0,0
2025-04-16,Tripunithura Terminal,8,182,0,1,0
2025-04-16,Tripunithura Terminal,9,216,0,1,0
2025-04-16,Tripunithura Terminal,10,181,0,1,0
2025-04-16,Tripunithura Terminal,11,79,0,0,0
2025-04-16,Tripunithura Terminal,12,84,0,0,0
2025-04-16,Tripunithura Terminal,13,82,0,0,0
2025-04-16,Tripunithura Terminal,14,90,0,0,0
2025-04-16,Tripunithura Terminal,15,60,0,0,0
2025-04-16,Tripunithura Terminal,16,79,0,0,0
2025-04-16,Tripunithura Terminal,17,188,0,0,1
2025-04-16,Tripunithura Terminal,18,211,0,0,1
2025-04-16,Tripunithura Terminal,19,193,0,0,1
2025-04-16,Tripunithura Terminal,20,207,0,0,1
2025-04-16,Tripunithura Terminal,21,80,0,0,0
2025-04-16,Tripunithura Terminal,22,72,0,0,0
2025-04-23,Aluva,6,182,0,0,0
2025-04-23,Aluva,7,185,0,0,0
2025-04-23,Aluva,8,510,0,1,0
2025-04-23,Aluva,9,511,0,1,0
2025-04-23,Aluva,10,518,0,1,0
2025-04-23,Aluva,11,206,0,0,0
2025-04-23,Aluva,12,222,0,0,0
2025-04-23,Aluva,13,224,0,0,0
2025-04-23,Aluva,14,212,0,0,0
2025-04-23,Aluva,15,200,0,0,0
2025-04-23,Aluva,16,193,0,0,0
2025-04-23,Aluva,17,553,0,0,1
2025-04-23,Aluva,18,499,0,0,1
2025-04-23,Aluva,19,488,0,0,1
2025-04-23,Aluva,20,468,0,0,1
2025-04-23,Aluva,21,201,0,0,0
2025-04-23,Aluva,22,212,0,0,0
2025-04-23,Pulinchodu,6,87,0,0,0
2025-04-23,Pulinchodu,7,86,0,0,0
2025-04-23,Pulinchodu,8,200,0,1,0
2025-04-23,Pulinchodu,9,203,0,1,0
2025-04-23,Pulinchodu,10,185,0,1,0
2025-04-23,Pulinchodu,11,87,0,0,0
2025-04-23,Pulinchodu,12,80,0,0,0
2025-04-23,Pulinchodu,13,81,0,0,0
2025-04-23,Pulinchodu,14,83,0,0,0
2025-04-23,Pulinchodu,15,72,0,0,0
2025-04-23,Pulinchodu,16,78,0,0,0
2025-04-23,Pulinchodu,17,183,0,0,1
2025-04-23,Pulinchodu,18,208,0,0,1
2025-04-23,Pulinchodu,19,181,0,0,1
2025-04-23,Pulinchodu,20,210,0,0,1
2025-04-23,Pulinchodu,21,88,0,0,0
2025-04-23,Pulinchodu,22,88,0,0,0
2025-04-23,Companypady,6,87,0,0,0
2025-04-23,Companypady,7,89,0,0,0
2025-04-23,Companypady,8,195,0,1,0
2025-04-23,Companypady,9,208,0,1,0
2025-04-23,Companypady,10,208,0,1,0
2025-04-23,Companypady,11,81,0,0,0
2025-04-23,Companypady,12,72,0,0,0
2025-04-23,Companypady,13,78,0,0,0
2025-04-23,Companypady,14,80,0,0,0
2025-04-23,Companypady,15,71,0,0,0
2025-04-23,Companypady,16,75,0,0,0
2025-04-23,Companypady,17,204,0,0,1
2025-04-23,Companypady,18,170,0,0,1
2025-04-23,Companypady,19,186,0,0,1
2025-04-23,Companypady,20,219,0,0,1
2025-04-23,Companypady,21,96,0,0,0
2025-04-23,Companypady,22,88,0,0,0
2025-04-23,Ambattukavu,6,82,0,0,0
2025-04-23,Ambattukavu,7,69,0,0,0
2025-04-23,Ambattukavu,8,203,0,1,0
2025-04-23,Ambattukavu,9,213,0,1,0
2025-04-23,Ambattukavu,10,193,0,1,0
2025-04-23,Ambattukavu,11,66,0,0,0
2025-04-23,Ambattukavu,12,84,0,0,0
2025-04-23,Ambattukavu,13,78,0,0,0
2025-04-23,Ambattukavu,14,77,0,0,0
2025-04-23,Ambattukavu,15,76,0,0,0
2025-04-23,Ambattukavu,16,73,0,0,0
2025-04-23,Ambattukavu,17,199,0,0,1
2025-04-23,Ambattukavu,18,180,0,0,1
2025-04-23,Ambattukavu,19,210,0,0,1
2025-04-23,Ambattukavu,20,181,0,0,1
2025-04-23,Ambattukavu,21,76,0,0,0
2025-04-23,Ambattukavu,22,68,0,0,0
2025-04-23,Muttom,6,73,0,0,0
2025-04-23,Muttom,7,80,0,0,0
2025-04-23,Muttom,8,198,0,1,0
2025-04-23,Muttom,9,202,0,1,0
2025-04-23,Muttom,10,197,0,1,0
2025-04-23,Muttom,11,91,0,0,0
2025-04-23,Muttom,12,58,0,0,0
2025-04-23,Muttom,13,79,0,0,0
2025-04-23,Muttom,14,101,0,0,0
2025-04-23,Muttom,15,98,0,0,0
2025-04-23,Muttom,16,81,0,0,0
2025-04-23,Muttom,17,181,0,0,1
2025-04-23,Muttom,18,190,0,0,1
2025-04-23,Muttom,19,215,0,0,1
2025-04-23,Muttom,20,198,0,0,1
2025-04-23,Muttom,21,82,0,0,0
2025-04-23,Muttom,22,74,0,0,0
2025-04-23,Kalamassery,6,220,0,0,0
2025-04-23,Kalamassery,7,211,0,0,0
2025-04-23,Kalamassery,8,472,0,1,0
2025-04-23,Kalamassery,9,510,0,1,0
2025-04-23,Kalamassery,10,543,0,1,0
2025-04-23,Kalamassery,11,194,0,0,0
2025-04-23,Kalamassery,12,206,0,0,0
2025-04-23,Kalamassery,13,185,0,0,0
2025-04-23,Kalamassery,14,184,0,0,0
2025-04-23,Kalamassery,15,203,0,0,0
2025-04-23,Kalamassery,16,208,0,0,0
2025-04-23,Kalamassery,17,498,0,0,1
2025-04-23,Kalamassery,18,494,0,0,1
2025-04-23,Kalamassery,19,508,0,0,1
2025-04-23,Kalamassery,20,479,0,0,1
2025-04-23,Kalamassery,21,208,0,0,0
2025-04-23,Kalamassery,22,208,0,0,0
2025-04-23,CUSAT,6,77,0,0,0
2025-04-23,CUSAT,7,74,0,0,0
2025-04-23,CUSAT,8,183,0,1,0
2025-04-23,CUSAT,9,197,0,1,0
2025-04-23,CUSAT,10,211,0,1,0
2025-04-23,CUSAT,11,77,0,0,0
2025-04-23,CUSAT,12,75,0,0,0
2025-04-23,CUSAT,13,86,0,0,0
2025-04-23,CUSAT,14,80,0,0,0
2025-04-23,CUSAT,15,86,0,0,0
2025-04-23,CUSAT,16,86,0,0,0
2025-04-23,CUSAT,17,208,0,0,1
2025-04-23,CUSAT,18,175,0,0,1
2025-04-23,CUSAT,19,214,0,0,1
2025-04-23,CUSAT,20,188,0,0,1
2025-04-23,CUSAT,21,95,0,0,0
2025-04-23,CUSAT,22,71,0,0,0
2025-04-23,Pathadipalam,6,81,0,0,0
2025-04-23,Pathadipalam,7,80,0,0,0
2025-04-23,Pathadipalam,8,203,0,1,0
2025-04-23,Pathadipalam,9,189,0,1,0
2025-04-23,Pathadipalam,10,193,0,1,0
2025-04-23,Pathadipalam,11,80,0,0,0
2025-04-23,Pathadipalam,12,91,0,0,0
2025-04-23,Pathadipalam,13,79,0,0,0
2025-04-23,Pathadipalam,14,84,0,0,0
2025-04-23,Pathadipalam,15,71,0,0,0
2025-04-23,Pathadipalam,16,95,0,0,0
2025-04-23,Pathadipalam,17,205,0,0,1
2025-04-23,Pathadipalam,18,195,0,0,1
2025-04-23,Pathadipalam,19,224,0,0,1
2025-04-23,Pathadipalam,20,185,0,0,1
2025-04-23,Pathadipalam,21,93,0,0,0
2025-04-23,Pathadipalam,22,77,0,0,0
2025-04-23,Edappally,6,201,0,0,0
2025-04-23,Edappally,7,195,0,0,0
2025-04-23,Edappally,8,484,0,1,0
2025-04-23,Edappally,9,528,0,1,0
2025-04-23,Edappally,10,533,0,1,0
2025-04-23,Edappally,11,200,0,0,0
2025-04-23,Edappally,12,187,0,0,0
2025-04-23,Edappally,13,193,0,0,0
2025-04-23,Edappally,14,199,0,0,0
2025-04-23,Edappally,15,192,0,0,0
2025-04-23,Edappally,16,207,0,0,0
2025-04-23,Edappally,17,538,0,0,1
2025-04-23,Edappally,18,489,0,0,1
2025-04-23,Edappally,19,567,0,0,1
2025-04-23,Edappally,20,480,0,0,1
2025-04-23,Edappally,21,200,0,0,0
2025-04-23,Edappally,22,195,0,0,0
2025-04-23,Changampuzha Park,6,82,0,0,0
2025-04-23,Changampuzha Park,7,84,0,0,0
2025-04-23,Changampuzha Park,8,216,0,1,0
2025-04-23,Changampuzha Park,9,176,0,1,0
2025-04-23,Changampuzha Park,10,191,0,1,0
2025-04-23,Changampuzha Park,11,71,0,0,0
2025-04-23,Changampuzha Park,12,70,0,0,0
2025-04-23,Changampuzha Park,13,66,0,0,0
2025-04-23,Changampuzha Park,14,84,0,0,0
2025-04-23,Changampuzha Park,15,80,0,0,0
2025-04-23,Changampuzha Park,16,73,0,0,0
2025-04-23,Changampuzha Park,17,203,0,0,1
2025-04-23,Changampuzha Park,18,196,0,0,1
2025-04-23,Changampuzha Park,19,188,0,0,1
2025-04-23,Changampuzha Park,20,204,0,0,1
2025-04-23,Changampuzha Park,21,104,0,0,0
2025-04-23,Changampuzha Park,22,51,0,0,0
2025-04-23,Palarivattom,6,75,0,0,0
2025-04-23,Palarivattom,7,77,0,0,0
2025-04-23,Palarivattom,8,222,0,1,0
2025-04-23,Palarivattom,9,202,0,1,0
2025-04-23,Palarivattom,10,202,0,1,0
2025-04-23,Palarivattom,11,83,0,0,0
2025-04-23,Palarivattom,12,71,0,0,0
2025-04-23,Palarivattom,13,88,0,0,0
2025-04-23,Palarivattom,14,73,0,0,0
2025-04-23,Palarivattom,15,92,0,0,0
2025-04-23,Palarivattom,16,86,0,0,0
2025-04-23,Palarivattom,17,173,0,0,1
2025-04-23,Palarivattom,18,197,0,0,1
2025-04-23,Palarivattom,19,181,0,0,1
2025-04-23,Palarivattom,20,192,0,0,1
2025-04-23,Palarivattom,21,77,0,0,0
2025-04-23,Palarivattom,22,82,0,0,0
2025-04-23,JLN Stadium,6,78,0,0,0
2025-04-23,JLN Stadium,7,84,0,0,0
2025-04-23,JLN Stadium,8,193,0,1,0
2025-04-23,JLN Stadium,9,177,0,1,0
2025-04-23,JLN Stadium,10,170,0,1,0
2025-04-23,JLN Stadium,11,70,0,0,0
2025-04-23,JLN Stadium,12,67,0,0,0
2025-04-23,JLN Stadium,13,78,0,0,0
2025-04-23,JLN Stadium,14,83,0,0,0
2025-04-23,JLN Stadium,15,84,0,0,0
2025-04-23,JLN Stadium,16,82,0,0,0
2025-04-23,JLN Stadium,17,208,0,0,1
2025-04-23,JLN Stadium,18,202,0,0,1
2025-04-23,JLN Stadium,19,193,0,0,1
2025-04-23,JLN Stadium,20,206,0,0,1
2025-04-23,JLN Stadium,21,82,0,0,0
2025-04-23,JLN Stadium,22,94,0,0,0
2025-04-23,Kaloor Town Hall,6,84,0,0,0
2025-04-23,Kaloor Town Hall,7,97,0,0,0
2025-04-23,Kaloor Town Hall,8,217,0,1,0
2025-04-23,Kaloor Town Hall,9,206,0,1,0
2025-04-23,Kaloor Town Hall,10,212,0,1,0
2025-04-23,Kaloor Town Hall,11,64,0,0,0
2025-04-23,Kaloor Town Hall,12,86,0,0,0
2025-04-23,Kaloor Town Hall,13,84,0,0,0
2025-04-23,Kaloor Town Hall,14,95,0,0,0
2025-04-23,Kaloor Town Hall,15,80,0,0,0
2025-04-23,Kaloor Town Hall,16,72,0,0,0
2025-04-23,Kaloor Town Hall,17,212,0,0,1
2025-04-23,Kaloor Town Hall,18,186,0,0,1
2025-04-23,Kaloor Town Hall,19,204,0,0,1
2025-04-23,Kaloor Town Hall,20,196,0,0,1
2025-04-23,Kaloor Town Hall,21,82,0,0,0
2025-04-23,Kaloor Town Hall,22,82,0,0,0
2025-04-23,MG Road,6,225,0,0,0
2025-04-23,MG Road,7,210,0,0,0
2025-04-23,MG Road,8,487,0,1,0
2025-04-23,MG Road,9,504,0,1,0
2025-04-23,MG Road,10,524,0,1,0
2025-04-23,MG Road,11,238,0,0,0
2025-04-23,MG Road,12,202,0,0,0
2025-04-23,MG Road,13,190,0,0,0
2025-04-23,MG Road,14,204,0,0,0
2025-04-23,MG Road,15,190,0,0,0
2025-04-23,MG Road,16,227,0,0,0
2025-04-23,MG Road,17,503,0,0,1
2025-04-23,MG Road,18,477,0,0,1
2025-04-23,MG Road,19,535,0,0,1
2025-04-23,MG Road,20,531,0,0,1
2025-04-23,MG Road,21,205,0,0,0
2025-04-23,MG Road,22,218,0,0,0
2025-04-23,Maharaja's College,6,68,0,0,0
2025-04-23,Maharaja's College,7,76,0,0,0
2025-04-23,Maharaja's College,8,231,0,1,0
2025-04-23,Maharaja's College,9,212,0,1,0
2025-04-23,Maharaja's College,10,212,0,1,0
2025-04-23,Maharaja's College,11,88,0,0,0
2025-04-23,Maharaja's College,12,67,0,0,0
2025-04-23,Maharaja's College,13,77,0,0,0
2025-04-23,Maharaja's College,14,75,0,0,0
2025-04-23,Maharaja's College,15,82,0,0,0
2025-04-23,Maharaja's College,16,69,0,0,0
2025-04-23,Maharaja's College,17,206,0,0,1
2025-04-23,Maharaja's College,18,221,0,0,1
2025-04-23,Maharaja's College,19,175,0,0,1
2025-04-23,Maharaja's College,20,199,0,0,1
2025-04-23,Maharaja's College,21,79,0,0,0
2025-04-23,Maharaja's College,22,88,0,0,0
2025-04-23,Ernakulam South,6,197,0,0,0
2025-04-23,Ernakulam South,7,206,0,0,0
2025-04-23,Ernakulam South,8,523,0,1,0
2025-04-23,Ernakulam South,9,545,0,1,0
2025-04-23,Ernakulam South,10,510,0,1,0
2025-04-23,Ernakulam South,11,186,0,0,0
2025-04-23,Ernakulam South,12,198,0,0,0
2025-04-23,Ernakulam South,13,195,0,0,0
2025-04-23,Ernakulam South,14,217,0,0,0
2025-04-23,Ernakulam South,15,162,0,0,0
2025-04-23,Ernakulam South,16,187,0,0,0
2025-04-23,Ernakulam South,17,498,0,0,1
2025-04-23,Ernakulam South,18,472,0,0,1
2025-04-23,Ernakulam South,19,504,0,0,1
2025-04-23,Ernakulam South,20,519,0,0,1
2025-04-23,Ernakulam South,21,206,0,0,0
2025-04-23,Ernakulam South,22,203,0,0,0
2025-04-23,Kadavanthra,6,91,0,0,0
2025-04-23,Kadavanthra,7,77,0,0,0
2025-04-23,Kadavanthra,8,227,0,1,0
2025-04-23,Kadavanthra,9,177,0,1,0
2025-04-23,Kadavanthra,10,202,0,1,0
2025-04-23,Kadavanthra,11,81,0,0,0
2025-04-23,Kadavanthra,12,95,0,0,0
2025-04-23,Kadavanthra,13,82,0,0,0
2025-04-23,Kadavanthra,14,87,0,0,0
2025-04-23,Kadavanthra,15,77,0,0,0
2025-04-23,Kadavanthra,16,80,0,0,0
2025-04-23,Kadavanthra,17,199,0,0,1
2025-04-23,Kadavanthra,18,199,0,0,1
2025-04-23,Kadavanthra,19,184,0,0,1
2025-04-23,Kadavanthra,20,186,0,0,1
2025-04-23,Kadavanthra,21,84,0,0,0
2025-04-23,Kadavanthra,22,69,0,0,0
2025-04-23,Elamkulam,6,68,0,0,0
2025-04-23,Elamkulam,7,84,0,0,0
2025-04-23,Elamkulam,8,224,0,1,0
2025-04-23,Elamkulam,9,217,0,1,0
2025-04-23,Elamkulam,10,200,0,1,0
2025-04-23,Elamkulam,11,67,0,0,0
2025-04-23,Elamkulam,12,80,0,0,0
2025-04-23,Elamkulam,13,75,0,0,0
2025-04-23,Elamkulam,14,75,0,0,0
2025-04-23,Elamkulam,15,111,0,0,0
2025-04-23,Elamkulam,16,85,0,0,0
2025-04-23,Elamkulam,17,165,0,0,1
2025-04-23,Elamkulam,18,210,0,0,1
2025-04-23,Elamkulam,19,152,0,0,1
2025-04-23,Elamkulam,20,194,0,0,1
2025-04-23,Elamkulam,21,94,0,0,0
2025-04-23,Elamkulam,22,70,0,0,0
2025-04-23,Vyttila,6,88,0,0,0
2025-04-23,Vyttila,7,88,0,0,0
2025-04-23,Vyttila,8,196,0,1,0
2025-04-23,Vyttila,9,201,0,1,0
2025-04-23,Vyttila,10,224,0,1,0
2025-04-23,Vyttila,11,88,0,0,0
2025-04-23,Vyttila,12,84,0,0,0
2025-04-23,Vyttila,13,80,0,0,0
2025-04-23,Vyttila,14,82,0,0,0
2025-04-23,Vyttila,15,82,0,0,0
2025-04-23,Vyttila,16,77,0,0,0
2025-04-23,Vyttila,17,202,0,0,1
2025-04-23,Vyttila,18,194,0,0,1
2025-04-23,Vyttila,19,191,0,0,1
2025-04-23,Vyttila,20,221,0,0,1
2025-04-23,Vyttila,21,78,0,0,0
2025-04-23,Vyttila,22,73,0,0,0
2025-04-23,Thaikoodam,6,85,0,0,0
2025-04-23,Thaikoodam,7,71,0,0,0
2025-04-23,Thaikoodam,8,209,0,1,0
2025-04-23,Thaikoodam,9,203,0,1,0
2025-04-23,Thaikoodam,10,204,0,1,0
2025-04-23,Thaikoodam,11,94,0,0,0
2025-04-23,Thaikoodam,12,72,0,0,0
2025-04-23,Thaikoodam,13,87,0,0,0
2025-04-23,Thaikoodam,14,64,0,0,0
2025-04-23,Thaikoodam,15,104,0,0,0
2025-04-23,Thaikoodam,16,74,0,0,0
2025-04-23,Thaikoodam,17,199,0,0,1
2025-04-23,Thaikoodam,18,193,0,0,1
2025-04-23,Thaikoodam,19,202,0,0,1
2025-04-23,Thaikoodam,20,232,0,0,1
2025-04-23,Thaikoodam,21,86,0,0,0
2025-04-23,Thaikoodam,22,69,0,0,0
2025-04-23,Petta,6,85,0,0,0
2025-04-23,Petta,7,96,0,0,0
2025-04-23,Petta,8,205,0,1,0
2025-04-23,Petta,9,223,0,1,0
2025-04-23,Petta,10,189,0,1,0
2025-04-23,Petta,11,67,0,0,0
2025-04-23,Petta,12,69,0,0,0
2025-04-23,Petta,13,85,0,0,0
2025-04-23,Petta,14,89,0,0,0
2025-04-23,Petta,15,74,0,0,0
2025-04-23,Petta,16,90,0,0,0
2025-04-23,Petta,17,180,0,0,1
2025-04-23,Petta,18,201,0,0,1
2025-04-23,Petta,19,199,0,0,1
2025-04-23,Petta,20,193,0,0,1
2025-04-23,Petta,21,84,0,0,0
2025-04-23,Petta,22,83,0,0,0
2025-04-23,Vadakkekotta,6,90,0,0,0
2025-04-23,Vadakkekotta,7,75,0,0,0
2025-04-23,Vadakkekotta,8,216,0,1,0
2025-04-23,Vadakkekotta,9,215,0,1,0
2025-04-23,Vadakkekotta,10,213,0,1,0
2025-04-23,Vadakkekotta,11,73,0,0,0
2025-04-23,Vadakkekotta,12,82,0,0,0
2025-04-23,Vadakkekotta,13,94,0,0,0
2025-04-23,Vadakkekotta,14,70,0,0,0
2025-04-23,Vadakkekotta,15,75,0,0,0
2025-04-23,Vadakkekotta,16,95,0,0,0
2025-04-23,Vadakkekotta,17,188,0,0,1
2025-04-23,Vadakkekotta,18,185,0,0,1
2025-04-23,Vadakkekotta,19,226,0,0,1
2025-04-23,Vadakkekotta,20,195,0,0,1
2025-04-23,Vadakkekotta,21,84,0,0,0
2025-04-23,Vadakkekotta,22,84,0,0,0
2025-04-23,SN Junction,6,71,0,0,0
2025-04-23,SN Junction,7,80,0,0,0
2025-04-23,SN Junction,8,207,0,1,0
2025-04-23,SN Junction,9,197,0,1,0
2025-04-23,SN Junction,10,191,0,1,0
2025-04-23,SN Junction,11,90,0,0,0
2025-04-23,SN Junction,12,90,0,0,0
2025-04-23,SN Junction,13,71,0,0,0
2025-04-23,SN Junction,14,82,0,0,0
2025-04-23,SN Junction,15,83,0,0,0
2025-04-23,SN Junction,16,68,0,0,0
2025-04-23,SN Junction,17,211,0,0,1
2025-04-23,SN Junction,18,189,0,0,1
2025-04-23,SN Junction,19,194,0,0,1
2025-04-23,SN Junction,20,181,0,0,1
2025-04-23,SN Junction,21,80,0,0,0
2025-04-23,SN Junction,22,89,0,0,0
2025-04-23,Tripunithura Terminal,6,85,0,0,0
2025-04-23,Tripunithura Terminal,7,68,0,0,0
2025-04-23,Tripunithura Terminal,8,189,0,1,0
2025-04-23,Tripunithura Terminal,9,213,0,1,0
2025-04-23,Tripunithura Terminal,10,209,0,1,0
2025-04-23,Tripunithura Terminal,11,80,0,0,0
2025-04-23,Tripunithura Terminal,12,82,0,0,0
2025-04-23,Tripunithura Terminal,13,83,0,0,0
2025-04-23,Tripunithura Terminal,14,79,0,0,0
2025-04-23,Tripunithura Terminal,15,87,0,0,0
2025-04-23,Tripunithura Terminal,16,90,0,0,0
2025-04-23,Tripunithura Terminal,17,200,0,0,1
2025-04-23,Tripunithura Terminal,18,179,0,0,1
2025-04-23,Tripunithura Terminal,19,183,0,0,1
2025-04-23,Tripunithura Terminal,20,186,0,0,1
2025-04-23,Tripunithura Terminal,21,74,0,0,0
2025-04-23,Tripunithura Terminal,22,81,0,0,0
2025-04-30,Aluva,6,178,0,0,0
2025-04-30,Aluva,7,190,0,0,0
2025-04-30,Aluva,8,529,0,1,0
2025-04-30,Aluva,9,492,0,1,0
2025-04-30,Aluva,10,511,0,1,0
2025-04-30,Aluva,11,205,0,0,0
2025-04-30,Aluva,12,213,0,0,0
2025-04-30,Aluva,13,167,0,0,0
2025-04-30,Aluva,14,207,0,0,0
2025-04-30,Aluva,15,198,0,0,0
2025-04-30,Aluva,16,176,0,0,0
2025-04-30,Aluva,17,512,0,0,1
2025-04-30,Aluva,18,500,0,0,1
2025-04-30,Aluva,19,484,0,0,1
2025-04-30,Aluva,20,480,0,0,1
2025-04-30,Aluva,21,199,0,0,0
2025-04-30,Aluva,22,209,0,0,0
2025-04-30,Pulinchodu,6,92,0,0,0
2025-04-30,Pulinchodu,7,72,0,0,0
2025-04-30,Pulinchodu,8,200,0,1,0
2025-04-30,Pulinchodu,9,217,0,1,0
2025-04-30,Pulinchodu,10,192,0,1,0
2025-04-30,Pulinchodu,11,71,0,0,0
2025-04-30,Pulinchodu,12,76,0,0,0
2025-04-30,Pulinchodu,13,78,0,0,0
2025-04-30,Pulinchodu,14,75,0,0,0
2025-04-30,Pulinchodu,15,83,0,0,0
2025-04-30,Pulinchodu,16,92,0,0,0
2025-04-30,Pulinchodu,17,182,0,0,1
2025-04-30,Pulinchodu,18,185,0,0,1
2025-04-30,Pulinchodu,19,218,0,0,1
2025-04-30,Pulinchodu,20,201,0,0,1
2025-04-30,Pulinchodu,21,77,0,0,0
2025-04-30,Pulinchodu,22,84,0,0,0
2025-04-30,Companypady,6,74,0,0,0
2025-04-30,Companypady,7,72,0,0,0
2025-04-30,Companypady,8,196,0,1,0
2025-04-30,Companypady,9,207,0,1,0
2025-04-30,Companypady,10,201,0,1,0
2025-04-30,Companypady,11,78,0,0,0
2025-04-30,Companypady,12,79,0,0,0
2025-04-30,Companypady,13,86,0,0,0
2025-04-30,Companypady,14,89,0,0,0
2025-04-30,Companypady,15,77,0,0,0
2025-04-30,Companypady,16,81,0,0,0
2025-04-30,Companypady,17,196,0,0,1
2025-04-30,Companypady,18,200,0,0,1
2025-04-30,Companypady,19,200,0,0,1
2025-04-30,Companypady,20,209,0,0,1
2025-04-30,Companypady,21,80,0,0,0
2025-04-30,Companypady,22,64,0,0,0
2025-04-30,Ambattukavu,6,77,0,0,0
2025-04-30,Ambattukavu,7,93,0,0,0
2025-04-30,Ambattukavu,8,215,0,1,0
2025-04-30,Ambattukavu,9,213,0,1,0
2025-04-30,Ambattukavu,10,221,0,1,0
2025-04-30,Ambattukavu,11,91,0,0,0
2025-04-30,Ambattukavu,12,85,0,0,0
2025-04-30,Ambattukavu,13,88,0,0,0
2025-04-30,Ambattukavu,14,84,0,0,0
2025-04-30,Ambattukavu,15,77,0,0,0
2025-04-30,Ambattukavu,16,84,0,0,0
2025-04-30,Ambattukavu,17,210,0,0,1
2025-04-30,Ambattukavu,18,209,0,0,1
2025-04-30,Ambattukavu,19,201,0,0,1
2025-04-30,Ambattukavu,20,201,0,0,1
2025-04-30,Ambattukavu,21,77,0,0,0
2025-04-30,Ambattukavu,22,96,0,0,0
2025-04-30,Muttom,6,85,0,0,0
2025-04-30,Muttom,7,71,0,0,0
2025-04-30,Muttom,8,203,0,1,0
2025-04-30,Muttom,9,190,0,1,0
2025-04-30,Muttom,10,196,0,1,0
2025-04-30,Muttom,11,79,0,0,0
2025-04-30,Muttom,12,110,0,0,0
2025-04-30,Muttom,13,64,0,0,0
2025-04-30,Muttom,14,80,0,0,0
2025-04-30,Muttom,15,77,0,0,0
2025-04-30,Muttom,16,73,0,0,0
2025-04-30,Muttom,17,212,0,0,1
2025-04-30,Muttom,18,187,0,0,1
2025-04-30,Muttom,19,212,0,0,1
2025-04-30,Muttom,20,217,0,0,1
2025-04-30,Muttom,21,79,0,0,0
2025-04-30,Muttom,22,72,0,0,0
2025-04-30,Kalamassery,6,209,0,0,0
2025-04-30,Kalamassery,7,191,0,0,0
2025-04-30,Kalamassery,8,506,0,1,0
2025-04-30,Kalamassery,9,513,0,1,0
2025-04-30,Kalamassery,10,503,0,1,0
2025-04-30,Kalamassery,11,184,0,0,0
2025-04-30,Kalamassery,12,210,0,0,0
2025-04-30,Kalamassery,13,190,0,0,0
2025-04-30,Kalamassery,14,195,0,0,0
2025-04-30,Kalamassery,15,195,0,0,0
2025-04-30,Kalamassery,16,204,0,0,0
2025-04-30,Kalamassery,17,552,0,0,1
2025-04-30,Kalamassery,18,489,0,0,1
2025-04-30,Kalamassery,19,511,0,0,1
2025-04-30,Kalamassery,20,485,0,0,1
2025-04-30,Kalamassery,21,223,0,0,0
2025-04-30,Kalamassery,22,209,0,0,0
2025-04-30,CUSAT,6,93,0,0,0
2025-04-30,CUSAT,7,77,0,0,0
2025-04-30,CUSAT,8,201,0,1,0
2025-04-30,CUSAT,9,208,0,1,0
2025-04-30,CUSAT,10,173,0,1,0
2025-04-30,CUSAT,11,82,0,0,0
2025-04-30,CUSAT,12,67,0,0,0
2025-04-30,CUSAT,13,97,0,0,0
2025-04-30,CUSAT,14,84,0,0,0
2025-04-30,CUSAT,15,94,0,0,0
2025-04-30,CUSAT,16,60,0,0,0
2025-04-30,CUSAT,17,221,0,0,1
2025-04-30,CUSAT,18,208,0,0,1
2025-04-30,CUSAT,19,183,0,0,1
2025-04-30,CUSAT,20,185,0,0,1
2025-04-30,CUSAT,21,87,0,0,0
2025-04-30,CUSAT,22,99,0,0,0
2025-04-30,Pathadipalam,6,68,0,0,0
2025-04-30,Pathadipalam,7,94,0,0,0
2025-04-30,Pathadipalam,8,207,0,1,0
2025-04-30,Pathadipalam,9,178,0,1,0
2025-04-30,Pathadipalam,10,188,0,1,0
2025-04-30,Pathadipalam,11,101,0,0,0
2025-04-30,Pathadipalam,12,82,0,0,0
2025-04-30,Pathadipalam,13,78,0,0,0
2025-04-30,Pathadipalam,14,68,0,0,0
2025-04-30,Pathadipalam,15,83,0,0,0
2025-04-30,Pathadipalam,16,75,0,0,0
2025-04-30,Pathadipalam,17,220,0,0,1
2025-04-30,Pathadipalam,18,209,0,0,1
2025-04-30,Pathadipalam,19,195,0,0,1
2025-04-30,Pathadipalam,20,197,0,0,1
2025-04-30,Pathadipalam,21,76,0,0,0
2025-04-30,Pathadipalam,22,70,0,0,0
2025-04-30,Edappally,6,207,0,0,0
2025-04-30,Edappally,7,210,0,0,0
2025-04-30,Edappally,8,520,0,1,0
2025-04-30,Edappally,9,472,0,1,0
2025-04-30,Edappally,10,497,0,1,0
2025-04-30,Edappally,11,204,0,0,0
2025-04-30,Edappally,12,205,0,0,0
2025-04-30,Edappally,13,192,0,0,0
2025-04-30,Edappally,14,194,0,0,0
2025-04-30,Edappally,15,212,0,0,0
2025-04-30,Edappally,16,214,0,0,0
2025-04-30,Edappally,17,521,0,0,1
2025-04-30,Edappally,18,511,0,0,1
2025-04-30,Edappally,19,471,0,0,1
2025-04-30,Edappally,20,531,0,0,1
2025-04-30,Edappally,21,191,0,0,0
2025-04-30,Edappally,22,193,0,0,0
2025-04-30,Changampuzha Park,6,71,0,0,0
2025-04-30,Changampuzha Park,7,82,0,0,0
2025-04-30,Changampuzha Park,8,194,0,1,0
2025-04-30,Changampuzha Park,9,212,0,1,0
2025-04-30,Changampuzha Park,10,187,0,1,0
2025-04-30,Changampuzha Park,11,81,0,0,0
2025-04-30,Changampuzha Park,12,79,0,0,0
2025-04-30,Changampuzha Park,13,77,0,0,0
2025-04-30,Changampuzha Park,14,73,0,0,0
2025-04-30,Changampuzha Park,15,71,0,0,0
2025-04-30,Changampuzha Park,16,75,0,0,0
2025-04-30,Changampuzha Park,17,190,0,0,1
2025-04-30,Changampuzha Park,18,233,0,0,1
2025-04-30,Changampuzha Park,19,206,0,0,1
2025-04-30,Changampuzha Park,20,195,0,0,1
2025-04-30,Changampuzha Park,21,86,0,0,0
2025-04-30,Changampuzha Park,22,89,0,0,0
2025-04-30,Palarivattom,6,88,0,0,0
2025-04-30,Palarivattom,7,91,0,0,0
2025-04-30,Palarivattom,8,195,0,1,0
2025-04-30,Palarivattom,9,173,0,1,0
2025-04-30,Palarivattom,10,208,0,1,0
2025-04-30,Palarivattom,11,83,0,0,0
2025-04-30,Palarivattom,12,83,0,0,0
2025-04-30,Palarivattom,13,86,0,0,0
2025-04-30,Palarivattom,14,75,0,0,0
2025-04-30,Palarivattom,15,80,0,0,0
2025-04-30,Palarivattom,16,66,0,0,0
2025-04-30,Palarivattom,17,208,0,0,1
2025-04-30,Palarivattom,18,211,0,0,1
2025-04-30,Palarivattom,19,205,0,0,1
2025-04-30,Palarivattom,20,187,0,0,1
2025-04-30,Palarivattom,21,66,0,0,0
2025-04-30,Palarivattom,22,76,0,0,0
2025-04-30,JLN Stadium,6,79,0,0,0
2025-04-30,JLN Stadium,7,72,0,0,0
2025-04-30,JLN Stadium,8,179,0,1,0
2025-04-30,JLN Stadium,9,198,0,1,0
2025-04-30,JLN Stadium,10,202,0,1,0
2025-04-30,JLN Stadium,11,68,0,0,0
2025-04-30,JLN Stadium,12,88,0,0,0
2025-04-30,JLN Stadium,13,63,0,0,0
2025-04-30,JLN Stadium,14,77,0,0,0
2025-04-30,JLN Stadium,15,88,0,0,0
2025-04-30,JLN Stadium,16,94,0,0,0
2025-04-30,JLN Stadium,17,199,0,0,1
2025-04-30,JLN Stadium,18,184,0,0,1
2025-04-30,JLN Stadium,19,226,0,0,1
2025-04-30,JLN Stadium,20,192,0,0,1
2025-04-30,JLN Stadium,21,85,0,0,0
2025-04-30,JLN Stadium,22,77,0,0,0
2025-04-30,Kaloor Town Hall,6,74,0,0,0
2025-04-30,Kaloor Town Hall,7,82,0,0,0
2025-04-30,Kaloor Town Hall,8,210,0,1,0
2025-04-30,Kaloor Town Hall,9,236,0,1,0
2025-04-30,Kaloor Town Hall,10,217,0,1,0
2025-04-30,Kaloor Town Hall,11,76,0,0,0
2025-04-30,Kaloor Town Hall,12,66,0,0,0
2025-04-30,Kaloor Town Hall,13,82,0,0,0
2025-04-30,Kaloor Town Hall,14,77,0,0,0
2025-04-30,Kaloor Town Hall,15,83,0,0,0
2025-04-30,Kaloor Town Hall,16,88,0,0,0
2025-04-30,Kaloor Town Hall,17,198,0,0,1
2025-04-30,Kaloor Town Hall,18,195,0,0,1
2025-04-30,Kaloor Town Hall,19,193,0,0,1
2025-04-30,Kaloor Town Hall,20,221,0,0,1
2025-04-30,Kaloor Town Hall,21,79,0,0,0
2025-04-30,Kaloor Town Hall,22,83,0,0,0
2025-04-30,MG Road,6,226,0,0,0
2025-04-30,MG Road,7,189,0,0,0
2025-04-30,MG Road,8,513,0,1,0
2025-04-30,MG Road,9,511,0,1,0
2025-04-30,MG Road,10,589,0,1,0
2025-04-30,MG Road,11,202,0,0,0
2025-04-30,MG Road,12,203,0,0,0
2025-04-30,MG Road,13,240,0,0,0
2025-04-30,MG Road,14,199,0,0,0
2025-04-30,MG Road,15,207,0,0,0
2025-04-30,MG Road,16,194,0,0,0
2025-04-30,MG Road,17,478,0,0,1
2025-04-30,MG Road,18,493,0,0,1
2025-04-30,MG Road,19,498,0,0,1
2025-04-30,MG Road,20,496,0,0,1
2025-04-30,MG Road,21,213,0,0,0
2025-04-30,MG Road,22,197,0,0,0
2025-04-30,Maharaja's College,6,73,0,0,0
2025-04-30,Maharaja's College,7,82,0,0,0
2025-04-30,Maharaja's College,8,215,0,1,0
2025-04-30,Maharaja's College,9,210,0,1,0
2025-04-30,Maharaja's College,10,193,0,1,0
2025-04-30,Maharaja's College,11,73,0,0,0
2025-04-30,Maharaja's College,12,64,0,0,0
2025-04-30,Maharaja's College,13,75,0,0,0
2025-04-30,Maharaja's College,14,89,0,0,0
2025-04-30,Maharaja's College,15,77,0,0,0
2025-04-30,Maharaja's College,16,91,0,0,0
2025-04-30,Maharaja's College,17,190,0,0,1
2025-04-30,Maharaja's College,18,193,0,0,1
2025-04-30,Maharaja's College,19,198,0,0,1
2025-04-30,Maharaja's College,20,221,0,0,1
2025-04-30,Maharaja's College,21,79,0,0,0
2025-04-30,Maharaja's College,22,73,0,0,0
2025-04-30,Ernakulam South,6,199,0,0,0
2025-04-30,Ernakulam South,7,221,0,0,0
2025-04-30,Ernakulam South,8,511,0,1,0
2025-04-30,Ernakulam South,9,492,0,1,0
2025-04-30,Ernakulam South,10,503,0,1,0
2025-04-30,Ernakulam South,11,190,0,0,0
2025-04-30,Ernakulam South,12,204,0,0,0
2025-04-30,Ernakulam South,13,221,0,0,0
2025-04-30,Ernakulam South,14,181,0,0,0
2025-04-30,Ernakulam South,15,182,0,0,0
2025-04-30,Ernakulam South,16,187,0,0,0
2025-04-30,Ernakulam South,17,510,0,0,1
2025-04-30,Ernakulam South,18,517,0,0,1
2025-04-30,Ernakulam South,19,512,0,0,1
2025-04-30,Ernakulam South,20,473,0,0,1
2025-04-30,Ernakulam South,21,197,0,0,0
2025-04-30,Ernakulam South,22,202,0,0,0
2025-04-30,Kadavanthra,6,78,0,0,0
2025-04-30,Kadavanthra,7,76,0,0,0
2025-04-30,Kadavanthra,8,200,0,1,0
2025-04-30,Kadavanthra,9,190,0,1,0
2025-04-30,Kadavanthra,10,182,0,1,0
2025-04-30,Kadavanthra,11,82,0,0,0
2025-04-30,Kadavanthra,12,76,0,0,0
2025-04-30,Kadavanthra,13,85,0,0,0
2025-04-30,Kadavanthra,14,77,0,0,0
2025-04-30,Kadavanthra,15,83,0,0,0
2025-04-30,Kadavanthra,16,80,0,0,0
2025-04-30,Kadavanthra,17,192,0,0,1
2025-04-30,Kadavanthra,18,222,0,0,1
2025-04-30,Kadavanthra,19,199,0,0,1
2025-04-30,Kadavanthra,20,200,0,0,1
2025-04-30,Kadavanthra,21,84,0,0,0
2025-04-30,Kadavanthra,22,79,0,0,0
2025-04-30,Elamkulam,6,94,0,0,0
2025-04-30,Elamkulam,7,72,0,0,0
2025-04-30,Elamkulam,8,187,0,1,0
2025-04-30,Elamkulam,9,196,0,1,0
2025-04-30,Elamkulam,10,204,0,1,0
2025-04-30,Elamkulam,11,74,0,0,0
2025-04-30,Elamkulam,12,86,0,0,0
2025-04-30,Elamkulam,13,73,0,0,0
2025-04-30,Elamkulam,14,77,0,0,0
2025-04-30,Elamkulam,15,89,0,0,0
2025-04-30,Elamkulam,16,99,0,0,0
2025-04-30,Elamkulam,17,190,0,0,1
2025-04-30,Elamkulam,18,190,0,0,1
2025-04-30,Elamkulam,19,211,0,0,1
2025-04-30,Elamkulam,20,199,0,0,1
2025-04-30,Elamkulam,21,78,0,0,0
2025-04-30,Elamkulam,22,76,0,0,0
2025-04-30,Vyttila,6,88,0,0,0
2025-04-30,Vyttila,7,63,0,0,0
2025-04-30,Vyttila,8,188,0,1,0
2025-04-30,Vyttila,9,208,0,1,0
2025-04-30,Vyttila,10,201,0,1,0
2025-04-30,Vyttila,11,93,0,0,0
2025-04-30,Vyttila,12,79,0,0,0
2025-04-30,Vyttila,13,89,0,0,0
2025-04-30,Vyttila,14,77,0,0,0
2025-04-30,Vyttila,15,89,0,0,0
2025-04-30,Vyttila,16,73,0,0,0
2025-04-30,Vyttila,17,204,0,0,1
2025-04-30,Vyttila,18,189,0,0,1
2025-04-30,Vyttila,19,183,0,0,1
2025-04-30,Vyttila,20,228,0,0,1
2025-04-30,Vyttila,21,85,0,0,0
2025-04-30,Vyttila,22,70,0,0,0
2025-04-30,Thaikoodam,6,76,0,0,0
2025-04-30,Thaikoodam,7,94,0,0,0
2025-04-30,Thaikoodam,8,223,0,1,0
2025-04-30,Thaikoodam,9,214,0,1,0
2025-04-30,Thaikoodam,10,186,0,1,0
2025-04-30,Thaikoodam,11,87,0,0,0
2025-04-30,Thaikoodam,12,86,0,0,0
2025-04-30,Thaikoodam,13,88,0,0,0
2025-04-30,Thaikoodam,14,72,0,0,0
2025-04-30,Thaikoodam,15,103,0,0,0
2025-04-30,Thaikoodam,16,78,0,0,0
2025-04-30,Thaikoodam,17,189,0,0,1
2025-04-30,Thaikoodam,18,206,0,0,1
2025-04-30,Thaikoodam,19,213,0,0,1
2025-04-30,Thaikoodam,20,211,0,0,1
2025-04-30,Thaikoodam,21,84,0,0,0
2025-04-30,Thaikoodam,22,95,0,0,0
2025-04-30,Petta,6,81,0,0,0
2025-04-30,Petta,7,91,0,0,0
2025-04-30,Petta,8,225,0,1,0
2025-04-30,Petta,9,190,0,1,0
2025-04-30,Petta,10,208,0,1,0
2025-04-30,Petta,11,83,0,0,0
2025-04-30,Petta,12,90,0,0,0
2025-04-30,Petta,13,79,0,0,0
2025-04-30,Petta,14,83,0,0,0
2025-04-30,Petta,15,80,0,0,0
2025-04-30,Petta,16,86,0,0,0
2025-04-30,Petta,17,186,0,0,1
2025-04-30,Petta,18,198,0,0,1
2025-04-30,Petta,19,214,0,0,1
2025-04-30,Petta,20,203,0,0,1
2025-04-30,Petta,21,75,0,0,0
2025-04-30,Petta,22,84,0,0,0
2025-04-30,Vadakkekotta,6,92,0,0,0
2025-04-30,Vadakkekotta,7,64,0,0,0
2025-04-30,Vadakkekotta,8,193,0,1,0
2025-04-30,Vadakkekotta,9,201,0,1,0
2025-04-30,Vadakkekotta,10,184,0,1,0
2025-04-30,Vadakkekotta,11,87,0,0,0
2025-04-30,Vadakkekotta,12,80,0,0,0
2025-04-30,Vadakkekotta,13,81,0,0,0
2025-04-30,Vadakkekotta,14,78,0,0,0
2025-04-30,Vadakkekotta,15,81,0,0,0
2025-04-30,Vadakkekotta,16,66,0,0,0
2025-04-30,Vadakkekotta,17,187,0,0,1
2025-04-30,Vadakkekotta,18,186,0,0,1
2025-04-30,Vadakkekotta,19,177,0,0,1
2025-04-30,Vadakkekotta,20,182,0,0,1
2025-04-30,Vadakkekotta,21,80,0,0,0
2025-04-30,Vadakkekotta,22,75,0,0,0
2025-04-30,SN Junction,6,84,0,0,0
2025-04-30,SN Junction,7,72,0,0,0
2025-04-30,SN Junction,8,222,0,1,0
2025-04-30,SN Junction,9,206,0,1,0
2025-04-30,SN Junction,10,196,0,1,0
2025-04-30,SN Junction,11,87,0,0,0
2025-04-30,SN Junction,12,82,0,0,0
2025-04-30,SN Junction,13,78,0,0,0
2025-04-30,SN Junction,14,67,0,0,0
2025-04-30,SN Junction,15,78,0,0,0
2025-04-30,SN Junction,16,80,0,0,0
2025-04-30,SN Junction,17,208,0,0,1
2025-04-30,SN Junction,18,217,0,0,1
2025-04-30,SN Junction,19,215,0,0,1
2025-04-30,SN Junction,20,182,0,0,1
2025-04-30,SN Junction,21,80,0,0,0
2025-04-30,SN Junction,22,81,0,0,0
2025-04-30,Tripunithura Terminal,6,89,0,0,0
2025-04-30,Tripunithura Terminal,7,85,0,0,0
2025-04-30,Tripunithura Terminal,8,187,0,1,0
2025-04-30,Tripunithura Terminal,9,207,0,1,0
2025-04-30,Tripunithura Terminal,10,195,0,1,0
2025-04-30,Tripunithura Terminal,11,87,0,0,0
2025-04-30,Tripunithura Terminal,12,70,0,0,0
2025-04-30,Tripunithura Terminal,13,79,0,0,0
2025-04-30,Tripunithura Terminal,14,85,0,0,0
2025-04-30,Tripunithura Terminal,15,73,0,0,0
2025-04-30,Tripunithura Terminal,16,72,0,0,0
2025-04-30,Tripunithura Terminal,17,192,0,0,1
2025-04-30,Tripunithura Terminal,18,200,0,0,1
2025-04-30,Tripunithura Terminal,19,231,0,0,1
2025-04-30,Tripunithura Terminal,20,171,0,0,1
2025-04-30,Tripunithura Terminal,21,103,0,0,0
2025-04-30,Tripunithura Terminal,22,65,0,0,0
2025-05-07,Aluva,6,204,0,0,0
2025-05-07,Aluva,7,199,0,0,0
2025-05-07,Aluva,8,532,0,1,0
2025-05-07,Aluva,9,502,0,1,0
2025-05-07,Aluva,10,511,0,1,0
2025-05-07,Aluva,11,215,0,0,0
2025-05-07,Aluva,12,191,0,0,0
2025-05-07,Aluva,13,208,0,0,0
2025-05-07,Aluva,14,206,0,0,0
2025-05-07,Aluva,15,193,0,0,0
2025-05-07,Aluva,16,226,0,0,0
2025-05-07,Aluva,17,527,0,0,1
2025-05-07,Aluva,18,491,0,0,1
2025-05-07,Aluva,19,506,0,0,1
2025-05-07,Aluva,20,499,0,0,1
2025-05-07,Aluva,21,193,0,0,0
2025-05-07,Aluva,22,200,0,0,0
2025-05-07,Pulinchodu,6,90,0,0,0
2025-05-07,Pulinchodu,7,79,0,0,0
2025-05-07,Pulinchodu,8,217,0,1,0
2025-05-07,Pulinchodu,9,205,0,1,0
2025-05-07,Pulinchodu,10,202,0,1,0
2025-05-07,Pulinchodu,11,106,0,0,0
2025-05-07,Pulinchodu,12,67,0,0,0
2025-05-07,Pulinchodu,13,85,0,0,0
2025-05-07,Pulinchodu,14,77,0,0,0
2025-05-07,Pulinchodu,15,103,0,0,0
2025-05-07,Pulinchodu,16,90,0,0,0
2025-05-07,Pulinchodu,17,207,0,0,1
2025-05-07,Pulinchodu,18,205,0,0,1
2025-05-07,Pulinchodu,19,227,0,0,1
2025-05-07,Pulinchodu,20,183,0,0,1
2025-05-07,Pulinchodu,21,75,0,0,0
2025-05-07,Pulinchodu,22,72,0,0,0
2025-05-07,Companypady,6,77,0,0,0
2025-05-07,Companypady,7,80,0,0,0
2025-05-07,Companypady,8,200,0,1,0
2025-05-07,Companypady,9,195,0,1,0
2025-05-07,Companypady,10,216,0,1,0
2025-05-07,Companypady,11,79,0,0,0
2025-05-07,Companypady,12,74,0,0,0
2025-05-07,Companypady,13,82,0,0,0
2025-05-07,Companypady,14,83,0,0,0
2025-05-07,Companypady,15,78,0,0,0
2025-05-07,Companypady,16,85,0,0,0
2025-05-07,Companypady,17,197,0,0,1
2025-05-07,Companypady,18,209,0,0,1
2025-05-07,Companypady,19,202,0,0,1
2025-05-07,Companypady,20,182,0,0,1
2025-05-07,Companypady,21,81,0,0,0
2025-05-07,Companypady,22,85,0,0,0
2025-05-07,Ambattukavu,6,83,0,0,0
2025-05-07,Ambattukavu,7,72,0,0,0
2025-05-07,Ambattukavu,8,198,0,1,0
2025-05-07,Ambattukavu,9,222,0,1,0
2025-05-07,Ambattukavu,10,205,0,1,0
2025-05-07,Ambattukavu,11,89,0,0,0
2025-05-07,Ambattukavu,12,64,0,0,0
2025-05-07,Ambattukavu,13,88,0,0,0
2025-05-07,Ambattukavu,14,74,0,0,0
2025-05-07,Ambattukavu,15,76,0,0,0
2025-05-07,Ambattukavu,16,86,0,0,0
2025-05-07,Ambattukavu,17,198,0,0,1
2025-05-07,Ambattukavu,18,210,0,0,1
2025-05-07,Ambattukavu,19,174,0,0,1
2025-05-07,Ambattukavu,20,213,0,0,1
2025-05-07,Ambattukavu,21,83,0,0,0
2025-05-07,Ambattukavu,22,76,0,0,0
2025-05-07,Muttom,6,102,0,0,0
2025-05-07,Muttom,7,73,0,0,0
2025-05-07,Muttom,8,200,0,1,0
2025-05-07,Muttom,9,206,0,1,0
2025-05-07,Muttom,10,198,0,1,0
2025-05-07,Muttom,11,97,0,0,0
2025-05-07,Muttom,12,68,0,0,0
2025-05-07,Muttom,13,90,0,0,0
2025-05-07,Muttom,14,81,0,0,0
2025-05-07,Muttom,15,90,0,0,0
2025-05-07,Muttom,16,85,0,0,0
2025-05-07,Muttom,17,190,0,0,1
2025-05-07,Muttom,18,219,0,0,1
2025-05-07,Muttom,19,215,0,0,1
2025-05-07,Muttom,20,175,0,0,1
2025-05-07,Muttom,21,70,0,0,0
2025-05-07,Muttom,22,67,0,0,0
2025-05-07,Kalamassery,6,228,0,0,0
2025-05-07,Kalamassery,7,200,0,0,0
2025-05-07,Kalamassery,8,480,0,1,0
2025-05-07,Kalamassery,9,472,0,1,0
2025-05-07,Kalamassery,10,514,0,1,0
2025-05-07,Kalamassery,11,198,0,0,0
2025-05-07,Kalamassery,12,200,0,0,0
2025-05-07,Kalamassery,13,170,0,0,0
2025-05-07,Kalamassery,14,193,0,0,0
2025-05-07,Kalamassery,15,216,0,0,0
2025-05-07,Kalamassery,16,206,0,0,0
2025-05-07,Kalamassery,17,489,0,0,1
2025-05-07,Kalamassery,18,488,0,0,1
2025-05-07,Kalamassery,19,506,0,0,1
2025-05-07,Kalamassery,20,536,0,0,1
2025-05-07,Kalamassery,21,197,0,0,0
2025-05-07,Kalamassery,22,182,0,0,0
2025-05-07,CUSAT,6,68,0,0,0
2025-05-07,CUSAT,7,81,0,0,0
2025-05-07,CUSAT,8,190,0,1,0
2025-05-07,CUSAT,9,197,0,1,0
2025-05-07,CUSAT,10,201,0,1,0
2025-05-07,CUSAT,11,91,0,0,0
2025-05-07,CUSAT,12,89,0,0,0
2025-05-07,CUSAT,13,73,0,0,0
2025-05-07,CUSAT,14,59,0,0,0
2025-05-07,CUSAT,15,65,0,0,0
2025-05-07,CUSAT,16,78,0,0,0
2025-05-07,CUSAT,17,210,0,0,1
2025-05-07,CUSAT,18,226,0,0,1
2025-05-07,CUSAT,19,179,0,0,1
2025-05-07,CUSAT,20,224,0,0,1
2025-05-07,CUSAT,21,92,0,0,0
2025-05-07,CUSAT,22,68,0,0,0
2025-05-07,Pathadipalam,6,86,0,0,0
2025-05-07,Pathadipalam,7,74,0,0,0
2025-05-07,Pathadipalam,8,178,0,1,0
2025-05-07,Pathadipalam,9,216,0,1,0
2025-05-07,Pathadipalam,10,196,0,1,0
2025-05-07,Pathadipalam,11,76,0,0,0
2025-05-07,Pathadipalam,12,76,0,0,0
2025-05-07,Pathadipalam,13,75,0,0,0
2025-05-07,Pathadipalam,14,77,0,0,0
2025-05-07,Pathadipalam,15,77,0,0,0
2025-05-07,Pathadipalam,16,82,0,0,0
2025-05-07,Pathadipalam,17,210,0,0,1
2025-05-07,Pathadipalam,18,163,0,0,1
2025-05-07,Pathadipalam,19,208,0,0,1
2025-05-07,Pathadipalam,20,178,0,0,1
2025-05-07,Pathadipalam,21,73,0,0,0
2025-05-07,Pathadipalam,22,79,0,0,0
2025-05-07,Edappally,6,195,0,0,0
2025-05-07,Edappally,7,203,0,0,0
2025-05-07,Edappally,8,482,0,1,0
2025-05-07,Edappally,9,500,0,1,0
2025-05-07,Edappally,10,491,0,1,0
2025-05-07,Edappally,11,195,0,0,0
2025-05-07,Edappally,12,184,0,0,0
2025-05-07,Edappally,13,195,0,0,0
2025-05-07,Edappally,14,216,0,0,0
2025-05-07,Edappally,15,210,0,0,0
2025-05-07,Edappally,16,203,0,0,0
2025-05-07,Edappally,17,505,0,0,1
2025-05-07,Edappally,18,512,0,0,1
2025-05-07,Edappally,19,499,0,0,1
2025-05-07,Edappally,20,479,0,0,1
2025-05-07,Edappally,21,197,0,0,0
2025-05-07,Edappally,22,199,0,0,0
2025-05-07,Changampuzha Park,6,71,0,0,0
2025-05-07,Changampuzha Park,7,82,0,0,0
2025-05-07,Changampuzha Park,8,211,0,1,0
2025-05-07,Changampuzha Park,9,206,0,1,0
2025-05-07,Changampuzha Park,10,190,0,1,0
2025-05-07,Changampuzha Park,11,94,0,0,0
2025-05-07,Changampuzha Park,12,74,0,0,0
2025-05-07,Changampuzha Park,13,69,0,0,0
2025-05-07,Changampuzha Park,14,93,0,0,0
2025-05-07,Changampuzha Park,15,80,0,0,0
2025-05-07,Changampuzha Park,16,87,0,0,0
2025-05-07,Changampuzha Park,17,191,0,0,1
2025-05-07,Changampuzha Park,18,188,0,0,1
2025-05-07,Changampuzha Park,19,199,0,0,1
2025-05-07,Changampuzha Park,20,182,0,0,1
2025-05-07,Changampuzha Park,21,87,0,0,0
2025-05-07,Changampuzha Park,22,78,0,0,0
2025-05-07,Palarivattom,6,89,0,0,0
2025-05-07,Palarivattom,7,79,0,0,0
2025-05-07,Palarivattom,8,174,0,1,0
2025-05-07,Palarivattom,9,245,0,1,0
2025-05-07,Palarivattom,10,198,0,1,0
2025-05-07,Palarivattom,11,72,0,0,0
2025-05-07,Palarivattom,12,75,0,0,0
2025-05-07,Palarivattom,13,80,0,0,0
2025-05-07,Palarivattom,14,81,0,0,0
2025-05-07,Palarivattom,15,88,0,0,0
2025-05-07,Palarivattom,16,81,0,0,0
2025-05-07,Palarivattom,17,188,0,0,1
2025-05-07,Palarivattom,18,206,0,0,1
2025-05-07,Palarivattom,19,187,0,0,1
2025-05-07,Palarivattom,20,182,0,0,1
2025-05-07,Palarivattom,21,79,0,0,0
2025-05-07,Palarivattom,22,83,0,0,0
2025-05-07,JLN Stadium,6,70,0,0,0
2025-05-07,JLN Stadium,7,76,0,0,0
2025-05-07,JLN Stadium,8,207,0,1,0
2025-05-07,JLN Stadium,9,202,0,1,0
2025-05-07,JLN Stadium,10,216,0,1,0
2025-05-07,JLN Stadium,11,65,0,0,0
2025-05-07,JLN Stadium,12,77,0,0,0
2025-05-07,JLN Stadium,13,64,0,0,0
2025-05-07,JLN Stadium,14,78,0,0,0
2025-05-07,JLN Stadium,15,81,0,0,0
2025-05-07,JLN Stadium,16,79,0,0,0
2025-05-07,JLN Stadium,17,224,0,0,1
2025-05-07,JLN Stadium,18,216,0,0,1
2025-05-07,JLN Stadium,19,236,0,0,1
2025-05-07,JLN Stadium,20,179,0,0,1
2025-05-07,JLN Stadium,21,67,0,0,0
2025-05-07,JLN Stadium,22,72,0,0,0
2025-05-07,Kaloor Town Hall,6,75,0,0,0
2025-05-07,Kaloor Town Hall,7,78,0,0,0
2025-05-07,Kaloor Town Hall,8,183,0,1,0
2025-05-07,Kaloor Town Hall,9,193,0,1,0
2025-05-07,Kaloor Town Hall,10,207,0,1,0
2025-05-07,Kaloor Town Hall,11,83,0,0,0
2025-05-07,Kaloor Town Hall,12,77,0,0,0
2025-05-07,Kaloor Town Hall,13,86,0,0,0
2025-05-07,Kaloor Town Hall,14,91,0,0,0
2025-05-07,Kaloor Town Hall,15,79,0,0,0
2025-05-07,Kaloor Town Hall,16,81,0,0,0
2025-05-07,Kaloor Town Hall,17,211,0,0,1
2025-05-07,Kaloor Town Hall,18,212,0,0,1
2025-05-07,Kaloor Town Hall,19,195,0,0,1
2025-05-07,Kaloor Town Hall,20,176,0,0,1
2025-05-07,Kaloor Town Hall,21,72,0,0,0
2025-05-07,Kaloor Town Hall,22,79,0,0,0
2025-05-07,MG Road,6,197,0,0,0
2025-05-07,MG Road,7,194,0,0,0
2025-05-07,MG Road,8,497,0,1,0
2025-05-07,MG Road,9,546,0,1,0
2025-05-07,MG Road,10,471,0,1,0
2025-05-07,MG Road,11,182,0,0,0
2025-05-07,MG Road,12,188,0,0,0
2025-05-07,MG Road,13,186,0,0,0
2025-05-07,MG Road,14,195,0,0,0
2025-05-07,MG Road,15,197,0,0,0
2025-05-07,MG Road,16,208,0,0,0
2025-05-07,MG Road,17,473,0,0,1
2025-05-07,MG Road,18,462,0,0,1
2025-05-07,MG Road,19,489,0,0,1
2025-05-07,MG Road,20,499,0,0,1
2025-05-07,MG Road,21,211,0,0,0
2025-05-07,MG Road,22,198,0,0,0
2025-05-07,Maharaja's College,6,88,0,0,0
2025-05-07,Maharaja's College,7,78,0,0,0
2025-05-07,Maharaja's College,8,203,0,1,0
2025-05-07,Maharaja's College,9,210,0,1,0
2025-05-07,Maharaja's College,10,213,0,1,0
2025-05-07,Maharaja's College,11,76,0,0,0
2025-05-07,Maharaja's College,12,83,0,0,0
2025-05-07,Maharaja's College,13,78,0,0,0
2025-05-07,Maharaja's College,14,85,0,0,0
2025-05-07,Maharaja's College,15,67,0,0,0
2025-05-07,Maharaja's College,16,78,0,0,0
2025-05-07,Maharaja's College,17,194,0,0,1
2025-05-07,Maharaja's College,18,206,0,0,1
2025-05-07,Maharaja's College,19,203,0,0,1
2025-05-07,Maharaja's College,20,212,0,0,1
2025-05-07,Maharaja's College,21,101,0,0,0
2025-05-07,Maharaja's College,22,85,0,0,0
2025-05-07,Ernakulam South,6,198,0,0,0
2025-05-07,Ernakulam South,7,184,0,0,0
2025-05-07,Ernakulam South,8,482,0,1,0
2025-05-07,Ernakulam South,9,527,0,1,0
2025-05-07,Ernakulam South,10,527,0,1,0
2025-05-07,Ernakulam South,11,214,0,0,0
2025-05-07,Ernakulam South,12,204,0,0,0
2025-05-07,Ernakulam South,13,202,0,0,0
2025-05-07,Ernakulam South,14,181,0,0,0
2025-05-07,Ernakulam South,15,192,0,0,0
2025-05-07,Ernakulam South,16,197,0,0,0
2025-05-07,Ernakulam South,17,515,0,0,1
2025-05-07,Ernakulam South,18,562,0,0,1
2025-05-07,Ernakulam South,19,462,0,0,1
2025-05-07,Ernakulam South,20,509,0,0,1
2025-05-07,Ernakulam South,21,191,0,0,0
2025-05-07,Ernakulam South,22,224,0,0,0
2025-05-07,Kadavanthra,6,88,0,0,0
2025-05-07,Kadavanthra,7,83,0,0,0
2025-05-07,Kadavanthra,8,209,0,1,0
2025-05-07,Kadavanthra,9,198,0,1,0
2025-05-07,Kadavanthra,10,184,0,1,0
2025-05-07,Kadavanthra,11,78,0,0,0
2025-05-07,Kadavanthra,12,71,0,0,0
2025-05-07,Kadavanthra,13,85,0,0,0
2025-05-07,Kadavanthra,14,90,0,0,0
2025-05-07,Kadavanthra,15,83,0,0,0
2025-05-07,Kadavanthra,16,94,0,0,0
2025-05-07,Kadavanthra,17,190,0,0,1
2025-05-07,Kadavanthra,18,194,0,0,1
2025-05-07,Kadavanthra,19,203,0,0,1
2025-05-07,Kadavanthra,20,196,0,0,1
2025-05-07,Kadavanthra,21,88,0,0,0
2025-05-07,Kadavanthra,22,91,0,0,0
2025-05-07,Elamkulam,6,80,0,0,0
2025-05-07,Elamkulam,7,86,0,0,0
2025-05-07,Elamkulam,8,195,0,1,0
2025-05-07,Elamkulam,9,202,0,1,0
2025-05-07,Elamkulam,10,228,0,1,0
2025-05-07,Elamkulam,11,79,0,0,0
2025-05-07,Elamkulam,12,69,0,0,0
2025-05-07,Elamkulam,13,87,0,0,0
2025-05-07,Elamkulam,14,77,0,0,0
2025-05-07,Elamkulam,15,88,0,0,0
2025-05-07,Elamkulam,16,90,0,0,0
2025-05-07,Elamkulam,17,209,0,0,1
2025-05-07,Elamkulam,18,221,0,0,1
2025-05-07,Elamkulam,19,219,0,0,1
2025-05-07,Elamkulam,20,181,0,0,1
2025-05-07,Elamkulam,21,89,0,0,0
2025-05-07,Elamkulam,22,92,0,0,0
2025-05-07,Vyttila,6,67,0,0,0
2025-05-07,Vyttila,7,84,0,0,0
2025-05-07,Vyttila,8,211,0,1,0
2025-05-07,Vyttila,9,199,0,1,0
2025-05-07,Vyttila,10,191,0,1,0
2025-05-07,Vyttila,11,70,0,0,0
2025-05-07,Vyttila,12,86,0,0,0
2025-05-07,Vyttila,13,75,0,0,0
2025-05-07,Vyttila,14,81,0,0,0
2025-05-07,Vyttila,15,85,0,0,0
2025-05-07,Vyttila,16,73,0,0,0
2025-05-07,Vyttila,17,220,0,0,1
2025-05-07,Vyttila,18,196,0,0,1
2025-05-07,Vyttila,19,176,0,0,1
2025-05-07,Vyttila,20,199,0,0,1
2025-05-07,Vyttila,21,93,0,0,0
2025-05-07,Vyttila,22,79,0,0,0
2025-05-07,Thaikoodam,6,82,0,0,0
2025-05-07,Thaikoodam,7,100,0,0,0
2025-05-07,Thaikoodam,8,199,0,1,0
2025-05-07,Thaikoodam,9,215,0,1,0
2025-05-07,Thaikoodam,10,184,0,1,0
2025-05-07,Thaikoodam,11,88,0,0,0
2025-05-07,Thaikoodam,12,72,0,0,0
2025-05-07,Thaikoodam,13,77,0,0,0
2025-05-07,Thaikoodam,14,82,0,0,0
2025-05-07,Thaikoodam,15,78,0,0,0
2025-05-07,Thaikoodam,16,77,0,0,0
2025-05-07,Thaikoodam,17,194,0,0,1
2025-05-07,Thaikoodam,18,215,0,0,1
2025-05-07,Thaikoodam,19,201,0,0,1
2025-05-07,Thaikoodam,20,199,0,0,1
2025-05-07,Thaikoodam,21,90,0,0,0
2025-05-07,Thaikoodam,22,75,0,0,0
2025-05-07,Petta,6,67,0,0,0
2025-05-07,Petta,7,90,0,0,0
2025-05-07,Petta,8,206,0,1,0
2025-05-07,Petta,9,200,0,1,0
2025-05-07,Petta,10,180,0,1,0
2025-05-07,Petta,11,61,0,0,0
2025-05-07,Petta,12,68,0,0,0
2025-05-07,Petta,13,77,0,0,0
2025-05-07,Petta,14,82,0,0,0
2025-05-07,Petta,15,61,0,0,0
2025-05-07,Petta,16,77,0,0,0
2025-05-07,Petta,17,187,0,0,1
2025-05-07,Petta,18,202,0,0,1
2025-05-07,Petta,19,228,0,0,1
2025-05-07,Petta,20,214,0,0,1
2025-05-07,Petta,21,87,0,0,0
2025-05-07,Petta,22,58,0,0,0
2025-05-07,Vadakkekotta,6,92,0,0,0
2025-05-07,Vadakkekotta,7,87,0,0,0
2025-05-07,Vadakkekotta,8,203,0,1,0
2025-05-07,Vadakkekotta,9,210,0,1,0
2025-05-07,Vadakkekotta,10,222,0,1,0
2025-05-07,Vadakkekotta,11,86,0,0,0
2025-05-07,Vadakkekotta,12,84,0,0,0
2025-05-07,Vadakkekotta,13,82,0,0,0
2025-05-07,Vadakkekotta,14,89,0,0,0
2025-05-07,Vadakkekotta,15,67,0,0,0
2025-05-07,Vadakkekotta,16,80,0,0,0
2025-05-07,Vadakkekotta,17,177,0,0,1
2025-05-07,Vadakkekotta,18,215,0,0,1
2025-05-07,Vadakkekotta,19,225,0,0,1
2025-05-07,Vadakkekotta,20,215,0,0,1
2025-05-07,Vadakkekotta,21,74,0,0,0
2025-05-07,Vadakkekotta,22,77,0,0,0
2025-05-07,SN Junction,6,84,0,0,0
2025-05-07,SN Junction,7,83,0,0,0
2025-05-07,SN Junction,8,211,0,1,0
2025-05-07,SN Junction,9,202,0,1,0
2025-05-07,SN Junction,10,190,0,1,0
2025-05-07,SN Junction,11,76,0,0,0
2025-05-07,SN Junction,12,74,0,0,0
2025-05-07,SN Junction,13,84,0,0,0
2025-05-07,SN Junction,14,86,0,0,0
2025-05-07,SN Junction,15,96,0,0,0
2025-05-07,SN Junction,16,91,0,0,0
2025-05-07,SN Junction,17,198,0,0,1
2025-05-07,SN Junction,18,189,0,0,1
2025-05-07,SN Junction,19,193,0,0,1
2025-05-07,SN Junction,20,196,0,0,1
2025-05-07,SN Junction,21,89,0,0,0
2025-05-07,SN Junction,22,80,0,0,0
2025-05-07,Tripunithura Terminal,6,72,0,0,0
2025-05-07,Tripunithura Terminal,7,72,0,0,0
2025-05-07,Tripunithura Terminal,8,217,0,1,0
2025-05-07,Tripunithura Terminal,9,185,0,1,0
2025-05-07,Tripunithura Terminal,10,188,0,1,0
2025-05-07,Tripunithura Terminal,11,76,0,0,0
2025-05-07,Tripunithura Terminal,12,75,0,0,0
2025-05-07,Tripunithura Terminal,13,86,0,0,0
2025-05-07,Tripunithura Terminal,14,89,0,0,0
2025-05-07,Tripunithura Terminal,15,85,0,0,0
2025-05-07,Tripunithura Terminal,16,78,0,0,0
2025-05-07,Tripunithura Terminal,17,204,0,0,1
2025-05-07,Tripunithura Terminal,18,182,0,0,1
2025-05-07,Tripunithura Terminal,19,213,0,0,1
2025-05-07,Tripunithura Terminal,20,210,0,0,1
2025-05-07,Tripunithura Terminal,21,72,0,0,0
2025-05-07,Tripunithura Terminal,22,80,0,0,0
2025-05-14,Aluva,6,202,0,0,0
2025-05-14,Aluva,7,208,0,0,0
2025-05-14,Aluva,8,457,0,1,0
2025-05-14,Aluva,9,514,0,1,0
2025-05-14,Aluva,10,502,0,1,0
2025-05-14,Aluva,11,205,0,0,0
2025-05-14,Aluva,12,214,0,0,0
2025-05-14,Aluva,13,218,0,0,0
2025-05-14,Aluva,14,209,0,0,0
2025-05-14,Aluva,15,215,0,0,0
2025-05-14,Aluva,16,203,0,0,0
2025-05-14,Aluva,17,520,0,0,1
2025-05-14,Aluva,18,465,0,0,1
2025-05-14,Aluva,19,492,0,0,1
2025-05-14,Aluva,20,519,0,0,1
2025-05-14,Aluva,21,190,0,0,0
2025-05-14,Aluva,22,203,0,0,0
2025-05-14,Pulinchodu,6,70,0,0,0
2025-05-14,Pulinchodu,7,83,0,0,0
2025-05-14,Pulinchodu,8,204,0,1,0
2025-05-14,Pulinchodu,9,190,0,1,0
2025-05-14,Pulinchodu,10,185,0,1,0
2025-05-14,Pulinchodu,11,68,0,0,0
2025-05-14,Pulinchodu,12,75,0,0,0
2025-05-14,Pulinchodu,13,76,0,0,0
2025-05-14,Pulinchodu,14,84,0,0,0
2025-05-14,Pulinchodu,15,97,0,0,0
2025-05-14,Pulinchodu,16,101,0,0,0
2025-05-14,Pulinchodu,17,177,0,0,1
2025-05-14,Pulinchodu,18,192,0,0,1
2025-05-14,Pulinchodu,19,212,0,0,1
2025-05-14,Pulinchodu,20,225,0,0,1
2025-05-14,Pulinchodu,21,74,0,0,0
2025-05-14,Pulinchodu,22,90,0,0,0
2025-05-14,Companypady,6,79,0,0,0
2025-05-14,Companypady,7,80,0,0,0
2025-05-14,Companypady,8,180,0,1,0
2025-05-14,Companypady,9,194,0,1,0
2025-05-14,Companypady,10,202,0,1,0
2025-05-14,Companypady,11,88,0,0,0
2025-05-14,Companypady,12,87,0,0,0
2025-05-14,Companypady,13,77,0,0,0
2025-05-14,Companypady,14,76,0,0,0
2025-05-14,Companypady,15,94,0,0,0
2025-05-14,Companypady,16,73,0,0,0
2025-05-14,Companypady,17,183,0,0,1
2025-05-14,Companypady,18,170,0,0,1
2025-05-14,Companypady,19,214,0,0,1
2025-05-14,Companypady,20,216,0,0,1
2025-05-14,Companypady,21,95,0,0,0
2025-05-14,Companypady,22,70,0,0,0
2025-05-14,Ambattukavu,6,83,0,0,0
2025-05-14,Ambattukavu,7,91,0,0,0
2025-05-14,Ambattukavu,8,203,0,1,0
2025-05-14,Ambattukavu,9,206,0,1,0
2025-05-14,Ambattukavu,10,181,0,1,0
2025-05-14,Ambattukavu,11,95,0,0,0
2025-05-14,Ambattukavu,12,74,0,0,0
2025-05-14,Ambattukavu,13,78,0,0,0
2025-05-14,Ambattukavu,14,79,0,0,0
2025-05-14,Ambattukavu,15,95,0,0,0
2025-05-14,Ambattukavu,16,90,0,0,0
2025-05-14,Ambattukavu,17,170,0,0,1
2025-05-14,Ambattukavu,18,211,0,0,1
2025-05-14,Ambattukavu,19,203,0,0,1
2025-05-14,Ambattukavu,20,208,0,0,1
2025-05-14,Ambattukavu,21,72,0,0,0
2025-05-14,Ambattukavu,22,70,0,0,0
2025-05-14,Muttom,6,67,0,0,0
2025-05-14,Muttom,7,102,0,0,0
2025-05-14,Muttom,8,192,0,1,0
2025-05-14,Muttom,9,182,0,1,0
2025-05-14,Muttom,10,202,0,1,0
2025-05-14,Muttom,11,85,0,0,0
2025-05-14,Muttom,12,90,0,0,0
2025-05-14,Muttom,13,82,0,0,0
2025-05-14,Muttom,14,91,0,0,0
2025-05-14,Muttom,15,85,0,0,0
2025-05-14,Muttom,16,88,0,0,0
2025-05-14,Muttom,17,177,0,0,1
2025-05-14,Muttom,18,173,0,0,1
2025-05-14,Muttom,19,209,0,0,1
2025-05-14,Muttom,20,196,0,0,1
2025-05-14,Muttom,21,78,0,0,0
2025-05-14,Muttom,22,79,0,0,0
2025-05-14,Kalamassery,6,203,0,0,0
2025-05-14,Kalamassery,7,207,0,0,0
2025-05-14,Kalamassery,8,464,0,1,0
2025-05-14,Kalamassery,9,535,0,1,0
2025-05-14,Kalamassery,10,495,0,1,0
2025-05-14,Kalamassery,11,201,0,0,0
2025-05-14,Kalamassery,12,193,0,0,0
2025-05-14,Kalamassery,13,192,0,0,0
2025-05-14,Kalamassery,14,195,0,0,0
2025-05-14,Kalamassery,15,207,0,0,0
2025-05-14,Kalamassery,16,180,0,0,0
2025-05-14,Kalamassery,17,493,0,0,1
2025-05-14,Kalamassery,18,505,0,0,1
2025-05-14,Kalamassery,19,516,0,0,1
2025-05-14,Kalamassery,20,501,0,0,1
2025-05-14,Kalamassery,21,227,0,0,0
2025-05-14,Kalamassery,22,213,0,0,0
2025-05-14,CUSAT,6,82,0,0,0
2025-05-14,CUSAT,7,81,0,0,0
2025-05-14,CUSAT,8,179,0,1,0
2025-05-14,CUSAT,9,194,0,1,0
2025-05-14,CUSAT,10,184,0,1,0
2025-05-14,CUSAT,11,79,0,0,0
2025-05-14,CUSAT,12,69,0,0,0
2025-05-14,CUSAT,13,90,0,0,0
2025-05-14,CUSAT,14,64,0,0,0
2025-05-14,CUSAT,15,76,0,0,0
2025-05-14,CUSAT,16,81,0,0,0
2025-05-14,CUSAT,17,200,0,0,1
2025-05-14,CUSAT,18,193,0,0,1
2025-05-14,CUSAT,19,214,0,0,1
2025-05-14,CUSAT,20,184,0,0,1
2025-05-14,CUSAT,21,84,0,0,0
2025-05-14,CUSAT,22,81,0,0,0
2025-05-14,Pathadipalam,6,77,0,0,0
2025-05-14,Pathadipalam,7,74,0,0,0
2025-05-14,Pathadipalam,8,182,0,1,0
2025-05-14,Pathadipalam,9,177,0,1,0
2025-05-14,Pathadipalam,10,201,0,1,0
2025-05-14,Pathadipalam,11,82,0,0,0
2025-05-14,Pathadipalam,12,65,0,0,0
2025-05-14,Pathadipalam,13,88,0,0,0
2025-05-14,Pathadipalam,14,64,0,0,0
2025-05-14,Pathadipalam,15,77,0,0,0
2025-05-14,Pathadipalam,16,82,0,0,0
2025-05-14,Pathadipalam,17,185,0,0,1
2025-05-14,Pathadipalam,18,193,0,0,1
2025-05-14,Pathadipalam,19,189,0,0,1
2025-05-14,Pathadipalam,20,215,0,0,1
2025-05-14,Pathadipalam,21,74,0,0,0
2025-05-14,Pathadipalam,22,75,0,0,0
2025-05-14,Edappally,6,173,0,0,0
2025-05-14,Edappally,7,211,0,0,0
2025-05-14,Edappally,8,495,0,1,0
2025-05-14,Edappally,9,490,0,1,0
2025-05-14,Edappally,10,508,0,1,0
2025-05-14,Edappally,11,212,0,0,0
2025-05-14,Edappally,12,183,0,0,0
2025-05-14,Edappally,13,222,0,0,0
2025-05-14,Edappally,14,194,0,0,0
2025-05-14,Edappally,15,206,0,0,0
2025-05-14,Edappally,16,181,0,0,0
2025-05-14,Edappally,17,493,0,0,1
2025-05-14,Edappally,18,463,0,0,1
2025-05-14,Edappally,19,495,0,0,1
2025-05-14,Edappally,20,531,0,0,1
2025-05-14,Edappally,21,197,0,0,0
2025-05-14,Edappally,22,192,0,0,0
2025-05-14,Changampuzha Park,6,86,0,0,0
2025-05-14,Changampuzha Park,7,78,0,0,0
2025-05-14,Changampuzha Park,8,216,0,1,0
2025-05-14,Changampuzha Park,9,207,0,1,0
2025-05-14,Changampuzha Park,10,193,0,1,0
2025-05-14,Changampuzha Park,11,84,0,0,0
2025-05-14,Changampuzha Park,12,89,0,0,0
2025-05-14,Changampuzha Park,13,86,0,0,0
2025-05-14,Changampuzha Park,14,76,0,0,0
2025-05-14,Changampuzha Park,15,84,0,0,0
2025-05-14,Changampuzha Park,16,94,0,0,0
2025-05-14,Changampuzha Park,17,204,0,0,1
2025-05-14,Changampuzha Park,18,209,0,0,1
2025-05-14,Changampuzha Park,19,186,0,0,1
2025-05-14,Changampuzha Park,20,209,0,0,1
2025-05-14,Changampuzha Park,21,87,0,0,0
2025-05-14,Changampuzha Park,22,82,0,0,0
2025-05-14,Palarivattom,6,109,0,0,0
2025-05-14,Palarivattom,7,74,0,0,0
2025-05-14,Palarivattom,8,204,0,1,0
2025-05-14,Palarivattom,9,208,0,1,0
2025-05-14,Palarivattom,10,185,0,1,0
2025-05-14,Palarivattom,11,82,0,0,0
2025-05-14,Palarivattom,12,84,0,0,0
2025-05-14,Palarivattom,13,89,0,0,0
2025-05-14,Palarivattom,14,70,0,0,0
2025-05-14,Palarivattom,15,76,0,0,0
2025-05-14,Palarivattom,16,73,0,0,0
2025-05-14,Palarivattom,17,217,0,0,1
2025-05-14,Palarivattom,18,197,0,0,1
2025-05-14,Palarivattom,19,195,0,0,1
2025-05-14,Palarivattom,20,219,0,0,1
2025-05-14,Palarivattom,21,81,0,0,0
2025-05-14,Palarivattom,22,69,0,0,0
2025-05-14,JLN Stadium,6,73,0,0,0
2025-05-14,JLN Stadium,7,89,0,0,0
2025-05-14,JLN Stadium,8,183,0,1,0
2025-05-14,JLN Stadium,9,212,0,1,0
2025-05-14,JLN Stadium,10,206,0,1,0
2025-05-14,JLN Stadium,11,84,0,0,0
2025-05-14,JLN Stadium,12,89,0,0,0
2025-05-14,JLN Stadium,13,92,0,0,0
2025-05-14,JLN Stadium,14,62,0,0,0
2025-05-14,JLN Stadium,15,71,0,0,0
2025-05-14,JLN Stadium,16,77,0,0,0
2025-05-14,JLN Stadium,17,183,0,0,1
2025-05-14,JLN Stadium,18,196,0,0,1
2025-05-14,JLN Stadium,19,185,0,0,1
2025-05-14,JLN Stadium,20,207,0,0,1
2025-05-14,JLN Stadium,21,89,0,0,0
2025-05-14,JLN Stadium,22,83,0,0,0
2025-05-14,Kaloor Town Hall,6,78,0,0,0
2025-05-14,Kaloor Town Hall,7,86,0,0,0
2025-05-14,Kaloor Town Hall,8,216,0,1,0
2025-05-14,Kaloor Town Hall,9,223,0,1,0
2025-05-14,Kaloor Town Hall,10,200,0,1,0
2025-05-14,Kaloor Town Hall,11,94,0,0,0
2025-05-14,Kaloor Town Hall,12,69,0,0,0
2025-05-14,Kaloor Town Hall,13,80,0,0,0
2025-05-14,Kaloor Town Hall,14,87,0,0,0
2025-05-14,Kaloor Town Hall,15,76,0,0,0
2025-05-14,Kaloor Town Hall,16,82,0,0,0
2025-05-14,Kaloor Town Hall,17,205,0,0,1
2025-05-14,Kaloor Town Hall,18,201,0,0,1
2025-05-14,Kaloor Town Hall,19,198,0,0,1
2025-05-14,Kaloor Town Hall,20,197,0,0,1
2025-05-14,Kaloor Town Hall,21,70,0,0,0
2025-05-14,Kaloor Town Hall,22,63,0,0,0
2025-05-14,MG Road,6,201,0,0,0
2025-05-14,MG Road,7,236,0,0,0
2025-05-14,MG Road,8,506,0,1,0
2025-05-14,MG Road,9,499,0,1,0
2025-05-14,MG Road,10,502,0,1,0
2025-05-14,MG Road,11,196,0,0,0
2025-05-14,MG Road,12,201,0,0,0
2025-05-14,MG Road,13,195,0,0,0
2025-05-14,MG Road,14,176,0,0,0
2025-05-14,MG Road,15,215,0,0,0
2025-05-14,MG Road,16,203,0,0,0
2025-05-14,MG Road,17,521,0,0,1
2025-05-14,MG Road,18,528,0,0,1
2025-05-14,MG Road,19,505,0,0,1
2025-05-14,MG Road,20,506,0,0,1
2025-05-14,MG Road,21,206,0,0,0
2025-05-14,MG Road,22,212,0,0,0
2025-05-14,Maharaja's College,6,87,0,0,0
2025-05-14,Maharaja's College,7,77,0,0,0
2025-05-14,Maharaja's College,8,184,0,1,0
2025-05-14,Maharaja's College,9,203,0,1,0
2025-05-14,Maharaja's College,10,191,0,1,0
2025-05-14,Maharaja's College,11,76,0,0,0
2025-05-14,Maharaja's College,12,83,0,0,0
2025-05-14,Maharaja's College,13,72,0,0,0
2025-05-14,Maharaja's College,14,82,0,0,0
2025-05-14,Maharaja's College,15,78,0,0,0
2025-05-14,Maharaja's College,16,86,0,0,0
2025-05-14,Maharaja's College,17,195,0,0,1
2025-05-14,Maharaja's College,18,207,0,0,1
2025-05-14,Maharaja's College,19,203,0,0,1
2025-05-14,Maharaja's College,20,190,0,0,1
2025-05-14,Maharaja's College,21,75,0,0,0
2025-05-14,Maharaja's College,22,69,0,0,0
2025-05-14,Ernakulam South,6,203,0,0,0
2025-05-14,Ernakulam South,7,203,0,0,0
2025-05-14,Ernakulam South,8,512,0,1,0
2025-05-14,Ernakulam South,9,475,0,1,0
2025-05-14,Ernakulam South,10,491,0,1,0
2025-05-14,Ernakulam South,11,206,0,0,0
2025-05-14,Ernakulam South,12,202,0,0,0
2025-05-14,Ernakulam South,13,189,0,0,0
2025-05-14,Ernakulam South,14,221,0,0,0
2025-05-14,Ernakulam South,15,222,0,0,0
2025-05-14,Ernakulam South,16,216,0,0,0
2025-05-14,Ernakulam South,17,523,0,0,1
2025-05-14,Ernakulam South,18,504,0,0,1
2025-05-14,Ernakulam South,19,523,0,0,1
2025-05-14,Ernakulam South,20,474,0,0,1
2025-05-14,Ernakulam South,21,217,0,0,0
2025-05-14,Ernakulam South,22,225,0,0,0
2025-05-14,Kadavanthra,6,74,0,0,0
2025-05-14,Kadavanthra,7,76,0,0,0
2025-05-14,Kadavanthra,8,197,0,1,0
2025-05-14,Kadavanthra,9,223,0,1,0
2025-05-14,Kadavanthra,10,206,0,1,0
2025-05-14,Kadavanthra,11,88,0,0,0
2025-05-14,Kadavanthra,12,59,0,0,0
2025-05-14,Kadavanthra,13,66,0,0,0
2025-05-14,Kadavanthra,14,91,0,0,0
2025-05-14,Kadavanthra,15,76,0,0,0
2025-05-14,Kadavanthra,16,80,0,0,0
2025-05-14,Kadavanthra,17,183,0,0,1
2025-05-14,Kadavanthra,18,188,0,0,1
2025-05-14,Kadavanthra,19,186,0,0,1
2025-05-14,Kadavanthra,20,175,0,0,1
2025-05-14,Kadavanthra,21,67,0,0,0
2025-05-14,Kadavanthra,22,88,0,0,0
2025-05-14,Elamkulam,6,71,0,0,0
2025-05-14,Elamkulam,7,84,0,0,0
2025-05-14,Elamkulam,8,207,0,1,0
2025-05-14,Elamkulam,9,190,0,1,0
2025-05-14,Elamkulam,10,201,0,1,0
2025-05-14,Elamkulam,11,83,0,0,0
2025-05-14,Elamkulam,12,86,0,0,0
2025-05-14,Elamkulam,13,89,0,0,0
2025-05-14,Elamkulam,14,79,0,0,0
2025-05-14,Elamkulam,15,82,0,0,0
2025-05-14,Elamkulam,16,95,0,0,0
2025-05-14,Elamkulam,17,203,0,0,1
2025-05-14,Elamkulam,18,189,0,0,1
2025-05-14,Elamkulam,19,188,0,0,1
2025-05-14,Elamkulam,20,179,0,0,1
2025-05-14,Elamkulam,21,77,0,0,0
2025-05-14,Elamkulam,22,78,0,0,0
2025-05-14,Vyttila,6,75,0,0,0
2025-05-14,Vyttila,7,86,0,0,0
2025-05-14,Vyttila,8,191,0,1,0
2025-05-14,Vyttila,9,204,0,1,0
2025-05-14,Vyttila,10,190,0,1,0
2025-05-14,Vyttila,11,80,0,0,0
2025-05-14,Vyttila,12,89,0,0,0
2025-05-14,Vyttila,13,88,0,0,0
2025-05-14,Vyttila,14,91,0,0,0
2025-05-14,Vyttila,15,83,0,0,0
2025-05-14,Vyttila,16,84,0,0,0
2025-05-14,Vyttila,17,196,0,0,1
2025-05-14,Vyttila,18,214,0,0,1
2025-05-14,Vyttila,19,173,0,0,1
2025-05-14,Vyttila,20,219,0,0,1
2025-05-14,Vyttila,21,89,0,0,0
2025-05-14,Vyttila,22,71,0,0,0
2025-05-14,Thaikoodam,6,86,0,0,0
2025-05-14,Thaikoodam,7,83,0,0,0
2025-05-14,Thaikoodam,8,220,0,1,0
2025-05-14,Thaikoodam,9,209,0,1,0
2025-05-14,Thaikoodam,10,198,0,1,0
2025-05-14,Thaikoodam,11,67,0,0,0
2025-05-14,Thaikoodam,12,74,0,0,0
2025-05-14,Thaikoodam,13,82,0,0,0
2025-05-14,Thaikoodam,14,73,0,0,0
2025-05-14,Thaikoodam,15,71,0,0,0
2025-05-14,Thaikoodam,16,87,0,0,0
2025-05-14,Thaikoodam,17,212,0,0,1
2025-05-14,Thaikoodam,18,197,0,0,1
2025-05-14,Thaikoodam,19,179,0,0,1
2025-05-14,Thaikoodam,20,204,0,0,1
2025-05-14,Thaikoodam,21,64,0,0,0
2025-05-14,Thaikoodam,22,77,0,0,0
2025-05-14,Petta,6,92,0,0,0
2025-05-14,Petta,7,72,0,0,0
2025-05-14,Petta,8,183,0,1,0
2025-05-14,Petta,9,208,0,1,0
2025-05-14,Petta,10,204,0,1,0
2025-05-14,Petta,11,69,0,0,0
2025-05-14,Petta,12,79,0,0,0
2025-05-14,Petta,13,82,0,0,0
2025-05-14,Petta,14,78,0,0,0
2025-05-14,Petta,15,93,0,0,0
2025-05-14,Petta,16,89,0,0,0
2025-05-14,Petta,17,200,0,0,1
2025-05-14,Petta,18,183,0,0,1
2025-05-14,Petta,19,176,0,0,1
2025-05-14,Petta,20,209,0,0,1
2025-05-14,Petta,21,79,0,0,0
2025-05-14,Petta,22,68,0,0,0
2025-05-14,Vadakkekotta,6,81,0,0,0
2025-05-14,Vadakkekotta,7,87,0,0,0
2025-05-14,Vadakkekotta,8,188,0,1,0
2025-05-14,Vadakkekotta,9,200,0,1,0
2025-05-14,Vadakkekotta,10,217,0,1,0
2025-05-14,Vadakkekotta,11,63,0,0,0
2025-05-14,Vadakkekotta,12,82,0,0,0
2025-05-14,Vadakkekotta,13,92,0,0,0
2025-05-14,Vadakkekotta,14,100,0,0,0
2025-05-14,Vadakkekotta,15,70,0,0,0
2025-05-14,Vadakkekotta,16,85,0,0,0
2025-05-14,Vadakkekotta,17,202,0,0,1
2025-05-14,Vadakkekotta,18,178,0,0,1
2025-05-14,Vadakkekotta,19,197,0,0,1
2025-05-14,Vadakkekotta,20,196,0,0,1
2025-05-14,Vadakkekotta,21,72,0,0,0
2025-05-14,Vadakkekotta,22,87,0,0,0
2025-05-14,SN Junction,6,73,0,0,0
2025-05-14,SN Junction,7,65,0,0,0
2025-05-14,SN Junction,8,219,0,1,0
2025-05-14,SN Junction,9,195,0,1,0
2025-05-14,SN Junction,10,194,0,1,0
2025-05-14,SN Junction,11,84,0,0,0
2025-05-14,SN Junction,12,84,0,0,0
2025-05-14,SN Junction,13,94,0,0,0
2025-05-14,SN Junction,14,78,0,0,0
2025-05-14,SN Junction,15,89,0,0,0
2025-05-14,SN Junction,16,66,0,0,0
2025-05-14,SN Junction,17,214,0,0,1
2025-05-14,SN Junction,18,226,0,0,1
2025-05-14,SN Junction,19,217,0,0,1
2025-05-14,SN Junction,20,201,0,0,1
2025-05-14,SN Junction,21,75,0,0,0
2025-05-14,SN Junction,22,70,0,0,0
2025-05-14,Tripunithura Terminal,6,87,0,0,0
2025-05-14,Tripunithura Terminal,7,78,0,0,0
2025-05-14,Tripunithura Terminal,8,180,0,1,0
2025-05-14,Tripunithura Terminal,9,210,0,1,0
2025-05-14,Tripunithura Terminal,10,226,0,1,0
2025-05-14,Tripunithura Terminal,11,99,0,0,0
2025-05-14,Tripunithura Terminal,12,81,0,0,0
2025-05-14,Tripunithura Terminal,13,81,0,0,0
2025-05-14,Tripunithura Terminal,14,82,0,0,0
2025-05-14,Tripunithura Terminal,15,84,0,0,0
2025-05-14,Tripunithura Terminal,16,60,0,0,0
2025-05-14,Tripunithura Terminal,17,206,0,0,1
2025-05-14,Tripunithura Terminal,18,198,0,0,1
2025-05-14,Tripunithura Terminal,19,211,0,0,1
2025-05-14,Tripunithura Terminal,20,211,0,0,1
2025-05-14,Tripunithura Terminal,21,90,0,0,0
2025-05-14,Tripunithura Terminal,22,94,0,0,0
2025-05-21,Aluva,6,202,0,0,0
2025-05-21,Aluva,7,186,0,0,0
2025-05-21,Aluva,8,500,0,1,0
2025-05-21,Aluva,9,497,0,1,0
2025-05-21,Aluva,10,517,0,1,0
2025-05-21,Aluva,11,198,0,0,0
2025-05-21,Aluva,12,217,0,0,0
2025-05-21,Aluva,13,209,0,0,0
2025-05-21,Aluva,14,190,0,0,0
2025-05-21,Aluva,15,193,0,0,0
2025-05-21,Aluva,16,223,0,0,0
2025-05-21,Aluva,17,476,0,0,1
2025-05-21,Aluva,18,515,0,0,1
2025-05-21,Aluva,19,507,0,0,1
2025-05-21,Aluva,20,491,0,0,1
2025-05-21,Aluva,21,210,0,0,0
2025-05-21,Aluva,22,223,0,0,0
2025-05-21,Pulinchodu,6,66,0,0,0
2025-05-21,Pulinchodu,7,90,0,0,0
2025-05-21,Pulinchodu,8,186,0,1,0
2025-05-21,Pulinchodu,9,178,0,1,0
2025-05-21,Pulinchodu,10,176,0,1,0
2025-05-21,Pulinchodu,11,79,0,0,0
2025-05-21,Pulinchodu,12,82,0,0,0
2025-05-21,Pulinchodu,13,92,0,0,0
2025-05-21,Pulinchodu,14,82,0,0,0
2025-05-21,Pulinchodu,15,99,0,0,0
2025-05-21,Pulinchodu,16,75,0,0,0
2025-05-21,Pulinchodu,17,215,0,0,1
2025-05-21,Pulinchodu,18,199,0,0,1
2025-05-21,Pulinchodu,19,215,0,0,1
2025-05-21,Pulinchodu,20,201,0,0,1
2025-05-21,Pulinchodu,21,82,0,0,0
2025-05-21,Pulinchodu,22,94,0,0,0
2025-05-21,Companypady,6,84,0,0,0
2025-05-21,Companypady,7,74,0,0,0
2025-05-21,Companypady,8,200,0,1,0
2025-05-21,Companypady,9,196,0,1,0
2025-05-21,Companypady,10,204,0,1,0
2025-05-21,Companypady,11,73,0,0,0
2025-05-21,Companypady,12,80,0,0,0
2025-05-21,Companypady,13,63,0,0,0
2025-05-21,Companypady,14,84,0,0,0
2025-05-21,Companypady,15,88,0,0,0
2025-05-21,Companypady,16,60,0,0,0
2025-05-21,Companypady,17,188,0,0,1
2025-05-21,Companypady,18,206,0,0,1
2025-05-21,Companypady,19,217,0,0,1
2025-05-21,Companypady,20,198,0,0,1
2025-05-21,Companypady,21,72,0,0,0
2025-05-21,Companypady,22,94,0,0,0
2025-05-21,Ambattukavu,6,79,0,0,0
2025-05-21,Ambattukavu,7,86,0,0,0
2025-05-21,Ambattukavu,8,197,0,1,0
2025-05-21,Ambattukavu,9,199,0,1,0
2025-05-21,Ambattukavu,10,187,0,1,0
2025-05-21,Ambattukavu,11,69,0,0,0
2025-05-21,Ambattukavu,12,62,0,0,0
2025-05-21,Ambattukavu,13,97,0,0,0
2025-05-21,Ambattukavu,14,70,0,0,0
2025-05-21,Ambattukavu,15,74,0,0,0
2025-05-21,Ambattukavu,16,81,0,0,0
2025-05-21,Ambattukavu,17,195,0,0,1
2025-05-21,Ambattukavu,18,210,0,0,1
2025-05-21,Ambattukavu,19,204,0,0,1
2025-05-21,Ambattukavu,20,172,0,0,1
2025-05-21,Ambattukavu,21,87,0,0,0
2025-05-21,Ambattukavu,22,84,0,0,0
2025-05-21,Muttom,6,76,0,0,0
2025-05-21,Muttom,7,69,0,0,0
2025-05-21,Muttom,8,195,0,1,0
2025-05-21,Muttom,9,195,0,1,0
2025-05-21,Muttom,10,197,0,1,0
2025-05-21,Muttom,11,87,0,0,0
2025-05-21,Muttom,12,73,0,0,0
2025-05-21,Muttom,13,79,0,0,0
2025-05-21,Muttom,14,76,0,0,0
2025-05-21,Muttom,15,75,0,0,0
2025-05-21,Muttom,16,69,0,0,0
2025-05-21,Muttom,17,195,0,0,1
2025-05-21,Muttom,18,204,0,0,1
2025-05-21,Muttom,19,178,0,0,1
2025-05-21,Muttom,20,174,0,0,1
2025-05-21,Muttom,21,71,0,0,0
2025-05-21,Muttom,22,75,0,0,0
2025-05-21,Kalamassery,6,193,0,0,0
2025-05-21,Kalamassery,7,218,0,0,0
2025-05-21,Kalamassery,8,526,0,1,0
2025-05-21,Kalamassery,9,479,0,1,0
2025-05-21,Kalamassery,10,481,0,1,0
2025-05-21,Kalamassery,11,186,0,0,0
2025-05-21,Kalamassery,12,195,0,0,0
2025-05-21,Kalamassery,13,203,0,0,0
2025-05-21,Kalamassery,14,212,0,0,0
2025-05-21,Kalamassery,15,196,0,0,0
2025-05-21,Kalamassery,16,200,0,0,0
2025-05-21,Kalamassery,17,482,0,0,1
2025-05-21,Kalamassery,18,470,0,0,1
2025-05-21,Kalamassery,19,493,0,0,1
2025-05-21,Kalamassery,20,488,0,0,1
2025-05-21,Kalamassery,21,228,0,0,0
2025-05-21,Kalamassery,22,191,0,0,0
2025-05-21,CUSAT,6,73,0,0,0
2025-05-21,CUSAT,7,87,0,0,0
2025-05-21,CUSAT,8,184,0,1,0
2025-05-21,CUSAT,9,198,0,1,0
2025-05-21,CUSAT,10,203,0,1,0
2025-05-21,CUSAT,11,57,0,0,0
2025-05-21,CUSAT,12,63,0,0,0
2025-05-21,CUSAT,13,68,0,0,0
2025-05-21,CUSAT,14,67,0,0,0
2025-05-21,CUSAT,15,74,0,0,0
2025-05-21,CUSAT,16,69,0,0,0
2025-05-21,CUSAT,17,203,0,0,1
2025-05-21,CUSAT,18,199,0,0,1
2025-05-21,CUSAT,19,214,0,0,1
2025-05-21,CUSAT,20,181,0,0,1
2025-05-21,CUSAT,21,83,0,0,0
2025-05-21,CUSAT,22,72,0,0,0
2025-05-21,Pathadipalam,6,72,0,0,0
2025-05-21,Pathadipalam,7,87,0,0,0
2025-05-21,Pathadipalam,8,202,0,1,0
2025-05-21,Pathadipalam,9,202,0,1,0
2025-05-21,Pathadipalam,10,231,0,1,0
2025-05-21,Pathadipalam,11,79,0,0,0
2025-05-21,Pathadipalam,12,93,0,0,0
2025-05-21,Pathadipalam,13,82,0,0,0
2025-05-21,Pathadipalam,14,94,0,0,0
2025-05-21,Pathadipalam,15,97,0,0,0
2025-05-21,Pathadipalam,16,79,0,0,0
2025-05-21,Pathadipalam,17,205,0,0,1
2025-05-21,Pathadipalam,18,201,0,0,1
2025-05-21,Pathadipalam,19,174,0,0,1
2025-05-21,Pathadipalam,20,192,0,0,1
2025-05-21,Pathadipalam,21,71,0,0,0
2025-05-21,Pathadipalam,22,89,0,0,0
2025-05-21,Edappally,6,175,0,0,0
2025-05-21,Edappally,7,207,0,0,0
2025-05-21,Edappally,8,499,0,1,0
2025-05-21,Edappally,9,456,0,1,0
2025-05-21,Edappally,10,488,0,1,0
2025-05-21,Edappally,11,201,0,0,0
2025-05-21,Edappally,12,212,0,0,0
2025-05-21,Edappally,13,194,0,0,0
2025-05-21,Edappally,14,215,0,0,0
2025-05-21,Edappally,15,195,0,0,0
2025-05-21,Edappally,16,220,0,0,0
2025-05-21,Edappally,17,455,0,0,1
2025-05-21,Edappally,18,503,0,0,1
2025-05-21,Edappally,19,514,0,0,1
2025-05-21,Edappally,20,495,0,0,1
2025-05-21,Edappally,21,219,0,0,0
2025-05-21,Edappally,22,190,0,0,0
2025-05-21,Changampuzha Park,6,84,0,0,0
2025-05-21,Changampuzha Park,7,69,0,0,0
2025-05-21,Changampuzha Park,8,186,0,1,0
2025-05-21,Changampuzha Park,9,194,0,1,0
2025-05-21,Changampuzha Park,10,199,0,1,0
2025-05-21,Changampuzha Park,11,98,0,0,0
2025-05-21,Changampuzha Park,12,82,0,0,0
2025-05-21,Changampuzha Park,13,68,0,0,0
2025-05-21,Changampuzha Park,14,59,0,0,0
2025-05-21,Changampuzha Park,15,67,0,0,0
2025-05-21,Changampuzha Park,16,66,0,0,0
2025-05-21,Changampuzha Park,17,210,0,0,1
2025-05-21,Changampuzha Park,18,207,0,0,1
2025-05-21,Changampuzha Park,19,193,0,0,1
2025-05-21,Changampuzha Park,20,218,0,0,1
2025-05-21,Changampuzha Park,21,90,0,0,0
2025-05-21,Changampuzha Park,22,75,0,0,0
2025-05-21,Palarivattom,6,76,0,0,0
2025-05-21,Palarivattom,7,72,0,0,0
2025-05-21,Palarivattom,8,206,0,1,0
2025-05-21,Palarivattom,9,191,0,1,0
2025-05-21,Palarivattom,10,192,0,1,0
2025-05-21,Palarivattom,11,73,0,0,0
2025-05-21,Palarivattom,12,75,0,0,0
2025-05-21,Palarivattom,13,74,0,0,0
2025-05-21,Palarivattom,14,69,0,0,0
2025-05-21,Palarivattom,15,73,0,0,0
2025-05-21,Palarivattom,16,94,0,0,0
2025-05-21,Palarivattom,17,214,0,0,1
2025-05-21,Palarivattom,18,183,0,0,1
2025-05-21,Palarivattom,19,173,0,0,1
2025-05-21,Palarivattom,20,186,0,0,1
2025-05-21,Palarivattom,21,76,0,0,0
2025-05-21,Palarivattom,22,102,0,0,0
2025-05-21,JLN Stadium,6,76,0,0,0
2025-05-21,JLN Stadium,7,68,0,0,0
2025-05-21,JLN Stadium,8,232,0,1,0
2025-05-21,JLN Stadium,9,200,0,1,0
2025-05-21,JLN Stadium,10,206,0,1,0
2025-05-21,JLN Stadium,11,72,0,0,0
2025-05-21,JLN Stadium,12,91,0,0,0
2025-05-21,JLN Stadium,13,84,0,0,0
2025-05-21,JLN Stadium,14,74,0,0,0
2025-05-21,JLN Stadium,15,81,0,0,0
2025-05-21,JLN Stadium,16,79,0,0,0
2025-05-21,JLN Stadium,17,194,0,0,1
2025-05-21,JLN Stadium,18,217,0,0,1
2025-05-21,JLN Stadium,19,196,0,0,1
2025-05-21,JLN Stadium,20,200,0,0,1
2025-05-21,JLN Stadium,21,77,0,0,0
2025-05-21,JLN Stadium,22,83,0,0,0
2025-05-21,Kaloor Town Hall,6,94,0,0,0
2025-05-21,Kaloor Town Hall,7,88,0,0,0
2025-05-21,Kaloor Town Hall,8,221,0,1,0
2025-05-21,Kaloor Town Hall,9,179,0,1,0
2025-05-21,Kaloor Town Hall,10,208,0,1,0
2025-05-21,Kaloor Town Hall,11,86,0,0,0
2025-05-21,Kaloor Town Hall,12,72,0,0,0
2025-05-21,Kaloor Town Hall,13,82,0,0,0
2025-05-21,Kaloor Town Hall,14,84,0,0,0
2025-05-21,Kaloor Town Hall,15,79,0,0,0
2025-05-21,Kaloor Town Hall,16,82,0,0,0
2025-05-21,Kaloor Town Hall,17,194,0,0,1
2025-05-21,Kaloor Town Hall,18,209,0,0,1
2025-05-21,Kaloor Town Hall,19,226,0,0,1
2025-05-21,Kaloor Town Hall,20,200,0,0,1
2025-05-21,Kaloor Town Hall,21,68,0,0,0
2025-05-21,Kaloor Town Hall,22,74,0,0,0
2025-05-21,MG Road,6,223,0,0,0
2025-05-21,MG Road,7,183,0,0,0
2025-05-21,MG Road,8,482,0,1,0
2025-05-21,MG Road,9,472,0,1,0
2025-05-21,MG Road,10,515,0,1,0
2025-05-21,MG Road,11,181,0,0,0
2025-05-21,MG Road,12,201,0,0,0
2025-05-21,MG Road,13,213,0,0,0
2025-05-21,MG Road,14,210,0,0,0
2025-05-21,MG Road,15,211,0,0,0
2025-05-21,MG Road,16,187,0,0,0
2025-05-21,MG Road,17,486,0,0,1
2025-05-21,MG Road,18,501,0,0,1
2025-05-21,MG Road,19,463,0,0,1
2025-05-21,MG Road,20,512,0,0,1
2025-05-21,MG Road,21,203,0,0,0
2025-05-21,MG Road,22,189,0,0,0
2025-05-21,Maharaja's College,6,72,0,0,0
2025-05-21,Maharaja's College,7,55,0,0,0
2025-05-21,Maharaja's College,8,223,0,1,0
2025-05-21,Maharaja's College,9,195,0,1,0
2025-05-21,Maharaja's College,10,209,0,1,0
2025-05-21,Maharaja's College,11,67,0,0,0
2025-05-21,Maharaja's College,12,80,0,0,0
2025-05-21,Maharaja's College,13,73,0,0,0
2025-05-21,Maharaja's College,14,77,0,0,0
2025-05-21,Maharaja's College,15,87,0,0,0
2025-05-21,Maharaja's College,16,90,0,0,0
2025-05-21,Maharaja's College,17,187,0,0,1
2025-05-21,Maharaja's College,18,208,0,0,1
2025-05-21,Maharaja's College,19,214,0,0,1
2025-05-21,Maharaja's College,20,193,0,0,1
2025-05-21,Maharaja's College,21,87,0,0,0
2025-05-21,Maharaja's College,22,80,0,0,0
2025-05-21,Ernakulam South,6,177,0,0,0
2025-05-21,Ernakulam South,7,193,0,0,0
2025-05-21,Ernakulam South,8,539,0,1,0
2025-05-21,Ernakulam South,9,514,0,1,0
2025-05-21,Ernakulam South,10,529,0,1,0
2025-05-21,Ernakulam South,11,210,0,0,0
2025-05-21,Ernakulam South,12,206,0,0,0
2025-05-21,Ernakulam South,13,207,0,0,0
2025-05-21,Ernakulam South,14,199,0,0,0
2025-05-21,Ernakulam South,15,204,0,0,0
2025-05-21,Ernakulam South,16,185,0,0,0
2025-05-21,Ernakulam South,17,501,0,0,1
2025-05-21,Ernakulam South,18,478,0,0,1
2025-05-21,Ernakulam South,19,523,0,0,1
2025-05-21,Ernakulam South,20,473,0,0,1
2025-05-21,Ernakulam South,21,186,0,0,0
2025-05-21,Ernakulam South,22,199,0,0,0
2025-05-21,Kadavanthra,6,62,0,0,0
2025-05-21,Kadavanthra,7,75,0,0,0
2025-05-21,Kadavanthra,8,210,0,1,0
2025-05-21,Kadavanthra,9,194,0,1,0
2025-05-21,Kadavanthra,10,212,0,1,0
2025-05-21,Kadavanthra,11,76,0,0,0
2025-05-21,Kadavanthra,12,70,0,0,0
2025-05-21,Kadavanthra,13,72,0,0,0
2025-05-21,Kadavanthra,14,86,0,0,0
2025-05-21,Kadavanthra,15,90,0,0,0
2025-05-21,Kadavanthra,16,77,0,0,0
2025-05-21,Kadavanthra,17,193,0,0,1
2025-05-21,Kadavanthra,18,231,0,0,1
2025-05-21,Kadavanthra,19,205,0,0,1
2025-05-21,Kadavanthra,20,226,0,0,1
2025-05-21,Kadavanthra,21,73,0,0,0
2025-05-21,Kadavanthra,22,81,0,0,0
2025-05-21,Elamkulam,6,75,0,0,0
2025-05-21,Elamkulam,7,63,0,0,0
2025-05-21,Elamkulam,8,206,0,1,0
2025-05-21,Elamkulam,9,188,0,1,0
2025-05-21,Elamkulam,10,214,0,1,0
2025-05-21,Elamkulam,11,86,0,0,0
2025-05-21,Elamkulam,12,68,0,0,0
2025-05-21,Elamkulam,13,80,0,0,0
2025-05-21,Elamkulam,14,77,0,0,0
2025-05-21,Elamkulam,15,78,0,0,0
2025-05-21,Elamkulam,16,82,0,0,0
2025-05-21,Elamkulam,17,188,0,0,1
2025-05-21,Elamkulam,18,191,0,0,1
2025-05-21,Elamkulam,19,216,0,0,1
2025-05-21,Elamkulam,20,221,0,0,1
2025-05-21,Elamkulam,21,71,0,0,0
2025-05-21,Elamkulam,22,89,0,0,0
2025-05-21,Vyttila,6,88,0,0,0
2025-05-21,Vyttila,7,68,0,0,0
2025-05-21,Vyttila,8,213,0,1,0
2025-05-21,Vyttila,9,200,0,1,0
2025-05-21,Vyttila,10,193,0,1,0
2025-05-21,Vyttila,11,70,0,0,0
2025-05-21,Vyttila,12,74,0,0,0
2025-05-21,Vyttila,13,64,0,0,0
2025-05-21,Vyttila,14,82,0,0,0
2025-05-21,Vyttila,15,80,0,0,0
2025-05-21,Vyttila,16,91,0,0,0
2025-05-21,Vyttila,17,165,0,0,1
2025-05-21,Vyttila,18,203,0,0,1
2025-05-21,Vyttila,19,182,0,0,1
2025-05-21,Vyttila,20,188,0,0,1
2025-05-21,Vyttila,21,81,0,0,0
2025-05-21,Vyttila,22,84,0,0,0
2025-05-21,Thaikoodam,6,61,0,0,0
2025-05-21,Thaikoodam,7,85,0,0,0
2025-05-21,Thaikoodam,8,221,0,1,0
2025-05-21,Thaikoodam,9,212,0,1,0
2025-05-21,Thaikoodam,10,229,0,1,0
2025-05-21,Thaikoodam,11,71,0,0,0
2025-05-21,Thaikoodam,12,80,0,0,0
2025-05-21,Thaikoodam,13,73,0,0,0
2025-05-21,Thaikoodam,14,96,0,0,0
2025-05-21,Thaikoodam,15,89,0,0,0
2025-05-21,Thaikoodam,16,87,0,0,0
2025-05-21,Thaikoodam,17,213,0,0,1
2025-05-21,Thaikoodam,18,201,0,0,1
2025-05-21,Thaikoodam,19,225,0,0,1
2025-05-21,Thaikoodam,20,193,0,0,1
2025-05-21,Thaikoodam,21,72,0,0,0
2025-05-21,Thaikoodam,22,92,0,0,0
2025-05-21,Petta,6,90,0,0,0
2025-05-21,Petta,7,74,0,0,0
2025-05-21,Petta,8,217,0,1,0
2025-05-21,Petta,9,200,0,1,0
2025-05-21,Petta,10,203,0,1,0
2025-05-21,Petta,11,71,0,0,0
2025-05-21,Petta,12,87,0,0,0
2025-05-21,Petta,13,77,0,0,0
2025-05-21,Petta,14,93,0,0,0
2025-05-21,Petta,15,85,0,0,0
2025-05-21,Petta,16,88,0,0,0
2025-05-21,Petta,17,200,0,0,1
2025-05-21,Petta,18,181,0,0,1
2025-05-21,Petta,19,224,0,0,1
2025-05-21,Petta,20,209,0,0,1
2025-05-21,Petta,21,76,0,0,0
2025-05-21,Petta,22,70,0,0,0
2025-05-21,Vadakkekotta,6,80,0,0,0
2025-05-21,Vadakkekotta,7,91,0,0,0
2025-05-21,Vadakkekotta,8,227,0,1,0
2025-05-21,Vadakkekotta,9,216,0,1,0
2025-05-21,Vadakkekotta,10,172,0,1,0
2025-05-21,Vadakkekotta,11,92,0,0,0
2025-05-21,Vadakkekotta,12,80,0,0,0
2025-05-21,Vadakkekotta,13,69,0,0,0
2025-05-21,Vadakkekotta,14,97,0,0,0
2025-05-21,Vadakkekotta,15,84,0,0,0
2025-05-21,Vadakkekotta,16,96,0,0,0
2025-05-21,Vadakkekotta,17,208,0,0,1
2025-05-21,Vadakkekotta,18,180,0,0,1
2025-05-21,Vadakkekotta,19,203,0,0,1
2025-05-21,Vadakkekotta,20,179,0,0,1
2025-05-21,Vadakkekotta,21,80,0,0,0
2025-05-21,Vadakkekotta,22,100,0,0,0
2025-05-21,SN Junction,6,84,0,0,0
2025-05-21,SN Junction,7,78,0,0,0
2025-05-21,SN Junction,8,217,0,1,0
2025-05-21,SN Junction,9,205,0,1,0
2025-05-21,SN Junction,10,209,0,1,0
2025-05-21,SN Junction,11,75,0,0,0
2025-05-21,SN Junction,12,75,0,0,0
2025-05-21,SN Junction,13,74,0,0,0
2025-05-21,SN Junction,14,70,0,0,0
2025-05-21,SN Junction,15,78,0,0,0
2025-05-21,SN Junction,16,85,0,0,0
2025-05-21,SN Junction,17,218,0,0,1
2025-05-21,SN Junction,18,201,0,0,1
2025-05-21,SN Junction,19,169,0,0,1
2025-05-21,SN Junction,20,186,0,0,1
2025-05-21,SN Junction,21,77,0,0,0
2025-05-21,SN Junction,22,87,0,0,0
2025-05-21,Tripunithura Terminal,6,82,0,0,0
2025-05-21,Tripunithura Terminal,7,79,0,0,0
2025-05-21,Tripunithura Terminal,8,215,0,1,0
2025-05-21,Tripunithura Terminal,9,182,0,1,0
2025-05-21,Tripunithura Terminal,10,193,0,1,0
2025-05-21,Tripunithura Terminal,11,78,0,0,0
2025-05-21,Tripunithura Terminal,12,74,0,0,0
2025-05-21,Tripunithura Terminal,13,85,0,0,0
2025-05-21,Tripunithura Terminal,14,78,0,0,0
2025-05-21,Tripunithura Terminal,15,84,0,0,0
2025-05-21,Tripunithura Terminal,16,71,0,0,0
2025-05-21,Tripunithura Terminal,17,199,0,0,1
2025-05-21,Tripunithura Terminal,18,198,0,0,1
2025-05-21,Tripunithura Terminal,19,204,0,0,1
2025-05-21,Tripunithura Terminal,20,213,0,0,1
2025-05-21,Tripunithura Terminal,21,90,0,0,0
2025-05-21,Tripunithura Terminal,22,87,0,0,0
2025-05-28,Aluva,6,210,0,0,0
2025-05-28,Aluva,7,192,0,0,0
2025-05-28,Aluva,8,489,0,1,0
2025-05-28,Aluva,9,553,0,1,0
2025-05-28,Aluva,10,488,0,1,0
2025-05-28,Aluva,11,202,0,0,0
2025-05-28,Aluva,12,211,0,0,0
2025-05-28,Aluva,13,200,0,0,0
2025-05-28,Aluva,14,186,0,0,0
2025-05-28,Aluva,15,165,0,0,0
2025-05-28,Aluva,16,216,0,0,0
2025-05-28,Aluva,17,496,0,0,1
2025-05-28,Aluva,18,489,0,0,1
2025-05-28,Aluva,19,514,0,0,1
2025-05-28,Aluva,20,522,0,0,1
2025-05-28,Aluva,21,196,0,0,0
2025-05-28,Aluva,22,177,0,0,0
2025-05-28,Pulinchodu,6,86,0,0,0
2025-05-28,Pulinchodu,7,66,0,0,0
2025-05-28,Pulinchodu,8,227,0,1,0
2025-05-28,Pulinchodu,9,186,0,1,0
2025-05-28,Pulinchodu,10,217,0,1,0
2025-05-28,Pulinchodu,11,73,0,0,0
2025-05-28,Pulinchodu,12,69,0,0,0
2025-05-28,Pulinchodu,13,68,0,0,0
2025-05-28,Pulinchodu,14,80,0,0,0
2025-05-28,Pulinchodu,15,81,0,0,0
2025-05-28,Pulinchodu,16,71,0,0,0
2025-05-28,Pulinchodu,17,234,0,0,1
2025-05-28,Pulinchodu,18,192,0,0,1
2025-05-28,Pulinchodu,19,188,0,0,1
2025-05-28,Pulinchodu,20,191,0,0,1
2025-05-28,Pulinchodu,21,89,0,0,0
2025-05-28,Pulinchodu,22,71,0,0,0
2025-05-28,Companypady,6,83,0,0,0
2025-05-28,Companypady,7,103,0,0,0
2025-05-28,Companypady,8,208,0,1,0
2025-05-28,Companypady,9,205,0,1,0
2025-05-28,Companypady,10,187,0,1,0
2025-05-28,Companypady,11,83,0,0,0
2025-05-28,Companypady,12,87,0,0,0
2025-05-28,Companypady,13,77,0,0,0
2025-05-28,Companypady,14,84,0,0,0
2025-05-28,Companypady,15,87,0,0,0
2025-05-28,Companypady,16,95,0,0,0
2025-05-28,Companypady,17,197,0,0,1
2025-05-28,Companypady,18,189,0,0,1
2025-05-28,Companypady,19,209,0,0,1
2025-05-28,Companypady,20,193,0,0,1
2025-05-28,Companypady,21,84,0,0,0
2025-05-28,Companypady,22,76,0,0,0
2025-05-28,Ambattukavu,6,81,0,0,0
2025-05-28,Ambattukavu,7,74,0,0,0
2025-05-28,Ambattukavu,8,201,0,1,0
2025-05-28,Ambattukavu,9,205,0,1,0
2025-05-28,Ambattukavu,10,207,0,1,0
2025-05-28,Ambattukavu,11,68,0,0,0
2025-05-28,Ambattukavu,12,82,0,0,0
2025-05-28,Ambattukavu,13,87,0,0,0
2025-05-28,Ambattukavu,14,84,0,0,0
2025-05-28,Ambattukavu,15,79,0,0,0
2025-05-28,Ambattukavu,16,88,0,0,0
2025-05-28,Ambattukavu,17,209,0,0,1
2025-05-28,Ambattukavu,18,217,0,0,1
2025-05-28,Ambattukavu,19,186,0,0,1
2025-05-28,Ambattukavu,20,198,0,0,1
2025-05-28,Ambattukavu,21,84,0,0,0
2025-05-28,Ambattukavu,22,74,0,0,0
2025-05-28,Muttom,6,76,0,0,0
2025-05-28,Muttom,7,70,0,0,0
2025-05-28,Muttom,8,214,0,1,0
2025-05-28,Muttom,9,184,0,1,0
2025-05-28,Muttom,10,179,0,1,0
2025-05-28,Muttom,11,54,0,0,0
2025-05-28,Muttom,12,86,0,0,0
2025-05-28,Muttom,13,73,0,0,0
2025-05-28,Muttom,14,82,0,0,0
2025-05-28,Muttom,15,86,0,0,0
2025-05-28,Muttom,16,71,0,0,0
2025-05-28,Muttom,17,215,0,0,1
2025-05-28,Muttom,18,214,0,0,1
2025-05-28,Muttom,19,191,0,0,1
2025-05-28,Muttom,20,201,0,0,1
2025-05-28,Muttom,21,89,0,0,0
2025-05-28,Muttom,22,92,0,0,0
2025-05-28,Kalamassery,6,193,0,0,0
2025-05-28,Kalamassery,7,196,0,0,0
2025-05-28,Kalamassery,8,508,0,1,0
2025-05-28,Kalamassery,9,488,0,1,0
2025-05-28,Kalamassery,10,542,0,1,0
2025-05-28,Kalamassery,11,213,0,0,0
2025-05-28,Kalamassery,12,183,0,0,0
2025-05-28,Kalamassery,13,182,0,0,0
2025-05-28,Kalamassery,14,194,0,0,0
2025-05-28,Kalamassery,15,183,0,0,0
2025-05-28,Kalamassery,16,194,0,0,0
2025-05-28,Kalamassery,17,532,0,0,1
2025-05-28,Kalamassery,18,491,0,0,1
2025-05-28,Kalamassery,19,528,0,0,1
2025-05-28,Kalamassery,20,549,0,0,1
2025-05-28,Kalamassery,21,208,0,0,0
2025-05-28,Kalamassery,22,205,0,0,0
2025-05-28,CUSAT,6,75,0,0,0
2025-05-28,CUSAT,7,88,0,0,0
2025-05-28,CUSAT,8,197,0,1,0
2025-05-28,CUSAT,9,176,0,1,0
2025-05-28,CUSAT,10,220,0,1,0
2025-05-28,CUSAT,11,77,0,0,0
2025-05-28,CUSAT,12,93,0,0,0
2025-05-28,CUSAT,13,79,0,0,0
2025-05-28,CUSAT,14,82,0,0,0
2025-05-28,CUSAT,15,75,0,0,0
2025-05-28,CUSAT,16,78,0,0,0
2025-05-28,CUSAT,17,197,0,0,1
2025-05-28,CUSAT,18,187,0,0,1
2025-05-28,CUSAT,19,201,0,0,1
2025-05-28,CUSAT,20,201,0,0,1
2025-05-28,CUSAT,21,67,0,0,0
2025-05-28,CUSAT,22,75,0,0,0
2025-05-28,Pathadipalam,6,73,0,0,0
2025-05-28,Pathadipalam,7,79,0,0,0
2025-05-28,Pathadipalam,8,190,0,1,0
2025-05-28,Pathadipalam,9,192,0,1,0
2025-05-28,Pathadipalam,10,203,0,1,0
2025-05-28,Pathadipalam,11,100,0,0,0
2025-05-28,Pathadipalam,12,82,0,0,0
2025-05-28,Pathadipalam,13,88,0,0,0
2025-05-28,Pathadipalam,14,73,0,0,0
2025-05-28,Pathadipalam,15,68,0,0,0
2025-05-28,Pathadipalam,16,85,0,0,0
2025-05-28,Pathadipalam,17,217,0,0,1
2025-05-28,Pathadipalam,18,190,0,0,1
2025-05-28,Pathadipalam,19,204,0,0,1
2025-05-28,Pathadipalam,20,199,0,0,1
2025-05-28,Pathadipalam,21,82,0,0,0
2025-05-28,Pathadipalam,22,79,0,0,0
2025-05-28,Edappally,6,182,0,0,0
2025-05-28,Edappally,7,225,0,0,0
2025-05-28,Edappally,8,516,0,1,0
2025-05-28,Edappally,9,470,0,1,0
2025-05-28,Edappally,10,479,0,1,0
2025-05-28,Edappally,11,195,0,0,0
2025-05-28,Edappally,12,178,0,0,0
2025-05-28,Edappally,13,209,0,0,0
2025-05-28,Edappally,14,203,0,0,0
2025-05-28,Edappally,15,212,0,0,0
2025-05-28,Edappally,16,200,0,0,0
2025-05-28,Edappally,17,504,0,0,1
2025-05-28,Edappally,18,513,0,0,1
2025-05-28,Edappally,19,489,0,0,1
2025-05-28,Edappally,20,509,0,0,1
2025-05-28,Edappally,21,200,0,0,0
2025-05-28,Edappally,22,213,0,0,0
2025-05-28,Changampuzha Park,6,77,0,0,0
2025-05-28,Changampuzha Park,7,76,0,0,0
2025-05-28,Changampuzha Park,8,207,0,1,0
2025-05-28,Changampuzha Park,9,237,0,1,0
2025-05-28,Changampuzha Park,10,190,0,1,0
2025-05-28,Changampuzha Park,11,76,0,0,0
2025-05-28,Changampuzha Park,12,82,0,0,0
2025-05-28,Changampuzha Park,13,77,0,0,0
2025-05-28,Changampuzha Park,14,82,0,0,0
2025-05-28,Changampuzha Park,15,75,0,0,0
2025-05-28,Changampuzha Park,16,67,0,0,0
2025-05-28,Changampuzha Park,17,192,0,0,1
2025-05-28,Changampuzha Park,18,198,0,0,1
2025-05-28,Changampuzha Park,19,197,0,0,1
2025-05-28,Changampuzha Park,20,185,0,0,1
2025-05-28,Changampuzha Park,21,72,0,0,0
2025-05-28,Changampuzha Park,22,70,0,0,0
2025-05-28,Palarivattom,6,79,0,0,0
2025-05-28,Palarivattom,7,91,0,0,0
2025-05-28,Palarivattom,8,202,0,1,0
2025-05-28,Palarivattom,9,205,0,1,0
2025-05-28,Palarivattom,10,205,0,1,0
2025-05-28,Palarivattom,11,86,0,0,0
2025-05-28,Palarivattom,12,88,0,0,0
2025-05-28,Palarivattom,13,81,0,0,0
2025-05-28,Palarivattom,14,76,0,0,0
2025-05-28,Palarivattom,15,87,0,0,0
2025-05-28,Palarivattom,16,79,0,0,0
2025-05-28,Palarivattom,17,222,0,0,1
2025-05-28,Palarivattom,18,197,0,0,1
2025-05-28,Palarivattom,19,199,0,0,1
2025-05-28,Palarivattom,20,228,0,0,1
2025-05-28,Palarivattom,21,68,0,0,0
2025-05-28,Palarivattom,22,64,0,0,0
2025-05-28,JLN Stadium,6,72,0,0,0
2025-05-28,JLN Stadium,7,82,0,0,0
2025-05-28,JLN Stadium,8,220,0,1,0
2025-05-28,JLN Stadium,9,204,0,1,0
2025-05-28,JLN Stadium,10,195,0,1,0
2025-05-28,JLN Stadium,11,72,0,0,0
2025-05-28,JLN Stadium,12,81,0,0,0
2025-05-28,JLN Stadium,13,60,0,0,0
2025-05-28,JLN Stadium,14,80,0,0,0
2025-05-28,JLN Stadium,15,66,0,0,0
2025-05-28,JLN Stadium,16,86,0,0,0
2025-05-28,JLN Stadium,17,208,0,0,1
2025-05-28,JLN Stadium,18,183,0,0,1
2025-05-28,JLN Stadium,19,188,0,0,1
2025-05-28,JLN Stadium,20,212,0,0,1
2025-05-28,JLN Stadium,21,86,0,0,0
2025-05-28,JLN Stadium,22,80,0,0,0
2025-05-28,Kaloor Town Hall,6,94,0,0,0
2025-05-28,Kaloor Town Hall,7,77,0,0,0
2025-05-28,Kaloor Town Hall,8,198,0,1,0
2025-05-28,Kaloor Town Hall,9,189,0,1,0
2025-05-28,Kaloor Town Hall,10,192,0,1,0
2025-05-28,Kaloor Town Hall,11,75,0,0,0
2025-05-28,Kaloor Town Hall,12,96,0,0,0
2025-05-28,Kaloor Town Hall,13,77,0,0,0
2025-05-28,Kaloor Town Hall,14,78,0,0,0
2025-05-28,Kaloor Town Hall,15,74,0,0,0
2025-05-28,Kaloor Town Hall,16,94,0,0,0
2025-05-28,Kaloor Town Hall,17,190,0,0,1
2025-05-28,Kaloor Town Hall,18,199,0,0,1
2025-05-28,Kaloor Town Hall,19,219,0,0,1
2025-05-28,Kaloor Town Hall,20,190,0,0,1
2025-05-28,Kaloor Town Hall,21,101,0,0,0
2025-05-28,Kaloor Town Hall,22,80,0,0,0
2025-05-28,MG Road,6,209,0,0,0
2025-05-28,MG Road,7,197,0,0,0
2025-05-28,MG Road,8,506,0,1,0
2025-05-28,MG Road,9,469,0,1,0
2025-05-28,MG Road,10,521,0,1,0
2025-05-28,MG Road,11,192,0,0,0
2025-05-28,MG Road,12,194,0,0,0
2025-05-28,MG Road,13,235,0,0,0
2025-05-28,MG Road,14,182,0,0,0
2025-05-28,MG Road,15,198,0,0,0
2025-05-28,MG Road,16,221,0,0,0
2025-05-28,MG Road,17,530,0,0,1
2025-05-28,MG Road,18,531,0,0,1
2025-05-28,MG Road,19,538,0,0,1
2025-05-28,MG Road,20,498,0,0,1
2025-05-28,MG Road,21,212,0,0,0
2025-05-28,MG Road,22,204,0,0,0
2025-05-28,Maharaja's College,6,84,0,0,0
2025-05-28,Maharaja's College,7,79,0,0,0
2025-05-28,Maharaja's College,8,214,0,1,0
2025-05-28,Maharaja's College,9,208,0,1,0
2025-05-28,Maharaja's College,10,192,0,1,0
2025-05-28,Maharaja's College,11,84,0,0,0
2025-05-28,Maharaja's College,12,63,0,0,0
2025-05-28,Maharaja's College,13,92,0,0,0
2025-05-28,Maharaja's College,14,77,0,0,0
2025-05-28,Maharaja's College,15,79,0,0,0
2025-05-28,Maharaja's College,16,71,0,0,0
2025-05-28,Maharaja's College,17,205,0,0,1
2025-05-28,Maharaja's College,18,169,0,0,1
2025-05-28,Maharaja's College,19,210,0,0,1
2025-05-28,Maharaja's College,20,205,0,0,1
2025-05-28,Maharaja's College,21,72,0,0,0
2025-05-28,Maharaja's College,22,74,0,0,0
2025-05-28,Ernakulam South,6,188,0,0,0
2025-05-28,Ernakulam South,7,207,0,0,0
2025-05-28,Ernakulam South,8,550,0,1,0
2025-05-28,Ernakulam South,9,503,0,1,0
2025-05-28,Ernakulam South,10,495,0,1,0
2025-05-28,Ernakulam South,11,187,0,0,0
2025-05-28,Ernakulam South,12,207,0,0,0
2025-05-28,Ernakulam South,13,221,0,0,0
2025-05-28,Ernakulam South,14,224,0,0,0
2025-05-28,Ernakulam South,15,193,0,0,0
2025-05-28,Ernakulam South,16,191,0,0,0
2025-05-28,Ernakulam South,17,536,0,0,1
2025-05-28,Ernakulam South,18,511,0,0,1
2025-05-28,Ernakulam South,19,500,0,0,1
2025-05-28,Ernakulam South,20,502,0,0,1
2025-05-28,Ernakulam South,21,205,0,0,0
2025-05-28,Ernakulam South,22,210,0,0,0
2025-05-28,Kadavanthra,6,75,0,0,0
2025-05-28,Kadavanthra,7,82,0,0,0
2025-05-28,Kadavanthra,8,197,0,1,0
2025-05-28,Kadavanthra,9,184,0,1,0
2025-05-28,Kadavanthra,10,194,0,1,0
2025-05-28,Kadavanthra,11,87,0,0,0
2025-05-28,Kadavanthra,12,93,0,0,0
2025-05-28,Kadavanthra,13,65,0,0,0
2025-05-28,Kadavanthra,14,83,0,0,0
2025-05-28,Kadavanthra,15,80,0,0,0
2025-05-28,Kadavanthra,16,90,0,0,0
2025-05-28,Kadavanthra,17,220,0,0,1
2025-05-28,Kadavanthra,18,185,0,0,1
2025-05-28,Kadavanthra,19,232,0,0,1
2025-05-28,Kadavanthra,20,188,0,0,1
2025-05-28,Kadavanthra,21,88,0,0,0
2025-05-28,Kadavanthra,22,75,0,0,0
2025-05-28,Elamkulam,6,81,0,0,0
2025-05-28,Elamkulam,7,85,0,0,0
2025-05-28,Elamkulam,8,200,0,1,0
2025-05-28,Elamkulam,9,185,0,1,0
2025-05-28,Elamkulam,10,223,0,1,0
2025-05-28,Elamkulam,11,82,0,0,0
2025-05-28,Elamkulam,12,87,0,0,0
2025-05-28,Elamkulam,13,89,0,0,0
2025-05-28,Elamkulam,14,74,0,0,0
2025-05-28,Elamkulam,15,83,0,0,0
2025-05-28,Elamkulam,16,76,0,0,0
2025-05-28,Elamkulam,17,202,0,0,1
2025-05-28,Elamkulam,18,188,0,0,1
2025-05-28,Elamkulam,19,195,0,0,1
2025-05-28,Elamkulam,20,192,0,0,1
2025-05-28,Elamkulam,21,77,0,0,0
2025-05-28,Elamkulam,22,97,0,0,0
2025-05-28,Vyttila,6,87,0,0,0
2025-05-28,Vyttila,7,89,0,0,0
2025-05-28,Vyttila,8,215,0,1,0
2025-05-28,Vyttila,9,209,0,1,0
2025-05-28,Vyttila,10,216,0,1,0
2025-05-28,Vyttila,11,85,0,0,0
2025-05-28,Vyttila,12,67,0,0,0
2025-05-28,Vyttila,13,81,0,0,0
2025-05-28,Vyttila,14,71,0,0,0
2025-05-28,Vyttila,15,88,0,0,0
2025-05-28,Vyttila,16,71,0,0,0
2025-05-28,Vyttila,17,197,0,0,1
2025-05-28,Vyttila,18,186,0,0,1
2025-05-28,Vyttila,19,203,0,0,1
2025-05-28,Vyttila,20,184,0,0,1
2025-05-28,Vyttila,21,67,0,0,0
2025-05-28,Vyttila,22,78,0,0,0
2025-05-28,Thaikoodam,6,79,0,0,0
2025-05-28,Thaikoodam,7,64,0,0,0
2025-05-28,Thaikoodam,8,181,0,1,0
2025-05-28,Thaikoodam,9,198,0,1,0
2025-05-28,Thaikoodam,10,179,0,1,0
2025-05-28,Thaikoodam,11,83,0,0,0
2025-05-28,Thaikoodam,12,75,0,0,0
2025-05-28,Thaikoodam,13,75,0,0,0
2025-05-28,Thaikoodam,14,86,0,0,0
2025-05-28,Thaikoodam,15,70,0,0,0
2025-05-28,Thaikoodam,16,80,0,0,0
2025-05-28,Thaikoodam,17,197,0,0,1
2025-05-28,Thaikoodam,18,202,0,0,1
2025-05-28,Thaikoodam,19,193,0,0,1
2025-05-28,Thaikoodam,20,206,0,0,1
2025-05-28,Thaikoodam,21,79,0,0,0
2025-05-28,Thaikoodam,22,84,0,0,0
2025-05-28,Petta,6,80,0,0,0
2025-05-28,Petta,7,99,0,0,0
2025-05-28,Petta,8,186,0,1,0
2025-05-28,Petta,9,207,0,1,0
2025-05-28,Petta,10,207,0,1,0
2025-05-28,Petta,11,92,0,0,0
2025-05-28,Petta,12,65,0,0,0
2025-05-28,Petta,13,77,0,0,0
2025-05-28,Petta,14,74,0,0,0
2025-05-28,Petta,15,86,0,0,0
2025-05-28,Petta,16,71,0,0,0
2025-05-28,Petta,17,179,0,0,1
2025-05-28,Petta,18,196,0,0,1
2025-05-28,Petta,19,193,0,0,1
2025-05-28,Petta,20,212,0,0,1
2025-05-28,Petta,21,88,0,0,0
2025-05-28,Petta,22,86,0,0,0
2025-05-28,Vadakkekotta,6,75,0,0,0
2025-05-28,Vadakkekotta,7,86,0,0,0
2025-05-28,Vadakkekotta,8,238,0,1,0
2025-05-28,Vadakkekotta,9,191,0,1,0
2025-05-28,Vadakkekotta,10,192,0,1,0
2025-05-28,Vadakkekotta,11,78,0,0,0
2025-05-28,Vadakkekotta,12,66,0,0,0
2025-05-28,Vadakkekotta,13,67,0,0,0
2025-05-28,Vadakkekotta,14,78,0,0,0
2025-05-28,Vadakkekotta,15,72,0,0,0
2025-05-28,Vadakkekotta,16,84,0,0,0
2025-05-28,Vadakkekotta,17,197,0,0,1
2025-05-28,Vadakkekotta,18,197,0,0,1
2025-05-28,Vadakkekotta,19,179,0,0,1
2025-05-28,Vadakkekotta,20,188,0,0,1
2025-05-28,Vadakkekotta,21,71,0,0,0
2025-05-28,Vadakkekotta,22,81,0,0,0
2025-05-28,SN Junction,6,76,0,0,0
2025-05-28,SN Junction,7,68,0,0,0
2025-05-28,SN Junction,8,212,0,1,0
2025-05-28,SN Junction,9,178,0,1,0
2025-05-28,SN Junction,10,194,0,1,0
2025-05-28,SN Junction,11,79,0,0,0
2025-05-28,SN Junction,12,91,0,0,0
2025-05-28,SN Junction,13,85,0,0,0
2025-05-28,SN Junction,14,76,0,0,0
2025-05-28,SN Junction,15,73,0,0,0
2025-05-28,SN Junction,16,76,0,0,0
2025-05-28,SN Junction,17,188,0,0,1
2025-05-28,SN Junction,18,199,0,0,1
2025-05-28,SN Junction,19,189,0,0,1
2025-05-28,SN Junction,20,188,0,0,1
2025-05-28,SN Junction,21,95,0,0,0
2025-05-28,SN Junction,22,88,0,0,0
2025-05-28,Tripunithura Terminal,6,98,0,0,0
2025-05-28,Tripunithura Terminal,7,71,0,0,0
2025-05-28,Tripunithura Terminal,8,211,0,1,0
2025-05-28,Tripunithura Terminal,9,182,0,1,0
2025-05-28,Tripunithura Terminal,10,215,0,1,0
2025-05-28,Tripunithura Terminal,11,71,0,0,0
2025-05-28,Tripunithura Terminal,12,76,0,0,0
2025-05-28,Tripunithura Terminal,13,77,0,0,0
2025-05-28,Tripunithura Terminal,14,75,0,0,0
2025-05-28,Tripunithura Terminal,15,95,0,0,0
2025-05-28,Tripunithura Terminal,16,98,0,0,0
2025-05-28,Tripunithura Terminal,17,193,0,0,1
2025-05-28,Tripunithura Terminal,18,210,0,0,1
2025-05-28,Tripunithura Terminal,19,208,0,0,1
2025-05-28,Tripunithura Terminal,20,204,0,0,1
2025-05-28,Tripunithura Terminal,21,76,0,0,0
2025-05-28,Tripunithura Terminal,22,93,0,0,0
2025-06-04,Aluva,6,197,0,0,0
2025-06-04,Aluva,7,185,0,0,0
2025-06-04,Aluva,8,494,0,1,0
2025-06-04,Aluva,9,469,0,1,0
2025-06-04,Aluva,10,494,0,1,0
2025-06-04,Aluva,11,207,0,0,0
2025-06-04,Aluva,12,183,0,0,0
2025-06-04,Aluva,13,204,0,0,0
2025-06-04,Aluva,14,207,0,0,0
2025-06-04,Aluva,15,190,0,0,0
2025-06-04,Aluva,16,210,0,0,0
2025-06-04,Aluva,17,498,0,0,1
2025-06-04,Aluva,18,489,0,0,1
2025-06-04,Aluva,19,518,0,0,1
2025-06-04,Aluva,20,515,0,0,1
2025-06-04,Aluva,21,195,0,0,0
2025-06-04,Aluva,22,215,0,0,0
2025-06-04,Pulinchodu,6,72,0,0,0
2025-06-04,Pulinchodu,7,72,0,0,0
2025-06-04,Pulinchodu,8,199,0,1,0
2025-06-04,Pulinchodu,9,181,0,1,0
2025-06-04,Pulinchodu,10,211,0,1,0
2025-06-04,Pulinchodu,11,66,0,0,0
2025-06-04,Pulinchodu,12,70,0,0,0
2025-06-04,Pulinchodu,13,95,0,0,0
2025-06-04,Pulinchodu,14,86,0,0,0
2025-06-04,Pulinchodu,15,87,0,0,0
2025-06-04,Pulinchodu,16,76,0,0,0
2025-06-04,Pulinchodu,17,184,0,0,1
2025-06-04,Pulinchodu,18,193,0,0,1
2025-06-04,Pulinchodu,19,172,0,0,1
2025-06-04,Pulinchodu,20,227,0,0,1
2025-06-04,Pulinchodu,21,83,0,0,0
2025-06-04,Pulinchodu,22,83,0,0,0
2025-06-04,Companypady,6,95,0,0,0
2025-06-04,Companypady,7,89,0,0,0
2025-06-04,Companypady,8,189,0,1,0
2025-06-04,Companypady,9,182,0,1,0
2025-06-04,Companypady,10,200,0,1,0
2025-06-04,Companypady,11,77,0,0,0
2025-06-04,Companypady,12,89,0,0,0
2025-06-04,Companypady,13,85,0,0,0
2025-06-04,Companypady,14,70,0,0,0
2025-06-04,Companypady,15,71,0,0,0
2025-06-04,Companypady,16,79,0,0,0
2025-06-04,Companypady,17,186,0,0,1
2025-06-04,Companypady,18,203,0,0,1
2025-06-04,Companypady,19,195,0,0,1
2025-06-04,Companypady,20,222,0,0,1
2025-06-04,Companypady,21,87,0,0,0
2025-06-04,Companypady,22,71,0,0,0
2025-06-04,Ambattukavu,6,91,0,0,0
2025-06-04,Ambattukavu,7,70,0,0,0
2025-06-04,Ambattukavu,8,231,0,1,0
2025-06-04,Ambattukavu,9,192,0,1,0
2025-06-04,Ambattukavu,10,190,0,1,0
2025-06-04,Ambattukavu,11,70,0,0,0
2025-06-04,Ambattukavu,12,86,0,0,0
2025-06-04,Ambattukavu,13,85,0,0,0
2025-06-04,Ambattukavu,14,82,0,0,0
2025-06-04,Ambattukavu,15,73,0,0,0
2025-06-04,Ambattukavu,16,91,0,0,0
2025-06-04,Ambattukavu,17,208,0,0,1
2025-06-04,Ambattukavu,18,200,0,0,1
2025-06-04,Ambattukavu,19,213,0,0,1
2025-06-04,Ambattukavu,20,185,0,0,1
2025-06-04,Ambattukavu,21,72,0,0,0
2025-06-04,Ambattukavu,22,85,0,0,0
2025-06-04,Muttom,6,80,0,0,0
2025-06-04,Muttom,7,93,0,0,0
2025-06-04,Muttom,8,207,0,1,0
2025-06-04,Muttom,9,236,0,1,0
2025-06-04,Muttom,10,193,0,1,0
2025-06-04,Muttom,11,76,0,0,0
2025-06-04,Muttom,12,112,0,0,0
2025-06-04,Muttom,13,67,0,0,0
2025-06-04,Muttom,14,67,0,0,0
2025-06-04,Muttom,15,78,0,0,0
2025-06-04,Muttom,16,76,0,0,0
2025-06-04,Muttom,17,194,0,0,1
2025-06-04,Muttom,18,194,0,0,1
2025-06-04,Muttom,19,174,0,0,1
2025-06-04,Muttom,20,200,0,0,1
2025-06-04,Muttom,21,83,0,0,0
2025-06-04,Muttom,22,75,0,0,0
2025-06-04,Kalamassery,6,210,0,0,0
2025-06-04,Kalamassery,7,210,0,0,0
2025-06-04,Kalamassery,8,502,0,1,0
2025-06-04,Kalamassery,9,493,0,1,0
2025-06-04,Kalamassery,10,524,0,1,0
2025-06-04,Kalamassery,11,213,0,0,0
2025-06-04,Kalamassery,12,199,0,0,0
2025-06-04,Kalamassery,13,190,0,0,0
2025-06-04,Kalamassery,14,207,0,0,0
2025-06-04,Kalamassery,15,211,0,0,0
2025-06-04,Kalamassery,16,216,0,0,0
2025-06-04,Kalamassery,17,515,0,0,1
2025-06-04,Kalamassery,18,486,0,0,1
2025-06-04,Kalamassery,19,516,0,0,1
2025-06-04,Kalamassery,20,520,0,0,1
2025-06-04,Kalamassery,21,192,0,0,0
2025-06-04,Kalamassery,22,213,0,0,0
2025-06-04,CUSAT,6,72,0,0,0
2025-06-04,CUSAT,7,63,0,0,0
2025-06-04,CUSAT,8,217,0,1,0
2025-06-04,CUSAT,9,202,0,1,0
2025-06-04,CUSAT,10,214,0,1,0
2025-06-04,CUSAT,11,76,0,0,0
2025-06-04,CUSAT,12,81,0,0,0
2025-06-04,CUSAT,13,59,0,0,0
2025-06-04,CUSAT,14,81,0,0,0
2025-06-04,CUSAT,15,70,0,0,0
2025-06-04,CUSAT,16,97,0,0,0
2025-06-04,CUSAT,17,221,0,0,1
2025-06-04,CUSAT,18,220,0,0,1
2025-06-04,CUSAT,19,195,0,0,1
2025-06-04,CUSAT,20,212,0,0,1
2025-06-04,CUSAT,21,76,0,0,0
2025-06-04,CUSAT,22,85,0,0,0
2025-06-04,Pathadipalam,6,64,0,0,0
2025-06-04,Pathadipalam,7,77,0,0,0
2025-06-04,Pathadipalam,8,194,0,1,0
2025-06-04,Pathadipalam,9,182,0,1,0
2025-06-04,Pathadipalam,10,207,0,1,0
2025-06-04,Pathadipalam,11,87,0,0,0
2025-06-04,Pathadipalam,12,75,0,0,0
2025-06-04,Pathadipalam,13,79,0,0,0
2025-06-04,Pathadipalam,14,72,0,0,0
2025-06-04,Pathadipalam,15,74,0,0,0
2025-06-04,Pathadipalam,16,73,0,0,0
2025-06-04,Pathadipalam,17,184,0,0,1
2025-06-04,Pathadipalam,18,219,0,0,1
2025-06-04,Pathadipalam,19,215,0,0,1
2025-06-04,Pathadipalam,20,192,0,0,1
2025-06-04,Pathadipalam,21,81,0,0,0
2025-06-04,Pathadipalam,22,71,0,0,0
2025-06-04,Edappally,6,176,0,0,0
2025-06-04,Edappally,7,210,0,0,0
2025-06-04,Edappally,8,503,0,1,0
2025-06-04,Edappally,9,497,0,1,0
2025-06-04,Edappally,10,528,0,1,0
2025-06-04,Edappally,11,208,0,0,0
2025-06-04,Edappally,12,209,0,0,0
2025-06-04,Edappally,13,223,0,0,0
2025-06-04,Edappally,14,203,0,0,0
2025-06-04,Edappally,15,192,0,0,0
2025-06-04,Edappally,16,189,0,0,0
2025-06-04,Edappally,17,511,0,0,1
2025-06-04,Edappally,18,488,0,0,1
2025-06-04,Edappally,19,493,0,0,1
2025-06-04,Edappally,20,495,0,0,1
2025-06-04,Edappally,21,193,0,0,0
2025-06-04,Edappally,22,199,0,0,0
2025-06-04,Changampuzha Park,6,87,0,0,0
2025-06-04,Changampuzha Park,7,89,0,0,0
2025-06-04,Changampuzha Park,8,203,0,1,0
2025-06-04,Changampuzha Park,9,186,0,1,0
2025-06-04,Changampuzha Park,10,216,0,1,0
2025-06-04,Changampuzha Park,11,89,0,0,0
2025-06-04,Changampuzha Park,12,91,0,0,0
2025-06-04,Changampuzha Park,13,67,0,0,0
2025-06-04,Changampuzha Park,14,76,0,0,0
2025-06-04,Changampuzha Park,15,80,0,0,0
2025-06-04,Changampuzha Park,16,81,0,0,0
2025-06-04,Changampuzha Park,17,206,0,0,1
2025-06-04,Changampuzha Park,18,185,0,0,1
2025-06-04,Changampuzha Park,19,229,0,0,1
2025-06-04,Changampuzha Park,20,214,0,0,1
2025-06-04,Changampuzha Park,21,80,0,0,0
2025-06-04,Changampuzha Park,22,98,0,0,0
2025-06-04,Palarivattom,6,86,0,0,0
2025-06-04,Palarivattom,7,75,0,0,0
2025-06-04,Palarivattom,8,199,0,1,0
2025-06-04,Palarivattom,9,197,0,1,0
2025-06-04,Palarivattom,10,200,0,1,0
2025-06-04,Palarivattom,11,66,0,0,0
2025-06-04,Palarivattom,12,69,0,0,0
2025-06-04,Palarivattom,13,85,0,0,0
2025-06-04,Palarivattom,14,91,0,0,0
2025-06-04,Palarivattom,15,74,0,0,0
2025-06-04,Palarivattom,16,87,0,0,0
2025-06-04,Palarivattom,17,208,0,0,1
2025-06-04,Palarivattom,18,213,0,0,1
2025-06-04,Palarivattom,19,202,0,0,1
2025-06-04,Palarivattom,20,208,0,0,1
2025-06-04,Palarivattom,21,67,0,0,0
2025-06-04,Palarivattom,22,77,0,0,0
2025-06-04,JLN Stadium,6,73,0,0,0
2025-06-04,JLN Stadium,7,59,0,0,0
2025-06-04,JLN Stadium,8,203,0,1,0
2025-06-04,JLN Stadium,9,188,0,1,0
2025-06-04,JLN Stadium,10,201,0,1,0
2025-06-04,JLN Stadium,11,86,0,0,0
2025-06-04,JLN Stadium,12,91,0,0,0
2025-06-04,JLN Stadium,13,80,0,0,0
2025-06-04,JLN Stadium,14,73,0,0,0
2025-06-04,JLN Stadium,15,68,0,0,0
2025-06-04,JLN Stadium,16,65,0,0,0
2025-06-04,JLN Stadium,17,205,0,0,1
2025-06-04,JLN Stadium,18,182,0,0,1
2025-06-04,JLN Stadium,19,228,0,0,1
2025-06-04,JLN Stadium,20,194,0,0,1
2025-06-04,JLN Stadium,21,81,0,0,0
2025-06-04,JLN Stadium,22,87,0,0,0
2025-06-04,Kaloor Town Hall,6,59,0,0,0
2025-06-04,Kaloor Town Hall,7,72,0,0,0
2025-06-04,Kaloor Town Hall,8,209,0,1,0
2025-06-04,Kaloor Town Hall,9,202,0,1,0
2025-06-04,Kaloor Town Hall,10,193,0,1,0
2025-06-04,Kaloor Town Hall,11,79,0,0,0
2025-06-04,Kaloor Town Hall,12,76,0,0,0
2025-06-04,Kaloor Town Hall,13,69,0,0,0
2025-06-04,Kaloor Town Hall,14,86,0,0,0
2025-06-04,Kaloor Town Hall,15,87,0,0,0
2025-06-04,Kaloor Town Hall,16,70,0,0,0
2025-06-04,Kaloor Town Hall,17,187,0,0,1
2025-06-04,Kaloor Town Hall,18,186,0,0,1
2025-06-04,Kaloor Town Hall,19,214,0,0,1
2025-06-04,Kaloor Town Hall,20,195,0,0,1
2025-06-04,Kaloor Town Hall,21,87,0,0,0
2025-06-04,Kaloor Town Hall,22,76,0,0,0
2025-06-04,MG Road,6,204,0,0,0
2025-06-04,MG Road,7,198,0,0,0
2025-06-04,MG Road,8,524,0,1,0
2025-06-04,MG Road,9,501,0,1,0
2025-06-04,MG Road,10,500,0,1,0
2025-06-04,MG Road,11,199,0,0,0
2025-06-04,MG Road,12,188,0,0,0
2025-06-04,MG Road,13,221,0,0,0
2025-06-04,MG Road,14,236,0,0,0
2025-06-04,MG Road,15,205,0,0,0
2025-06-04,MG Road,16,207,0,0,0
2025-06-04,MG Road,17,504,0,0,1
2025-06-04,MG Road,18,502,0,0,1
2025-06-04,MG Road,19,505,0,0,1
2025-06-04,MG Road,20,479,0,0,1
2025-06-04,MG Road,21,181,0,0,0
2025-06-04,MG Road,22,203,0,0,0
2025-06-04,Maharaja's College,6,73,0,0,0
2025-06-04,Maharaja's College,7,75,0,0,0
2025-06-04,Maharaja's College,8,201,0,1,0
2025-06-04,Maharaja's College,9,201,0,1,0
2025-06-04,Maharaja's College,10,185,0,1,0
2025-06-04,Maharaja's College,11,68,0,0,0
2025-06-04,Maharaja's College,12,80,0,0,0
2025-06-04,Maharaja's College,13,81,0,0,0
2025-06-04,Maharaja's College,14,77,0,0,0
2025-06-04,Maharaja's College,15,90,0,0,0
2025-06-04,Maharaja's College,16,86,0,0,0
2025-06-04,Maharaja's College,17,231,0,0,1
2025-06-04,Maharaja's College,18,194,0,0,1
2025-06-04,Maharaja's College,19,184,0,0,1
2025-06-04,Maharaja's College,20,189,0,0,1
2025-06-04,Maharaja's College,21,77,0,0,0
2025-06-04,Maharaja's College,22,85,0,0,0
2025-06-04,Ernakulam South,6,196,0,0,0
2025-06-04,Ernakulam South,7,199,0,0,0
2025-06-04,Ernakulam South,8,462,0,1,0
2025-06-04,Ernakulam South,9,521,0,1,0
2025-06-04,Ernakulam South,10,522,0,1,0
2025-06-04,Ernakulam South,11,229,0,0,0
2025-06-04,Ernakulam South,12,202,0,0,0
2025-06-04,Ernakulam South,13,198,0,0,0
2025-06-04,Ernakulam South,14,192,0,0,0
2025-06-04,Ernakulam South,15,206,0,0,0
2025-06-04,Ernakulam South,16,175,0,0,0
2025-06-04,Ernakulam South,17,504,0,0,1
2025-06-04,Ernakulam South,18,504,0,0,1
2025-06-04,Ernakulam South,19,484,0,0,1
2025-06-04,Ernakulam South,20,514,0,0,1
2025-06-04,Ernakulam South,21,183,0,0,0
2025-06-04,Ernakulam South,22,203,0,0,0
2025-06-04,Kadavanthra,6,79,0,0,0
2025-06-04,Kadavanthra,7,75,0,0,0
2025-06-04,Kadavanthra,8,196,0,1,0
2025-06-04,Kadavanthra,9,207,0,1,0
2025-06-04,Kadavanthra,10,186,0,1,0
2025-06-04,Kadavanthra,11,74,0,0,0
2025-06-04,Kadavanthra,12,76,0,0,0
2025-06-04,Kadavanthra,13,90,0,0,0
2025-06-04,Kadavanthra,14,94,0,0,0
2025-06-04,Kadavanthra,15,95,0,0,0
2025-06-04,Kadavanthra,16,72,0,0,0
2025-06-04,Kadavanthra,17,184,0,0,1
2025-06-04,Kadavanthra,18,194,0,0,1
2025-06-04,Kadavanthra,19,224,0,0,1
2025-06-04,Kadavanthra,20,180,0,0,1
2025-06-04,Kadavanthra,21,86,0,0,0
2025-06-04,Kadavanthra,22,72,0,0,0
2025-06-04,Elamkulam,6,88,0,0,0
2025-06-04,Elamkulam,7,81,0,0,0
2025-06-04,Elamkulam,8,207,0,1,0
2025-06-04,Elamkulam,9,184,0,1,0
2025-06-04,Elamkulam,10,200,0,1,0
2025-06-04,Elamkulam,11,74,0,0,0
2025-06-04,Elamkulam,12,73,0,0,0
2025-06-04,Elamkulam,13,67,0,0,0
2025-06-04,Elamkulam,14,79,0,0,0
2025-06-04,Elamkulam,15,83,0,0,0
2025-06-04,Elamkulam,16,75,0,0,0
2025-06-04,Elamkulam,17,193,0,0,1
2025-06-04,Elamkulam,18,195,0,0,1
2025-06-04,Elamkulam,19,225,0,0,1
2025-06-04,Elamkulam,20,202,0,0,1
2025-06-04,Elamkulam,21,78,0,0,0
2025-06-04,Elamkulam,22,81,0,0,0
2025-06-04,Vyttila,6,71,0,0,0
2025-06-04,Vyttila,7,70,0,0,0
2025-06-04,Vyttila,8,199,0,1,0
2025-06-04,Vyttila,9,174,0,1,0
2025-06-04,Vyttila,10,193,0,1,0
2025-06-04,Vyttila,11,85,0,0,0
2025-06-04,Vyttila,12,86,0,0,0
2025-06-04,Vyttila,13,99,0,0,0
2025-06-04,Vyttila,14,94,0,0,0
2025-06-04,Vyttila,15,70,0,0,0
2025-06-04,Vyttila,16,87,0,0,0
2025-06-04,Vyttila,17,212,0,0,1
2025-06-04,Vyttila,18,227,0,0,1
2025-06-04,Vyttila,19,201,0,0,1
2025-06-04,Vyttila,20,228,0,0,1
2025-06-04,Vyttila,21,94,0,0,0
2025-06-04,Vyttila,22,86,0,0,0
2025-06-04,Thaikoodam,6,78,0,0,0
2025-06-04,Thaikoodam,7,74,0,0,0
2025-06-04,Thaikoodam,8,205,0,1,0
2025-06-04,Thaikoodam,9,197,0,1,0
2025-06-04,Thaikoodam,10,187,0,1,0
2025-06-04,Thaikoodam,11,85,0,0,0
2025-06-04,Thaikoodam,12,90,0,0,0
2025-06-04,Thaikoodam,13,87,0,0,0
2025-06-04,Thaikoodam,14,73,0,0,0
2025-06-04,Thaikoodam,15,102,0,0,0
2025-06-04,Thaikoodam,16,73,0,0,0
2025-06-04,Thaikoodam,17,223,0,0,1
2025-06-04,Thaikoodam,18,198,0,0,1
2025-06-04,Thaikoodam,19,193,0,0,1
2025-06-04,Thaikoodam,20,208,0,0,1
2025-06-04,Thaikoodam,21,90,0,0,0
2025-06-04,Thaikoodam,22,81,0,0,0
2025-06-04,Petta,6,85,0,0,0
2025-06-04,Petta,7,89,0,0,0
2025-06-04,Petta,8,188,0,1,0
2025-06-04,Petta,9,220,0,1,0
2025-06-04,Petta,10,214,0,1,0
2025-06-04,Petta,11,89,0,0,0
2025-06-04,Petta,12,66,0,0,0
2025-06-04,Petta,13,94,0,0,0
2025-06-04,Petta,14,66,0,0,0
2025-06-04,Petta,15,102,0,0,0
2025-06-04,Petta,16,78,0,0,0
2025-06-04,Petta,17,197,0,0,1
2025-06-04,Petta,18,200,0,0,1
2025-06-04,Petta,19,211,0,0,1
2025-06-04,Petta,20,179,0,0,1
2025-06-04,Petta,21,88,0,0,0
2025-06-04,Petta,22,71,0,0,0
2025-06-04,Vadakkekotta,6,72,0,0,0
2025-06-04,Vadakkekotta,7,75,0,0,0
2025-06-04,Vadakkekotta,8,185,0,1,0
2025-06-04,Vadakkekotta,9,218,0,1,0
2025-06-04,Vadakkekotta,10,192,0,1,0
2025-06-04,Vadakkekotta,11,85,0,0,0
2025-06-04,Vadakkekotta,12,77,0,0,0
2025-06-04,Vadakkekotta,13,83,0,0,0
2025-06-04,Vadakkekotta,14,80,0,0,0
2025-06-04,Vadakkekotta,15,66,0,0,0
2025-06-04,Vadakkekotta,16,59,0,0,0
2025-06-04,Vadakkekotta,17,190,0,0,1
2025-06-04,Vadakkekotta,18,219,0,0,1
2025-06-04,Vadakkekotta,19,176,0,0,1
2025-06-04,Vadakkekotta,20,208,0,0,1
2025-06-04,Vadakkekotta,21,81,0,0,0
2025-06-04,Vadakkekotta,22,80,0,0,0
2025-06-04,SN Junction,6,77,0,0,0
2025-06-04,SN Junction,7,84,0,0,0
2025-06-04,SN Junction,8,225,0,1,0
2025-06-04,SN Junction,9,187,0,1,0
2025-06-04,SN Junction,10,229,0,1,0
2025-06-04,SN Junction,11,74,0,0,0
2025-06-04,SN Junction,12,97,0,0,0
2025-06-04,SN Junction,13,76,0,0,0
2025-06-04,SN Junction,14,87,0,0,0
2025-06-04,SN Junction,15,80,0,0,0
2025-06-04,SN Junction,16,82,0,0,0
2025-06-04,SN Junction,17,193,0,0,1
2025-06-04,SN Junction,18,213,0,0,1
2025-06-04,SN Junction,19,195,0,0,1
2025-06-04,SN Junction,20,207,0,0,1
2025-06-04,SN Junction,21,91,0,0,0
2025-06-04,SN Junction,22,84,0,0,0
2025-06-04,Tripunithura Terminal,6,85,0,0,0
2025-06-04,Tripunithura Terminal,7,103,0,0,0
2025-06-04,Tripunithura Terminal,8,190,0,1,0
2025-06-04,Tripunithura Terminal,9,200,0,1,0
2025-06-04,Tripunithura Terminal,10,176,0,1,0
2025-06-04,Tripunithura Terminal,11,73,0,0,0
2025-06-04,Tripunithura Terminal,12,96,0,0,0
2025-06-04,Tripunithura Terminal,13,84,0,0,0
2025-06-04,Tripunithura Terminal,14,83,0,0,0
2025-06-04,Tripunithura Terminal,15,71,0,0,0
2025-06-04,Tripunithura Terminal,16,90,0,0,0
2025-06-04,Tripunithura Terminal,17,204,0,0,1
2025-06-04,Tripunithura Terminal,18,182,0,0,1
2025-06-04,Tripunithura Terminal,19,214,0,0,1
2025-06-04,Tripunithura Terminal,20,182,0,0,1
2025-06-04,Tripunithura Terminal,21,82,0,0,0
2025-06-04,Tripunithura Terminal,22,80,0,0,0
2025-06-11,Aluva,6,208,0,0,0
2025-06-11,Aluva,7,203,0,0,0
2025-06-11,Aluva,8,472,0,1,0
2025-06-11,Aluva,9,501,0,1,0
2025-06-11,Aluva,10,521,0,1,0
2025-06-11,Aluva,11,189,0,0,0
2025-06-11,Aluva,12,192,0,0,0
2025-06-11,Aluva,13,222,0,0,0
2025-06-11,Aluva,14,197,0,0,0
2025-06-11,Aluva,15,196,0,0,0
2025-06-11,Aluva,16,213,0,0,0
2025-06-11,Aluva,17,466,0,0,1
2025-06-11,Aluva,18,516,0,0,1
2025-06-11,Aluva,19,488,0,0,1
2025-06-11,Aluva,20,532,0,0,1
2025-06-11,Aluva,21,219,0,0,0
2025-06-11,Aluva,22,212,0,0,0
2025-06-11,Pulinchodu,6,89,0,0,0
2025-06-11,Pulinchodu,7,84,0,0,0
2025-06-11,Pulinchodu,8,214,0,1,0
2025-06-11,Pulinchodu,9,209,0,1,0
2025-06-11,Pulinchodu,10,206,0,1,0
2025-06-11,Pulinchodu,11,99,0,0,0
2025-06-11,Pulinchodu,12,98,0,0,0
2025-06-11,Pulinchodu,13,82,0,0,0
2025-06-11,Pulinchodu,14,87,0,0,0
2025-06-11,Pulinchodu,15,89,0,0,0
2025-06-11,Pulinchodu,16,71,0,0,0
2025-06-11,Pulinchodu,17,211,0,0,1
2025-06-11,Pulinchodu,18,192,0,0,1
2025-06-11,Pulinchodu,19,190,0,0,1
2025-06-11,Pulinchodu,20,192,0,0,1
2025-06-11,Pulinchodu,21,89,0,0,0
2025-06-11,Pulinchodu,22,59,0,0,0
2025-06-11,Companypady,6,89,0,0,0
2025-06-11,Companypady,7,97,0,0,0
2025-06-11,Companypady,8,193,0,1,0
2025-06-11,Companypady,9,227,0,1,0
2025-06-11,Companypady,10,202,0,1,0
2025-06-11,Companypady,11,81,0,0,0
2025-06-11,Companypady,12,78,0,0,0
2025-06-11,Companypady,13,75,0,0,0
2025-06-11,Companypady,14,90,0,0,0
2025-06-11,Companypady,15,79,0,0,0
2025-06-11,Companypady,16,71,0,0,0
2025-06-11,Companypady,17,188,0,0,1
2025-06-11,Companypady,18,216,0,0,1
2025-06-11,Companypady,19,181,0,0,1
2025-06-11,Companypady,20,189,0,0,1
2025-06-11,Companypady,21,84,0,0,0
2025-06-11,Companypady,22,90,0,0,0
2025-06-11,Ambattukavu,6,81,0,0,0
2025-06-11,Ambattukavu,7,93,0,0,0
2025-06-11,Ambattukavu,8,218,0,1,0
2025-06-11,Ambattukavu,9,175,0,1,0
2025-06-11,Ambattukavu,10,174,0,1,0
2025-06-11,Ambattukavu,11,77,0,0,0
2025-06-11,Ambattukavu,12,82,0,0,0
2025-06-11,Ambattukavu,13,70,0,0,0
2025-06-11,Ambattukavu,14,95,0,0,0
2025-06-11,Ambattukavu,15,64,0,0,0
2025-06-11,Ambattukavu,16,86,0,0,0
2025-06-11,Ambattukavu,17,186,0,0,1
2025-06-11,Ambattukavu,18,181,0,0,1
2025-06-11,Ambattukavu,19,190,0,0,1
2025-06-11,Ambattukavu,20,200,0,0,1
2025-06-11,Ambattukavu,21,93,0,0,0
2025-06-11,Ambattukavu,22,91,0,0,0
2025-06-11,Muttom,6,73,0,0,0
2025-06-11,Muttom,7,92,0,0,0
2025-06-11,Muttom,8,206,0,1,0
2025-06-11,Muttom,9,203,0,1,0
2025-06-11,Muttom,10,194,0,1,0
2025-06-11,Muttom,11,81,0,0,0
2025-06-11,Muttom,12,79,0,0,0
2025-06-11,Muttom,13,87,0,0,0
2025-06-11,Muttom,14,89,0,0,0
2025-06-11,Muttom,15,72,0,0,0
2025-06-11,Muttom,16,65,0,0,0
2025-06-11,Muttom,17,205,0,0,1
2025-06-11,Muttom,18,206,0,0,1
2025-06-11,Muttom,19,182,0,0,1
2025-06-11,Muttom,20,210,0,0,1
2025-06-11,Muttom,21,92,0,0,0
2025-06-11,Muttom,22,80,0,0,0
2025-06-11,Kalamassery,6,191,0,0,0
2025-06-11,Kalamassery,7,188,0,0,0
2025-06-11,Kalamassery,8,501,0,1,0
2025-06-11,Kalamassery,9,514,0,1,0
2025-06-11,Kalamassery,10,465,0,1,0
2025-06-11,Kalamassery,11,181,0,0,0
2025-06-11,Kalamassery,12,199,0,0,0
2025-06-11,Kalamassery,13,206,0,0,0
2025-06-11,Kalamassery,14,206,0,0,0
2025-06-11,Kalamassery,15,211,0,0,0
2025-06-11,Kalamassery,16,202,0,0,0
2025-06-11,Kalamassery,17,454,0,0,1
2025-06-11,Kalamassery,18,468,0,0,1
2025-06-11,Kalamassery,19,521,0,0,1
2025-06-11,Kalamassery,20,531,0,0,1
2025-06-11,Kalamassery,21,193,0,0,0
2025-06-11,Kalamassery,22,182,0,0,0
2025-06-11,CUSAT,6,80,0,0,0
2025-06-11,CUSAT,7,84,0,0,0
2025-06-11,CUSAT,8,204,0,1,0
2025-06-11,CUSAT,9,201,0,1,0
2025-06-11,CUSAT,10,209,0,1,0
2025-06-11,CUSAT,11,90,0,0,0
2025-06-11,CUSAT,12,81,0,0,0
2025-06-11,CUSAT,13,84,0,0,0
2025-06-11,CUSAT,14,78,0,0,0
2025-06-11,CUSAT,15,94,0,0,0
2025-06-11,CUSAT,16,72,0,0,0
2025-06-11,CUSAT,17,186,0,0,1
2025-06-11,CUSAT,18,181,0,0,1
2025-06-11,CUSAT,19,199,0,0,1
2025-06-11,CUSAT,20,192,0,0,1
2025-06-11,CUSAT,21,81,0,0,0
2025-06-11,CUSAT,22,65,0,0,0
2025-06-11,Pathadipalam,6,81,0,0,0
2025-06-11,Pathadipalam,7,74,0,0,0
2025-06-11,Pathadipalam,8,187,0,1,0
2025-06-11,Pathadipalam,9,179,0,1,0
2025-06-11,Pathadipalam,10,182,0,1,0
2025-06-11,Pathadipalam,11,67,0,0,0
2025-06-11,Pathadipalam,12,79,0,0,0
2025-06-11,Pathadipalam,13,99,0,0,0
2025-06-11,Pathadipalam,14,81,0,0,0
2025-06-11,Pathadipalam,15,77,0,0,0
2025-06-11,Pathadipalam,16,77,0,0,0
2025-06-11,Pathadipalam,17,213,0,0,1
2025-06-11,Pathadipalam,18,209,0,0,1
2025-06-11,Pathadipalam,19,220,0,0,1
2025-06-11,Pathadipalam,20,208,0,0,1
2025-06-11,Pathadipalam,21,92,0,0,0
2025-06-11,Pathadipalam,22,83,0,0,0
2025-06-11,Edappally,6,193,0,0,0
2025-06-11,Edappally,7,204,0,0,0
2025-06-11,Edappally,8,470,0,1,0
2025-06-11,Edappally,9,503,0,1,0
2025-06-11,Edappally,10,522,0,1,0
2025-06-11,Edappally,11,224,0,0,0
2025-06-11,Edappally,12,185,0,0,0
2025-06-11,Edappally,13,178,0,0,0
2025-06-11,Edappally,14,207,0,0,0
2025-06-11,Edappally,15,194,0,0,0
2025-06-11,Edappally,16,189,0,0,0
2025-06-11,Edappally,17,511,0,0,1
2025-06-11,Edappally,18,513,0,0,1
2025-06-11,Edappally,19,490,0,0,1
2025-06-11,Edappally,20,471,0,0,1
2025-06-11,Edappally,21,183,0,0,0
2025-06-11,Edappally,22,219,0,0,0
2025-06-11,Changampuzha Park,6,76,0,0,0
2025-06-11,Changampuzha Park,7,82,0,0,0
2025-06-11,Changampuzha Park,8,190,0,1,0
2025-06-11,Changampuzha Park,9,225,0,1,0
2025-06-11,Changampuzha Park,10,200,0,1,0
2025-06-11,Changampuzha Park,11,69,0,0,0
2025-06-11,Changampuzha Park,12,81,0,0,0
2025-06-11,Changampuzha Park,13,76,0,0,0
2025-06-11,Changampuzha Park,14,102,0,0,0
2025-06-11,Changampuzha Park,15,82,0,0,0
2025-06-11,Changampuzha Park,16,88,0,0,0
2025-06-11,Changampuzha Park,17,206,0,0,1
2025-06-11,Changampuzha Park,18,227,0,0,1
2025-06-11,Changampuzha Park,19,198,0,0,1
2025-06-11,Changampuzha Park,20,180,0,0,1
2025-06-11,Changampuzha Park,21,69,0,0,0
2025-06-11,Changampuzha Park,22,84,0,0,0
2025-06-11,Palarivattom,6,86,0,0,0
2025-06-11,Palarivattom,7,85,0,0,0
2025-06-11,Palarivattom,8,209,0,1,0
2025-06-11,Palarivattom,9,190,0,1,0
2025-06-11,Palarivattom,10,209,0,1,0
2025-06-11,Palarivattom,11,62,0,0,0
2025-06-11,Palarivattom,12,79,0,0,0
2025-06-11,Palarivattom,13,95,0,0,0
2025-06-11,Palarivattom,14,87,0,0,0
2025-06-11,Palarivattom,15,94,0,0,0
2025-06-11,Palarivattom,16,78,0,0,0
2025-06-11,Palarivattom,17,206,0,0,1
2025-06-11,Palarivattom,18,189,0,0,1
2025-06-11,Palarivattom,19,186,0,0,1
2025-06-11,Palarivattom,20,211,0,0,1
2025-06-11,Palarivattom,21,86,0,0,0
2025-06-11,Palarivattom,22,84,0,0,0
2025-06-11,JLN Stadium,6,80,0,0,0
2025-06-11,JLN Stadium,7,81,0,0,0
2025-06-11,JLN Stadium,8,226,0,1,0
2025-06-11,JLN Stadium,9,221,0,1,0
2025-06-11,JLN Stadium,10,196,0,1,0
2025-06-11,JLN Stadium,11,91,0,0,0
2025-06-11,JLN Stadium,12,72,0,0,0
2025-06-11,JLN Stadium,13,81,0,0,0
2025-06-11,JLN Stadium,14,73,0,0,0
2025-06-11,JLN Stadium,15,69,0,0,0
2025-06-11,JLN Stadium,16,66,0,0,0
2025-06-11,JLN Stadium,17,188,0,0,1
2025-06-11,JLN Stadium,18,203,0,0,1
2025-06-11,JLN Stadium,19,225,0,0,1
2025-06-11,JLN Stadium,20,197,0,0,1
2025-06-11,JLN Stadium,21,58,0,0,0
2025-06-11,JLN Stadium,22,69,0,0,0
2025-06-11,Kaloor Town Hall,6,84,0,0,0
2025-06-11,Kaloor Town Hall,7,94,0,0,0
2025-06-11,Kaloor Town Hall,8,205,0,1,0
2025-06-11,Kaloor Town Hall,9,198,0,1,0
2025-06-11,Kaloor Town Hall,10,200,0,1,0
2025-06-11,Kaloor Town Hall,11,77,0,0,0
2025-06-11,Kaloor Town Hall,12,87,0,0,0
2025-06-11,Kaloor Town Hall,13,74,0,0,0
2025-06-11,Kaloor Town Hall,14,73,0,0,0
2025-06-11,Kaloor Town Hall,15,89,0,0,0
2025-06-11,Kaloor Town Hall,16,68,0,0,0
2025-06-11,Kaloor Town Hall,17,205,0,0,1
2025-06-11,Kaloor Town Hall,18,195,0,0,1
2025-06-11,Kaloor Town Hall,19,182,0,0,1
2025-06-11,Kaloor Town Hall,20,175,0,0,1
2025-06-11,Kaloor Town Hall,21,73,0,0,0
2025-06-11,Kaloor Town Hall,22,72,0,0,0
2025-06-11,MG Road,6,215,0,0,0
2025-06-11,MG Road,7,208,0,0,0
2025-06-11,MG Road,8,506,0,1,0
2025-06-11,MG Road,9,480,0,1,0
2025-06-11,MG Road,10,505,0,1,0
2025-06-11,MG Road,11,210,0,0,0
2025-06-11,MG Road,12,192,0,0,0
2025-06-11,MG Road,13,194,0,0,0
2025-06-11,MG Road,14,202,0,0,0
2025-06-11,MG Road,15,183,0,0,0
2025-06-11,MG Road,16,179,0,0,0
2025-06-11,MG Road,17,510,0,0,1
2025-06-11,MG Road,18,504,0,0,1
2025-06-11,MG Road,19,501,0,0,1
2025-06-11,MG Road,20,452,0,0,1
2025-06-11,MG Road,21,206,0,0,0
2025-06-11,MG Road,22,203,0,0,0
2025-06-11,Maharaja's College,6,85,0,0,0
2025-06-11,Maharaja's College,7,80,0,0,0
2025-06-11,Maharaja's College,8,190,0,1,0
2025-06-11,Maharaja's College,9,204,0,1,0
2025-06-11,Maharaja's College,10,223,0,1,0
2025-06-11,Maharaja's College,11,87,0,0,0
2025-06-11,Maharaja's College,12,77,0,0,0
2025-06-11,Maharaja's College,13,87,0,0,0
2025-06-11,Maharaja's College,14,73,0,0,0
2025-06-11,Maharaja's College,15,86,0,0,0
2025-06-11,Maharaja's College,16,97,0,0,0
2025-06-11,Maharaja's College,17,198,0,0,1
2025-06-11,Maharaja's College,18,170,0,0,1
2025-06-11,Maharaja's College,19,204,0,0,1
2025-06-11,Maharaja's College,20,214,0,0,1
2025-06-11,Maharaja's College,21,68,0,0,0
2025-06-11,Maharaja's College,22,75,0,0,0
2025-06-11,Ernakulam South,6,208,0,0,0
2025-06-11,Ernakulam South,7,196,0,0,0
2025-06-11,Ernakulam South,8,522,0,1,0
2025-06-11,Ernakulam South,9,522,0,1,0
2025-06-11,Ernakulam South,10,530,0,1,0
2025-06-11,Ernakulam South,11,185,0,0,0
2025-06-11,Ernakulam South,12,213,0,0,0
2025-06-11,Ernakulam South,13,219,0,0,0
2025-06-11,Ernakulam South,14,192,0,0,0
2025-06-11,Ernakulam South,15,223,0,0,0
2025-06-11,Ernakulam South,16,200,0,0,0
2025-06-11,Ernakulam South,17,489,0,0,1
2025-06-11,Ernakulam South,18,472,0,0,1
2025-06-11,Ernakulam South,19,474,0,0,1
2025-06-11,Ernakulam South,20,519,0,0,1
2025-06-11,Ernakulam South,21,199,0,0,0
2025-06-11,Ernakulam South,22,187,0,0,0
2025-06-11,Kadavanthra,6,83,0,0,0
2025-06-11,Kadavanthra,7,71,0,0,0
2025-06-11,Kadavanthra,8,221,0,1,0
2025-06-11,Kadavanthra,9,198,0,1,0
2025-06-11,Kadavanthra,10,210,0,1,0
2025-06-11,Kadavanthra,11,86,0,0,0
2025-06-11,Kadavanthra,12,82,0,0,0
2025-06-11,Kadavanthra,13,86,0,0,0
2025-06-11,Kadavanthra,14,75,0,0,0
2025-06-11,Kadavanthra,15,74,0,0,0
2025-06-11,Kadavanthra,16,91,0,0,0
2025-06-11,Kadavanthra,17,203,0,0,1
2025-06-11,Kadavanthra,18,200,0,0,1
2025-06-11,Kadavanthra,19,183,0,0,1
2025-06-11,Kadavanthra,20,188,0,0,1
2025-06-11,Kadavanthra,21,81,0,0,0
2025-06-11,Kadavanthra,22,71,0,0,0
2025-06-11,Elamkulam,6,73,0,0,0
2025-06-11,Elamkulam,7,72,0,0,0
2025-06-11,Elamkulam,8,180,0,1,0
2025-06-11,Elamkulam,9,210,0,1,0
2025-06-11,Elamkulam,10,196,0,1,0
2025-06-11,Elamkulam,11,86,0,0,0
2025-06-11,Elamkulam,12,85,0,0,0
2025-06-11,Elamkulam,13,67,0,0,0
2025-06-11,Elamkulam,14,89,0,0,0
2025-06-11,Elamkulam,15,88,0,0,0
2025-06-11,Elamkulam,16,63,0,0,0
2025-06-11,Elamkulam,17,193,0,0,1
2025-06-11,Elamkulam,18,193,0,0,1
2025-06-11,Elamkulam,19,172,0,0,1
2025-06-11,Elamkulam,20,191,0,0,1
2025-06-11,Elamkulam,21,93,0,0,0
2025-06-11,Elamkulam,22,84,0,0,0
2025-06-11,Vyttila,6,86,0,0,0
2025-06-11,Vyttila,7,89,0,0,0
2025-06-11,Vyttila,8,200,0,1,0
2025-06-11,Vyttila,9,233,0,1,0
2025-06-11,Vyttila,10,195,0,1,0
2025-06-11,Vyttila,11,78,0,0,0
2025-06-11,Vyttila,12,59,0,0,0
2025-06-11,Vyttila,13,82,0,0,0
2025-06-11,Vyttila,14,72,0,0,0
2025-06-11,Vyttila,15,89,0,0,0
2025-06-11,Vyttila,16,91,0,0,0
2025-06-11,Vyttila,17,202,0,0,1
2025-06-11,Vyttila,18,194,0,0,1
2025-06-11,Vyttila,19,191,0,0,1
2025-06-11,Vyttila,20,205,0,0,1
2025-06-11,Vyttila,21,78,0,0,0
2025-06-11,Vyttila,22,76,0,0,0
2025-06-11,Thaikoodam,6,72,0,0,0
2025-06-11,Thaikoodam,7,80,0,0,0
2025-06-11,Thaikoodam,8,188,0,1,0
2025-06-11,Thaikoodam,9,222,0,1,0
2025-06-11,Thaikoodam,10,190,0,1,0
2025-06-11,Thaikoodam,11,85,0,0,0
2025-06-11,Thaikoodam,12,82,0,0,0
2025-06-11,Thaikoodam,13,90,0,0,0
2025-06-11,Thaikoodam,14,70,0,0,0
2025-06-11,Thaikoodam,15,82,0,0,0
2025-06-11,Thaikoodam,16,81,0,0,0
2025-06-11,Thaikoodam,17,201,0,0,1
2025-06-11,Thaikoodam,18,195,0,0,1
2025-06-11,Thaikoodam,19,204,0,0,1
2025-06-11,Thaikoodam,20,191,0,0,1
2025-06-11,Thaikoodam,21,93,0,0,0
2025-06-11,Thaikoodam,22,78,0,0,0
2025-06-11,Petta,6,83,0,0,0
2025-06-11,Petta,7,76,0,0,0
2025-06-11,Petta,8,213,0,1,0
2025-06-11,Petta,9,198,0,1,0
2025-06-11,Petta,10,169,0,1,0
2025-06-11,Petta,11,84,0,0,0
2025-06-11,Petta,12,91,0,0,0
2025-06-11,Petta,13,72,0,0,0
2025-06-11,Petta,14,84,0,0,0
2025-06-11,Petta,15,96,0,0,0
2025-06-11,Petta,16,66,0,0,0
2025-06-11,Petta,17,205,0,0,1
2025-06-11,Petta,18,216,0,0,1
2025-06-11,Petta,19,185,0,0,1
2025-06-11,Petta,20,183,0,0,1
2025-06-11,Petta,21,64,0,0,0
2025-06-11,Petta,22,93,0,0,0
2025-06-11,Vadakkekotta,6,69,0,0,0
2025-06-11,Vadakkekotta,7,68,0,0,0
2025-06-11,Vadakkekotta,8,209,0,1,0
2025-06-11,Vadakkekotta,9,213,0,1,0
2025-06-11,Vadakkekotta,10,197,0,1,0
2025-06-11,Vadakkekotta,11,86,0,0,0
2025-06-11,Vadakkekotta,12,74,0,0,0
2025-06-11,Vadakkekotta,13,83,0,0,0
2025-06-11,Vadakkekotta,14,81,0,0,0
2025-06-11,Vadakkekotta,15,86,0,0,0
2025-06-11,Vadakkekotta,16,74,0,0,0
2025-06-11,Vadakkekotta,17,191,0,0,1
2025-06-11,Vadakkekotta,18,185,0,0,1
2025-06-11,Vadakkekotta,19,214,0,0,1
2025-06-11,Vadakkekotta,20,204,0,0,1
2025-06-11,Vadakkekotta,21,79,0,0,0
2025-06-11,Vadakkekotta,22,71,0,0,0
2025-06-11,SN Junction,6,71,0,0,0
2025-06-11,SN Junction,7,77,0,0,0
2025-06-11,SN Junction,8,191,0,1,0
2025-06-11,SN Junction,9,191,0,1,0
2025-06-11,SN Junction,10,189,0,1,0
2025-06-11,SN Junction,11,77,0,0,0
2025-06-11,SN Junction,12,82,0,0,0
2025-06-11,SN Junction,13,90,0,0,0
2025-06-11,SN Junction,14,76,0,0,0
2025-06-11,SN Junction,15,75,0,0,0
2025-06-11,SN Junction,16,74,0,0,0
2025-06-11,SN Junction,17,196,0,0,1
2025-06-11,SN Junction,18,235,0,0,1
2025-06-11,SN Junction,19,183,0,0,1
2025-06-11,SN Junction,20,202,0,0,1
2025-06-11,SN Junction,21,92,0,0,0
2025-06-11,SN Junction,22,91,0,0,0
2025-06-11,Tripunithura Terminal,6,71,0,0,0
2025-06-11,Tripunithura Terminal,7,90,0,0,0
2025-06-11,Tripunithura Terminal,8,199,0,1,0
2025-06-11,Tripunithura Terminal,9,179,0,1,0
2025-06-11,Tripunithura Terminal,10,199,0,1,0
2025-06-11,Tripunithura Terminal,11,65,0,0,0
2025-06-11,Tripunithura Terminal,12,81,0,0,0
2025-06-11,Tripunithura Terminal,13,86,0,0,0
2025-06-11,Tripunithura Terminal,14,84,0,0,0
2025-06-11,Tripunithura Terminal,15,85,0,0,0
2025-06-11,Tripunithura Terminal,16,68,0,0,0
2025-06-11,Tripunithura Terminal,17,211,0,0,1
2025-06-11,Tripunithura Terminal,18,192,0,0,1
2025-06-11,Tripunithura Terminal,19,189,0,0,1
2025-06-11,Tripunithura Terminal,20,223,0,0,1
2025-06-11,Tripunithura Terminal,21,89,0,0,0
2025-06-11,Tripunithura Terminal,22,81,0,0,0
2025-06-18,Aluva,6,219,0,0,0
2025-06-18,Aluva,7,210,0,0,0
2025-06-18,Aluva,8,517,0,1,0
2025-06-18,Aluva,9,496,0,1,0
2025-06-18,Aluva,10,488,0,1,0
2025-06-18,Aluva,11,201,0,0,0
2025-06-18,Aluva,12,176,0,0,0
2025-06-18,Aluva,13,211,0,0,0
2025-06-18,Aluva,14,184,0,0,0
2025-06-18,Aluva,15,194,0,0,0
2025-06-18,Aluva,16,195,0,0,0
2025-06-18,Aluva,17,538,0,0,1
2025-06-18,Aluva,18,516,0,0,1
2025-06-18,Aluva,19,534,0,0,1
2025-06-18,Aluva,20,476,0,0,1
2025-06-18,Aluva,21,201,0,0,0
2025-06-18,Aluva,22,211,0,0,0
2025-06-18,Pulinchodu,6,78,0,0,0
2025-06-18,Pulinchodu,7,82,0,0,0
2025-06-18,Pulinchodu,8,193,0,1,0
2025-06-18,Pulinchodu,9,202,0,1,0
2025-06-18,Pulinchodu,10,216,0,1,0
2025-06-18,Pulinchodu,11,81,0,0,0
2025-06-18,Pulinchodu,12,68,0,0,0
2025-06-18,Pulinchodu,13,77,0,0,0
2025-06-18,Pulinchodu,14,79,0,0,0
2025-06-18,Pulinchodu,15,87,0,0,0
2025-06-18,Pulinchodu,16,101,0,0,0
2025-06-18,Pulinchodu,17,199,0,0,1
2025-06-18,Pulinchodu,18,181,0,0,1
2025-06-18,Pulinchodu,19,194,0,0,1
2025-06-18,Pulinchodu,20,203,0,0,1
2025-06-18,Pulinchodu,21,85,0,0,0
2025-06-18,Pulinchodu,22,75,0,0,0
2025-06-18,Companypady,6,73,0,0,0
2025-06-18,Companypady,7,88,0,0,0
2025-06-18,Companypady,8,202,0,1,0
2025-06-18,Companypady,9,199,0,1,0
2025-06-18,Companypady,10,194,0,1,0
2025-06-18,Companypady,11,79,0,0,0
2025-06-18,Companypady,12,87,0,0,0
2025-06-18,Companypady,13,69,0,0,0
2025-06-18,Companypady,14,80,0,0,0
2025-06-18,Companypady,15,68,0,0,0
2025-06-18,Companypady,16,77,0,0,0
2025-06-18,Companypady,17,207,0,0,1
2025-06-18,Companypady,18,195,0,0,1
2025-06-18,Companypady,19,199,0,0,1
2025-06-18,Companypady,20,231,0,0,1
2025-06-18,Companypady,21,80,0,0,0
2025-06-18,Companypady,22,86,0,0,0
2025-06-18,Ambattukavu,6,89,0,0,0
2025-06-18,Ambattukavu,7,84,0,0,0
2025-06-18,Ambattukavu,8,186,0,1,0
2025-06-18,Ambattukavu,9,176,0,1,0
2025-06-18,Ambattukavu,10,204,0,1,0
2025-06-18,Ambattukavu,11,83,0,0,0
2025-06-18,Ambattukavu,12,69,0,0,0
2025-06-18,Ambattukavu,13,86,0,0,0
2025-06-18,Ambattukavu,14,76,0,0,0
2025-06-18,Ambattukavu,15,77,0,0,0
2025-06-18,Ambattukavu,16,71,0,0,0
2025-06-18,Ambattukavu,17,223,0,0,1
2025-06-18,Ambattukavu,18,193,0,0,1
2025-06-18,Ambattukavu,19,195,0,0,1
2025-06-18,Ambattukavu,20,191,0,0,1
2025-06-18,Ambattukavu,21,96,0,0,0
2025-06-18,Ambattukavu,22,75,0,0,0
2025-06-18,Muttom,6,83,0,0,0
2025-06-18,Muttom,7,79,0,0,0
2025-06-18,Muttom,8,198,0,1,0
2025-06-18,Muttom,9,202,0,1,0
2025-06-18,Muttom,10,191,0,1,0
2025-06-18,Muttom,11,77,0,0,0
2025-06-18,Muttom,12,71,0,0,0
2025-06-18,Muttom,13,88,0,0,0
2025-06-18,Muttom,14,80,0,0,0
2025-06-18,Muttom,15,80,0,0,0
2025-06-18,Muttom,16,64,0,0,0
2025-06-18,Muttom,17,200,0,0,1
2025-06-18,Muttom,18,196,0,0,1
2025-06-18,Muttom,19,198,0,0,1
2025-06-18,Muttom,20,184,0,0,1
2025-06-18,Muttom,21,88,0,0,0
2025-06-18,Muttom,22,80,0,0,0
2025-06-18,Kalamassery,6,203,0,0,0
2025-06-18,Kalamassery,7,212,0,0,0
2025-06-18,Kalamassery,8,510,0,1,0
2025-06-18,Kalamassery,9,498,0,1,0
2025-06-18,Kalamassery,10,452,0,1,0
2025-06-18,Kalamassery,11,184,0,0,0
2025-06-18,Kalamassery,12,177,0,0,0
2025-06-18,Kalamassery,13,211,0,0,0
2025-06-18,Kalamassery,14,202,0,0,0
2025-06-18,Kalamassery,15,190,0,0,0
2025-06-18,Kalamassery,16,173,0,0,0
2025-06-18,Kalamassery,17,536,0,0,1
2025-06-18,Kalamassery,18,507,0,0,1
2025-06-18,Kalamassery,19,491,0,0,1
2025-06-18,Kalamassery,20,503,0,0,1
2025-06-18,Kalamassery,21,181,0,0,0
2025-06-18,Kalamassery,22,216,0,0,0
2025-06-18,CUSAT,6,70,0,0,0
2025-06-18,CUSAT,7,69,0,0,0
2025-06-18,CUSAT,8,212,0,1,0
2025-06-18,CUSAT,9,197,0,1,0
2025-06-18,CUSAT,10,193,0,1,0
2025-06-18,CUSAT,11,72,0,0,0
2025-06-18,CUSAT,12,85,0,0,0
2025-06-18,CUSAT,13,71,0,0,0
2025-06-18,CUSAT,14,75,0,0,0
2025-06-18,CUSAT,15,91,0,0,0
2025-06-18,CUSAT,16,98,0,0,0
2025-06-18,CUSAT,17,202,0,0,1
2025-06-18,CUSAT,18,210,0,0,1
2025-06-18,CUSAT,19,190,0,0,1
2025-06-18,CUSAT,20,217,0,0,1
2025-06-18,CUSAT,21,95,0,0,0
2025-06-18,CUSAT,22,90,0,0,0
2025-06-18,Pathadipalam,6,80,0,0,0
2025-06-18,Pathadipalam,7,88,0,0,0
2025-06-18,Pathadipalam,8,207,0,1,0
2025-06-18,Pathadipalam,9,192,0,1,0
2025-06-18,Pathadipalam,10,209,0,1,0
2025-06-18,Pathadipalam,11,75,0,0,0
2025-06-18,Pathadipalam,12,75,0,0,0
2025-06-18,Pathadipalam,13,84,0,0,0
2025-06-18,Pathadipalam,14,88,0,0,0
2025-06-18,Pathadipalam,15,74,0,0,0
2025-06-18,Pathadipalam,16,84,0,0,0
2025-06-18,Pathadipalam,17,209,0,0,1
2025-06-18,Pathadipalam,18,202,0,0,1
2025-06-18,Pathadipalam,19,209,0,0,1
2025-06-18,Pathadipalam,20,179,0,0,1
2025-06-18,Pathadipalam,21,85,0,0,0
2025-06-18,Pathadipalam,22,93,0,0,0
2025-06-18,Edappally,6,203,0,0,0
2025-06-18,Edappally,7,218,0,0,0
2025-06-18,Edappally,8,530,0,1,0
2025-06-18,Edappally,9,504,0,1,0
2025-06-18,Edappally,10,473,0,1,0
2025-06-18,Edappally,11,187,0,0,0
2025-06-18,Edappally,12,188,0,0,0
2025-06-18,Edappally,13,198,0,0,0
2025-06-18,Edappally,14,195,0,0,0
2025-06-18,Edappally,15,211,0,0,0
2025-06-18,Edappally,16,196,0,0,0
2025-06-18,Edappally,17,484,0,0,1
2025-06-18,Edappally,18,505,0,0,1
2025-06-18,Edappally,19,508,0,0,1
2025-06-18,Edappally,20,518,0,0,1
2025-06-18,Edappally,21,199,0,0,0
2025-06-18,Edappally,22,177,0,0,0
2025-06-18,Changampuzha Park,6,72,0,0,0
2025-06-18,Changampuzha Park,7,78,0,0,0
2025-06-18,Changampuzha Park,8,210,0,1,0
2025-06-18,Changampuzha Park,9,197,0,1,0
2025-06-18,Changampuzha Park,10,201,0,1,0
2025-06-18,Changampuzha Park,11,88,0,0,0
2025-06-18,Changampuzha Park,12,71,0,0,0
2025-06-18,Changampuzha Park,13,60,0,0,0
2025-06-18,Changampuzha Park,14,83,0,0,0
2025-06-18,Changampuzha Park,15,84,0,0,0
2025-06-18,Changampuzha Park,16,68,0,0,0
2025-06-18,Changampuzha Park,17,187,0,0,1
2025-06-18,Changampuzha Park,18,186,0,0,1
2025-06-18,Changampuzha Park,19,199,0,0,1
2025-06-18,Changampuzha Park,20,202,0,0,1
2025-06-18,Changampuzha Park,21,86,0,0,0
2025-06-18,Changampuzha Park,22,79,0,0,0
2025-06-18,Palarivattom,6,53,0,0,0
2025-06-18,Palarivattom,7,77,0,0,0
2025-06-18,Palarivattom,8,224,0,1,0
2025-06-18,Palarivattom,9,215,0,1,0
2025-06-18,Palarivattom,10,216,0,1,0
2025-06-18,Palarivattom,11,84,0,0,0
2025-06-18,Palarivattom,12,89,0,0,0
2025-06-18,Palarivattom,13,87,0,0,0
2025-06-18,Palarivattom,14,79,0,0,0
2025-06-18,Palarivattom,15,92,0,0,0
2025-06-18,Palarivattom,16,93,0,0,0
2025-06-18,Palarivattom,17,206,0,0,1
2025-06-18,Palarivattom,18,193,0,0,1
2025-06-18,Palarivattom,19,194,0,0,1
2025-06-18,Palarivattom,20,181,0,0,1
2025-06-18,Palarivattom,21,77,0,0,0
2025-06-18,Palarivattom,22,79,0,0,0
2025-06-18,JLN Stadium,6,74,0,0,0
2025-06-18,JLN Stadium,7,75,0,0,0
2025-06-18,JLN Stadium,8,198,0,1,0
2025-06-18,JLN Stadium,9,221,0,1,0
2025-06-18,JLN Stadium,10,174,0,1,0
2025-06-18,JLN Stadium,11,70,0,0,0
2025-06-18,JLN Stadium,12,73,0,0,0
2025-06-18,JLN Stadium,13,73,0,0,0
2025-06-18,JLN Stadium,14,89,0,0,0
2025-06-18,JLN Stadium,15,79,0,0,0
2025-06-18,JLN Stadium,16,73,0,0,0
2025-06-18,JLN Stadium,17,186,0,0,1
2025-06-18,JLN Stadium,18,195,0,0,1
2025-06-18,JLN Stadium,19,195,0,0,1
2025-06-18,JLN Stadium,20,189,0,0,1
2025-06-18,JLN Stadium,21,71,0,0,0
2025-06-18,JLN Stadium,22,73,0,0,0
2025-06-18,Kaloor Town Hall,6,78,0,0,0
2025-06-18,Kaloor Town Hall,7,102,0,0,0
2025-06-18,Kaloor Town Hall,8,179,0,1,0
2025-06-18,Kaloor Town Hall,9,211,0,1,0
2025-06-18,Kaloor Town Hall,10,205,0,1,0
2025-06-18,Kaloor Town Hall,11,81,0,0,0
2025-06-18,Kaloor Town Hall,12,80,0,0,0
2025-06-18,Kaloor Town Hall,13,72,0,0,0
2025-06-18,Kaloor Town Hall,14,85,0,0,0
2025-06-18,Kaloor Town Hall,15,84,0,0,0
2025-06-18,Kaloor Town Hall,16,88,0,0,0
2025-06-18,Kaloor Town Hall,17,200,0,0,1
2025-06-18,Kaloor Town Hall,18,207,0,0,1
2025-06-18,Kaloor Town Hall,19,194,0,0,1
2025-06-18,Kaloor Town Hall,20,209,0,0,1
2025-06-18,Kaloor Town Hall,21,83,0,0,0
2025-06-18,Kaloor Town Hall,22,86,0,0,0
2025-06-18,MG Road,6,172,0,0,0
2025-06-18,MG Road,7,217,0,0,0
2025-06-18,MG Road,8,510,0,1,0
2025-06-18,MG Road,9,516,0,1,0
2025-06-18,MG Road,10,493,0,1,0
2025-06-18,MG Road,11,189,0,0,0
2025-06-18,MG Road,12,216,0,0,0
2025-06-18,MG Road,13,198,0,0,0
2025-06-18,MG Road,14,199,0,0,0
2025-06-18,MG Road,15,199,0,0,0
2025-06-18,MG Road,16,206,0,0,0
2025-06-18,MG Road,17,501,0,0,1
2025-06-18,MG Road,18,524,0,0,1
2025-06-18,MG Road,19,503,0,0,1
2025-06-18,MG Road,20,527,0,0,1
2025-06-18,MG Road,21,183,0,0,0
2025-06-18,MG Road,22,216,0,0,0
2025-06-18,Maharaja's College,6,81,0,0,0
2025-06-18,Maharaja's College,7,81,0,0,0
2025-06-18,Maharaja's College,8,197,0,1,0
2025-06-18,Maharaja's College,9,188,0,1,0
2025-06-18,Maharaja's College,10,208,0,1,0
2025-06-18,Maharaja's College,11,74,0,0,0
2025-06-18,Maharaja's College,12,73,0,0,0
2025-06-18,Maharaja's College,13,79,0,0,0
2025-06-18,Maharaja's College,14,72,0,0,0
2025-06-18,Maharaja's College,15,86,0,0,0
2025-06-18,Maharaja's College,16,77,0,0,0
2025-06-18,Maharaja's College,17,228,0,0,1
2025-06-18,Maharaja's College,18,187,0,0,1
2025-06-18,Maharaja's College,19,204,0,0,1
2025-06-18,Maharaja's College,20,198,0,0,1
2025-06-18,Maharaja's College,21,77,0,0,0
2025-06-18,Maharaja's College,22,69,0,0,0
2025-06-18,Ernakulam South,6,190,0,0,0
2025-06-18,Ernakulam South,7,226,0,0,0
2025-06-18,Ernakulam South,8,521,0,1,0
2025-06-18,Ernakulam South,9,496,0,1,0
2025-06-18,Ernakulam South,10,498,0,1,0
2025-06-18,Ernakulam South,11,200,0,0,0
2025-06-18,Ernakulam South,12,214,0,0,0
2025-06-18,Ernakulam South,13,195,0,0,0
2025-06-18,Ernakulam South,14,190,0,0,0
2025-06-18,Ernakulam South,15,217,0,0,0
2025-06-18,Ernakulam South,16,156,0,0,0
2025-06-18,Ernakulam South,17,521,0,0,1
2025-06-18,Ernakulam South,18,485,0,0,1
2025-06-18,Ernakulam South,19,473,0,0,1
2025-06-18,Ernakulam South,20,542,0,0,1
2025-06-18,Ernakulam South,21,192,0,0,0
2025-06-18,Ernakulam South,22,224,0,0,0
2025-06-18,Kadavanthra,6,95,0,0,0
2025-06-18,Kadavanthra,7,76,0,0,0
2025-06-18,Kadavanthra,8,199,0,1,0
2025-06-18,Kadavanthra,9,211,0,1,0
2025-06-18,Kadavanthra,10,221,0,1,0
2025-06-18,Kadavanthra,11,76,0,0,0
2025-06-18,Kadavanthra,12,98,0,0,0
2025-06-18,Kadavanthra,13,88,0,0,0
2025-06-18,Kadavanthra,14,73,0,0,0
2025-06-18,Kadavanthra,15,81,0,0,0
2025-06-18,Kadavanthra,16,83,0,0,0
2025-06-18,Kadavanthra,17,210,0,0,1
2025-06-18,Kadavanthra,18,231,0,0,1
2025-06-18,Kadavanthra,19,194,0,0,1
2025-06-18,Kadavanthra,20,204,0,0,1
2025-06-18,Kadavanthra,21,71,0,0,0
2025-06-18,Kadavanthra,22,68,0,0,0
2025-06-18,Elamkulam,6,77,0,0,0
2025-06-18,Elamkulam,7,78,0,0,0
2025-06-18,Elamkulam,8,212,0,1,0
2025-06-18,Elamkulam,9,211,0,1,0
2025-06-18,Elamkulam,10,210,0,1,0
2025-06-18,Elamkulam,11,66,0,0,0
2025-06-18,Elamkulam,12,83,0,0,0
2025-06-18,Elamkulam,13,90,0,0,0
2025-06-18,Elamkulam,14,80,0,0,0
2025-06-18,Elamkulam,15,64,0,0,0
2025-06-18,Elamkulam,16,79,0,0,0
2025-06-18,Elamkulam,17,196,0,0,1
2025-06-18,Elamkulam,18,189,0,0,1
2025-06-18,Elamkulam,19,203,0,0,1
2025-06-18,Elamkulam,20,209,0,0,1
2025-06-18,Elamkulam,21,73,0,0,0
2025-06-18,Elamkulam,22,80,0,0,0
2025-06-18,Vyttila,6,55,0,0,0
2025-06-18,Vyttila,7,77,0,0,0
2025-06-18,Vyttila,8,167,0,1,0
2025-06-18,Vyttila,9,199,0,1,0
2025-06-18,Vyttila,10,189,0,1,0
2025-06-18,Vyttila,11,91,0,0,0
2025-06-18,Vyttila,12,77,0,0,0
2025-06-18,Vyttila,13,83,0,0,0
2025-06-18,Vyttila,14,84,0,0,0
2025-06-18,Vyttila,15,69,0,0,0
2025-06-18,Vyttila,16,89,0,0,0
2025-06-18,Vyttila,17,191,0,0,1
2025-06-18,Vyttila,18,185,0,0,1
2025-06-18,Vyttila,19,213,0,0,1
2025-06-18,Vyttila,20,202,0,0,1
2025-06-18,Vyttila,21,90,0,0,0
2025-06-18,Vyttila,22,84,0,0,0
2025-06-18,Thaikoodam,6,74,0,0,0
2025-06-18,Thaikoodam,7,77,0,0,0
2025-06-18,Thaikoodam,8,192,0,1,0
2025-06-18,Thaikoodam,9,203,0,1,0
2025-06-18,Thaikoodam,10,199,0,1,0
2025-06-18,Thaikoodam,11,79,0,0,0
2025-06-18,Thaikoodam,12,75,0,0,0
2025-06-18,Thaikoodam,13,87,0,0,0
2025-06-18,Thaikoodam,14,74,0,0,0
2025-06-18,Thaikoodam,15,73,0,0,0
2025-06-18,Thaikoodam,16,72,0,0,0
2025-06-18,Thaikoodam,17,196,0,0,1
2025-06-18,Thaikoodam,18,204,0,0,1
2025-06-18,Thaikoodam,19,198,0,0,1
2025-06-18,Thaikoodam,20,211,0,0,1
2025-06-18,Thaikoodam,21,89,0,0,0
2025-06-18,Thaikoodam,22,80,0,0,0
2025-06-18,Petta,6,82,0,0,0
2025-06-18,Petta,7,88,0,0,0
2025-06-18,Petta,8,191,0,1,0
2025-06-18,Petta,9,221,0,1,0
2025-06-18,Petta,10,221,0,1,0
2025-06-18,Petta,11,73,0,0,0
2025-06-18,Petta,12,81,0,0,0
2025-06-18,Petta,13,82,0,0,0
2025-06-18,Petta,14,76,0,0,0
2025-06-18,Petta,15,66,0,0,0
2025-06-18,Petta,16,90,0,0,0
2025-06-18,Petta,17,202,0,0,1
2025-06-18,Petta,18,185,0,0,1
2025-06-18,Petta,19,208,0,0,1
2025-06-18,Petta,20,184,0,0,1
2025-06-18,Petta,21,78,0,0,0
2025-06-18,Petta,22,89,0,0,0
2025-06-18,Vadakkekotta,6,79,0,0,0
2025-06-18,Vadakkekotta,7,106,0,0,0
2025-06-18,Vadakkekotta,8,182,0,1,0
2025-06-18,Vadakkekotta,9,210,0,1,0
2025-06-18,Vadakkekotta,10,214,0,1,0
2025-06-18,Vadakkekotta,11,69,0,0,0
2025-06-18,Vadakkekotta,12,85,0,0,0
2025-06-18,Vadakkekotta,13,80,0,0,0
2025-06-18,Vadakkekotta,14,70,0,0,0
2025-06-18,Vadakkekotta,15,76,0,0,0
2025-06-18,Vadakkekotta,16,80,0,0,0
2025-06-18,Vadakkekotta,17,200,0,0,1
2025-06-18,Vadakkekotta,18,194,0,0,1
2025-06-18,Vadakkekotta,19,176,0,0,1
2025-06-18,Vadakkekotta,20,203,0,0,1
2025-06-18,Vadakkekotta,21,91,0,0,0
2025-06-18,Vadakkekotta,22,77,0,0,0
2025-06-18,SN Junction,6,84,0,0,0
2025-06-18,SN Junction,7,84,0,0,0
2025-06-18,SN Junction,8,195,0,1,0
2025-06-18,SN Junction,9,191,0,1,0
2025-06-18,SN Junction,10,180,0,1,0
2025-06-18,SN Junction,11,74,0,0,0
2025-06-18,SN Junction,12,86,0,0,0
2025-06-18,SN Junction,13,82,0,0,0
2025-06-18,SN Junction,14,79,0,0,0
2025-06-18,SN Junction,15,82,0,0,0
2025-06-18,SN Junction,16,83,0,0,0
2025-06-18,SN Junction,17,194,0,0,1
2025-06-18,SN Junction,18,193,0,0,1
2025-06-18,SN Junction,19,199,0,0,1
2025-06-18,SN Junction,20,191,0,0,1
2025-06-18,SN Junction,21,65,0,0,0
2025-06-18,SN Junction,22,57,0,0,0
2025-06-18,Tripunithura Terminal,6,76,0,0,0
2025-06-18,Tripunithura Terminal,7,89,0,0,0
2025-06-18,Tripunithura Terminal,8,196,0,1,0
2025-06-18,Tripunithura Terminal,9,217,0,1,0
2025-06-18,Tripunithura Terminal,10,209,0,1,0
2025-06-18,Tripunithura Terminal,11,61,0,0,0
2025-06-18,Tripunithura Terminal,12,69,0,0,0
2025-06-18,Tripunithura Terminal,13,98,0,0,0
2025-06-18,Tripunithura Terminal,14,73,0,0,0
2025-06-18,Tripunithura Terminal,15,110,0,0,0
2025-06-18,Tripunithura Terminal,16,74,0,0,0
2025-06-18,Tripunithura Terminal,17,177,0,0,1
2025-06-18,Tripunithura Terminal,18,207,0,0,1
2025-06-18,Tripunithura Terminal,19,193,0,0,1
2025-06-18,Tripunithura Terminal,20,192,0,0,1
2025-06-18,Tripunithura Terminal,21,82,0,0,0
2025-06-18,Tripunithura Terminal,22,89,0,0,0
2025-06-25,Aluva,6,185,0,0,0
2025-06-25,Aluva,7,193,0,0,0
2025-06-25,Aluva,8,456,0,1,0
2025-06-25,Aluva,9,451,0,1,0
2025-06-25,Aluva,10,490,0,1,0
2025-06-25,Aluva,11,196,0,0,0
2025-06-25,Aluva,12,205,0,0,0
2025-06-25,Aluva,13,198,0,0,0
2025-06-25,Aluva,14,195,0,0,0
2025-06-25,Aluva,15,204,0,0,0
2025-06-25,Aluva,16,218,0,0,0
2025-06-25,Aluva,17,494,0,0,1
2025-06-25,Aluva,18,468,0,0,1
2025-06-25,Aluva,19,489,0,0,1
2025-06-25,Aluva,20,516,0,0,1
2025-06-25,Aluva,21,218,0,0,0
2025-06-25,Aluva,22,201,0,0,0
2025-06-25,Pulinchodu,6,78,0,0,0
2025-06-25,Pulinchodu,7,100,0,0,0
2025-06-25,Pulinchodu,8,219,0,1,0
2025-06-25,Pulinchodu,9,201,0,1,0
2025-06-25,Pulinchodu,10,220,0,1,0
2025-06-25,Pulinchodu,11,85,0,0,0
2025-06-25,Pulinchodu,12,74,0,0,0
2025-06-25,Pulinchodu,13,89,0,0,0
2025-06-25,Pulinchodu,14,63,0,0,0
2025-06-25,Pulinchodu,15,62,0,0,0
2025-06-25,Pulinchodu,16,83,0,0,0
2025-06-25,Pulinchodu,17,208,0,0,1
2025-06-25,Pulinchodu,18,179,0,0,1
2025-06-25,Pulinchodu,19,234,0,0,1
2025-06-25,Pulinchodu,20,190,0,0,1
2025-06-25,Pulinchodu,21,89,0,0,0
2025-06-25,Pulinchodu,22,79,0,0,0
2025-06-25,Companypady,6,85,0,0,0
2025-06-25,Companypady,7,80,0,0,0
2025-06-25,Companypady,8,188,0,1,0
2025-06-25,Companypady,9,208,0,1,0
2025-06-25,Companypady,10,197,0,1,0
2025-06-25,Companypady,11,78,0,0,0
2025-06-25,Companypady,12,81,0,0,0
2025-06-25,Companypady,13,91,0,0,0
2025-06-25,Companypady,14,81,0,0,0
2025-06-25,Companypady,15,103,0,0,0
2025-06-25,Companypady,16,65,0,0,0
2025-06-25,Companypady,17,191,0,0,1
2025-06-25,Companypady,18,254,0,0,1
2025-06-25,Companypady,19,202,0,0,1
2025-06-25,Companypady,20,229,0,0,1
2025-06-25,Companypady,21,84,0,0,0
2025-06-25,Companypady,22,90,0,0,0
2025-06-25,Ambattukavu,6,78,0,0,0
2025-06-25,Ambattukavu,7,89,0,0,0
2025-06-25,Ambattukavu,8,199,0,1,0
2025-06-25,Ambattukavu,9,188,0,1,0
2025-06-25,Ambattukavu,10,214,0,1,0
2025-06-25,Ambattukavu,11,65,0,0,0
2025-06-25,Ambattukavu,12,89,0,0,0
2025-06-25,Ambattukavu,13,92,0,0,0
2025-06-25,Ambattukavu,14,82,0,0,0
2025-06-25,Ambattukavu,15,80,0,0,0
2025-06-25,Ambattukavu,16,72,0,0,0
2025-06-25,Ambattukavu,17,212,0,0,1
2025-06-25,Ambattukavu,18,195,0,0,1
2025-06-25,Ambattukavu,19,182,0,0,1
2025-06-25,Ambattukavu,20,192,0,0,1
2025-06-25,Ambattukavu,21,73,0,0,0
2025-06-25,Ambattukavu,22,76,0,0,0
2025-06-25,Muttom,6,93,0,0,0
2025-06-25,Muttom,7,72,0,0,0
2025-06-25,Muttom,8,219,0,1,0
2025-06-25,Muttom,9,215,0,1,0
2025-06-25,Muttom,10,187,0,1,0
2025-06-25,Muttom,11,86,0,0,0
2025-06-25,Muttom,12,78,0,0,0
2025-06-25,Muttom,13,91,0,0,0
2025-06-25,Muttom,14,77,0,0,0
2025-06-25,Muttom,15,81,0,0,0
2025-06-25,Muttom,16,79,0,0,0
2025-06-25,Muttom,17,222,0,0,1
2025-06-25,Muttom,18,201,0,0,1
2025-06-25,Muttom,19,216,0,0,1
2025-06-25,Muttom,20,188,0,0,1
2025-06-25,Muttom,21,81,0,0,0
2025-06-25,Muttom,22,74,0,0,0
2025-06-25,Kalamassery,6,232,0,0,0
2025-06-25,Kalamassery,7,155,0,0,0
2025-06-25,Kalamassery,8,483,0,1,0
2025-06-25,Kalamassery,9,504,0,1,0
2025-06-25,Kalamassery,10,525,0,1,0
2025-06-25,Kalamassery,11,190,0,0,0
2025-06-25,Kalamassery,12,191,0,0,0
2025-06-25,Kalamassery,13,204,0,0,0
2025-06-25,Kalamassery,14,195,0,0,0
2025-06-25,Kalamassery,15,218,0,0,0
2025-06-25,Kalamassery,16,185,0,0,0
2025-06-25,Kalamassery,17,519,0,0,1
2025-06-25,Kalamassery,18,544,0,0,1
2025-06-25,Kalamassery,19,524,0,0,1
2025-06-25,Kalamassery,20,482,0,0,1
2025-06-25,Kalamassery,21,199,0,0,0
2025-06-25,Kalamassery,22,185,0,0,0
2025-06-25,CUSAT,6,80,0,0,0
2025-06-25,CUSAT,7,81,0,0,0
2025-06-25,CUSAT,8,205,0,1,0
2025-06-25,CUSAT,9,199,0,1,0
2025-06-25,CUSAT,10,181,0,1,0
2025-06-25,CUSAT,11,88,0,0,0
2025-06-25,CUSAT,12,65,0,0,0
2025-06-25,CUSAT,13,70,0,0,0
2025-06-25,CUSAT,14,71,0,0,0
2025-06-25,CUSAT,15,68,0,0,0
2025-06-25,CUSAT,16,73,0,0,0
2025-06-25,CUSAT,17,194,0,0,1
2025-06-25,CUSAT,18,196,0,0,1
2025-06-25,CUSAT,19,202,0,0,1
2025-06-25,CUSAT,20,211,0,0,1
2025-06-25,CUSAT,21,65,0,0,0
2025-06-25,CUSAT,22,77,0,0,0
2025-06-25,Pathadipalam,6,78,0,0,0
2025-06-25,Pathadipalam,7,90,0,0,0
2025-06-25,Pathadipalam,8,202,0,1,0
2025-06-25,Pathadipalam,9,221,0,1,0
2025-06-25,Pathadipalam,10,191,0,1,0
2025-06-25,Pathadipalam,11,67,0,0,0
2025-06-25,Pathadipalam,12,66,0,0,0
2025-06-25,Pathadipalam,13,82,0,0,0
2025-06-25,Pathadipalam,14,80,0,0,0
2025-06-25,Pathadipalam,15,91,0,0,0
2025-06-25,Pathadipalam,16,76,0,0,0
2025-06-25,Pathadipalam,17,219,0,0,1
2025-06-25,Pathadipalam,18,174,0,0,1
2025-06-25,Pathadipalam,19,226,0,0,1
2025-06-25,Pathadipalam,20,198,0,0,1
2025-06-25,Pathadipalam,21,93,0,0,0
2025-06-25,Pathadipalam,22,78,0,0,0
2025-06-25,Edappally,6,209,0,0,0
2025-06-25,Edappally,7,184,0,0,0
2025-06-25,Edappally,8,524,0,1,0
2025-06-25,Edappally,9,462,0,1,0
2025-06-25,Edappally,10,490,0,1,0
2025-06-25,Edappally,11,214,0,0,0
2025-06-25,Edappally,12,216,0,0,0
2025-06-25,Edappally,13,203,0,0,0
2025-06-25,Edappally,14,199,0,0,0
2025-06-25,Edappally,15,222,0,0,0
2025-06-25,Edappally,16,216,0,0,0
2025-06-25,Edappally,17,498,0,0,1
2025-06-25,Edappally,18,532,0,0,1
2025-06-25,Edappally,19,477,0,0,1
2025-06-25,Edappally,20,486,0,0,1
2025-06-25,Edappally,21,176,0,0,0
2025-06-25,Edappally,22,171,0,0,0
2025-06-25,Changampuzha Park,6,77,0,0,0
2025-06-25,Changampuzha Park,7,77,0,0,0
2025-06-25,Changampuzha Park,8,206,0,1,0
2025-06-25,Changampuzha Park,9,214,0,1,0
2025-06-25,Changampuzha Park,10,200,0,1,0
2025-06-25,Changampuzha Park,11,78,0,0,0
2025-06-25,Changampuzha Park,12,91,0,0,0
2025-06-25,Changampuzha Park,13,77,0,0,0
2025-06-25,Changampuzha Park,14,87,0,0,0
2025-06-25,Changampuzha Park,15,60,0,0,0
2025-06-25,Changampuzha Park,16,78,0,0,0
2025-06-25,Changampuzha Park,17,217,0,0,1
2025-06-25,Changampuzha Park,18,221,0,0,1
2025-06-25,Changampuzha Park,19,208,0,0,1
2025-06-25,Changampuzha Park,20,206,0,0,1
2025-06-25,Changampuzha Park,21,75,0,0,0
2025-06-25,Changampuzha Park,22,73,0,0,0
2025-06-25,Palarivattom,6,80,0,0,0
2025-06-25,Palarivattom,7,87,0,0,0
2025-06-25,Palarivattom,8,194,0,1,0
2025-06-25,Palarivattom,9,193,0,1,0
2025-06-25,Palarivattom,10,184,0,1,0
2025-06-25,Palarivattom,11,91,0,0,0
2025-06-25,Palarivattom,12,74,0,0,0
2025-06-25,Palarivattom,13,90,0,0,0
2025-06-25,Palarivattom,14,73,0,0,0
2025-06-25,Palarivattom,15,89,0,0,0
2025-06-25,Palarivattom,16,76,0,0,0
2025-06-25,Palarivattom,17,186,0,0,1
2025-06-25,Palarivattom,18,226,0,0,1
2025-06-25,Palarivattom,19,189,0,0,1
2025-06-25,Palarivattom,20,184,0,0,1
2025-06-25,Palarivattom,21,81,0,0,0
2025-06-25,Palarivattom,22,86,0,0,0
2025-06-25,JLN Stadium,6,78,0,0,0
2025-06-25,JLN Stadium,7,90,0,0,0
2025-06-25,JLN Stadium,8,226,0,1,0
2025-06-25,JLN Stadium,9,176,0,1,0
2025-06-25,JLN Stadium,10,210,0,1,0
2025-06-25,JLN Stadium,11,82,0,0,0
2025-06-25,JLN Stadium,12,67,0,0,0
2025-06-25,JLN Stadium,13,78,0,0,0
2025-06-25,JLN Stadium,14,85,0,0,0
2025-06-25,JLN Stadium,15,67,0,0,0
2025-06-25,JLN Stadium,16,102,0,0,0
2025-06-25,JLN Stadium,17,190,0,0,1
2025-06-25,JLN Stadium,18,206,0,0,1
2025-06-25,JLN Stadium,19,187,0,0,1
2025-06-25,JLN Stadium,20,215,0,0,1
2025-06-25,JLN Stadium,21,80,0,0,0
2025-06-25,JLN Stadium,22,69,0,0,0
2025-06-25,Kaloor Town Hall,6,68,0,0,0
2025-06-25,Kaloor Town Hall,7,84,0,0,0
2025-06-25,Kaloor Town Hall,8,185,0,1,0
2025-06-25,Kaloor Town Hall,9,221,0,1,0
2025-06-25,Kaloor Town Hall,10,198,0,1,0
2025-06-25,Kaloor Town Hall,11,65,0,0,0
2025-06-25,Kaloor Town Hall,12,79,0,0,0
2025-06-25,Kaloor Town Hall,13,79,0,0,0
2025-06-25,Kaloor Town Hall,14,75,0,0,0
2025-06-25,Kaloor Town Hall,15,87,0,0,0
2025-06-25,Kaloor Town Hall,16,84,0,0,0
2025-06-25,Kaloor Town Hall,17,211,0,0,1
2025-06-25,Kaloor Town Hall,18,205,0,0,1
2025-06-25,Kaloor Town Hall,19,183,0,0,1
2025-06-25,Kaloor Town Hall,20,190,0,0,1
2025-06-25,Kaloor Town Hall,21,84,0,0,0
2025-06-25,Kaloor Town Hall,22,88,0,0,0
2025-06-25,MG Road,6,187,0,0,0
2025-06-25,MG Road,7,204,0,0,0
2025-06-25,MG Road,8,513,0,1,0
2025-06-25,MG Road,9,510,0,1,0
2025-06-25,MG Road,10,471,0,1,0
2025-06-25,MG Road,11,164,0,0,0
2025-06-25,MG Road,12,202,0,0,0
2025-06-25,MG Road,13,192,0,0,0
2025-06-25,MG Road,14,209,0,0,0
2025-06-25,MG Road,15,209,0,0,0
2025-06-25,MG Road,16,180,0,0,0
2025-06-25,MG Road,17,508,0,0,1
2025-06-25,MG Road,18,463,0,0,1
2025-06-25,MG Road,19,505,0,0,1
2025-06-25,MG Road,20,512,0,0,1
2025-06-25,MG Road,21,186,0,0,0
2025-06-25,MG Road,22,227,0,0,0
2025-06-25,Maharaja's College,6,83,0,0,0
2025-06-25,Maharaja's College,7,81,0,0,0
2025-06-25,Maharaja's College,8,174,0,1,0
2025-06-25,Maharaja's College,9,200,0,1,0
2025-06-25,Maharaja's College,10,202,0,1,0
2025-06-25,Maharaja's College,11,87,0,0,0
2025-06-25,Maharaja's College,12,77,0,0,0
2025-06-25,Maharaja's College,13,86,0,0,0
2025-06-25,Maharaja's College,14,85,0,0,0
2025-06-25,Maharaja's College,15,85,0,0,0
2025-06-25,Maharaja's College,16,80,0,0,0
2025-06-25,Maharaja's College,17,209,0,0,1
2025-06-25,Maharaja's College,18,197,0,0,1
2025-06-25,Maharaja's College,19,211,0,0,1
2025-06-25,Maharaja's College,20,174,0,0,1
2025-06-25,Maharaja's College,21,82,0,0,0
2025-06-25,Maharaja's College,22,88,0,0,0
2025-06-25,Ernakulam South,6,218,0,0,0
2025-06-25,Ernakulam South,7,221,0,0,0
2025-06-25,Ernakulam South,8,529,0,1,0
2025-06-25,Ernakulam South,9,498,0,1,0
2025-06-25,Ernakulam South,10,500,0,1,0
2025-06-25,Ernakulam South,11,183,0,0,0
2025-06-25,Ernakulam South,12,200,0,0,0
2025-06-25,Ernakulam South,13,200,0,0,0
2025-06-25,Ernakulam South,14,176,0,0,0
2025-06-25,Ernakulam South,15,198,0,0,0
2025-06-25,Ernakulam South,16,200,0,0,0
2025-06-25,Ernakulam South,17,509,0,0,1
2025-06-25,Ernakulam South,18,504,0,0,1
2025-06-25,Ernakulam South,19,524,0,0,1
2025-06-25,Ernakulam South,20,541,0,0,1
2025-06-25,Ernakulam South,21,211,0,0,0
2025-06-25,Ernakulam South,22,185,0,0,0
2025-06-25,Kadavanthra,6,78,0,0,0
2025-06-25,Kadavanthra,7,67,0,0,0
2025-06-25,Kadavanthra,8,201,0,1,0
2025-06-25,Kadavanthra,9,200,0,1,0
2025-06-25,Kadavanthra,10,206,0,1,0
2025-06-25,Kadavanthra,11,88,0,0,0
2025-06-25,Kadavanthra,12,76,0,0,0
2025-06-25,Kadavanthra,13,84,0,0,0
2025-06-25,Kadavanthra,14,68,0,0,0
2025-06-25,Kadavanthra,15,81,0,0,0
2025-06-25,Kadavanthra,16,70,0,0,0
2025-06-25,Kadavanthra,17,195,0,0,1
2025-06-25,Kadavanthra,18,210,0,0,1
2025-06-25,Kadavanthra,19,208,0,0,1
2025-06-25,Kadavanthra,20,202,0,0,1
2025-06-25,Kadavanthra,21,82,0,0,0
2025-06-25,Kadavanthra,22,104,0,0,0
2025-06-25,Elamkulam,6,94,0,0,0
2025-06-25,Elamkulam,7,80,0,0,0
2025-06-25,Elamkulam,8,209,0,1,0
2025-06-25,Elamkulam,9,209,0,1,0
2025-06-25,Elamkulam,10,185,0,1,0
2025-06-25,Elamkulam,11,72,0,0,0
2025-06-25,Elamkulam,12,68,0,0,0
2025-06-25,Elamkulam,13,74,0,0,0
2025-06-25,Elamkulam,14,78,0,0,0
2025-06-25,Elamkulam,15,75,0,0,0
2025-06-25,Elamkulam,16,89,0,0,0
2025-06-25,Elamkulam,17,219,0,0,1
2025-06-25,Elamkulam,18,211,0,0,1
2025-06-25,Elamkulam,19,188,0,0,1
2025-06-25,Elamkulam,20,206,0,0,1
2025-06-25,Elamkulam,21,84,0,0,0
2025-06-25,Elamkulam,22,67,0,0,0
2025-06-25,Vyttila,6,77,0,0,0
2025-06-25,Vyttila,7,85,0,0,0
2025-06-25,Vyttila,8,196,0,1,0
2025-06-25,Vyttila,9,214,0,1,0
2025-06-25,Vyttila,10,195,0,1,0
2025-06-25,Vyttila,11,81,0,0,0
2025-06-25,Vyttila,12,82,0,0,0
2025-06-25,Vyttila,13,80,0,0,0
2025-06-25,Vyttila,14,61,0,0,0
2025-06-25,Vyttila,15,75,0,0,0
2025-06-25,Vyttila,16,70,0,0,0
2025-06-25,Vyttila,17,191,0,0,1
2025-06-25,Vyttila,18,202,0,0,1
2025-06-25,Vyttila,19,199,0,0,1
2025-06-25,Vyttila,20,210,0,0,1
2025-06-25,Vyttila,21,65,0,0,0
2025-06-25,Vyttila,22,81,0,0,0
2025-06-25,Thaikoodam,6,77,0,0,0
2025-06-25,Thaikoodam,7,75,0,0,0
2025-06-25,Thaikoodam,8,245,0,1,0
2025-06-25,Thaikoodam,9,194,0,1,0
2025-06-25,Thaikoodam,10,187,0,1,0
2025-06-25,Thaikoodam,11,74,0,0,0
2025-06-25,Thaikoodam,12,96,0,0,0
2025-06-25,Thaikoodam,13,83,0,0,0
2025-06-25,Thaikoodam,14,76,0,0,0
2025-06-25,Thaikoodam,15,72,0,0,0
2025-06-25,Thaikoodam,16,93,0,0,0
2025-06-25,Thaikoodam,17,195,0,0,1
2025-06-25,Thaikoodam,18,216,0,0,1
2025-06-25,Thaikoodam,19,176,0,0,1
2025-06-25,Thaikoodam,20,189,0,0,1
2025-06-25,Thaikoodam,21,74,0,0,0
2025-06-25,Thaikoodam,22,82,0,0,0
2025-06-25,Petta,6,78,0,0,0
2025-06-25,Petta,7,71,0,0,0
2025-06-25,Petta,8,222,0,1,0
2025-06-25,Petta,9,214,0,1,0
2025-06-25,Petta,10,169,0,1,0
2025-06-25,Petta,11,86,0,0,0
2025-06-25,Petta,12,79,0,0,0
2025-06-25,Petta,13,80,0,0,0
2025-06-25,Petta,14,78,0,0,0
2025-06-25,Petta,15,88,0,0,0
2025-06-25,Petta,16,75,0,0,0
2025-06-25,Petta,17,200,0,0,1
2025-06-25,Petta,18,190,0,0,1
2025-06-25,Petta,19,188,0,0,1
2025-06-25,Petta,20,204,0,0,1
2025-06-25,Petta,21,65,0,0,0
2025-06-25,Petta,22,88,0,0,0
2025-06-25,Vadakkekotta,6,75,0,0,0
2025-06-25,Vadakkekotta,7,91,0,0,0
2025-06-25,Vadakkekotta,8,192,0,1,0
2025-06-25,Vadakkekotta,9,206,0,1,0
2025-06-25,Vadakkekotta,10,200,0,1,0
2025-06-25,Vadakkekotta,11,70,0,0,0
2025-06-25,Vadakkekotta,12,73,0,0,0
2025-06-25,Vadakkekotta,13,104,0,0,0
2025-06-25,Vadakkekotta,14,79,0,0,0
2025-06-25,Vadakkekotta,15,72,0,0,0
2025-06-25,Vadakkekotta,16,69,0,0,0
2025-06-25,Vadakkekotta,17,193,0,0,1
2025-06-25,Vadakkekotta,18,198,0,0,1
2025-06-25,Vadakkekotta,19,211,0,0,1
2025-06-25,Vadakkekotta,20,177,0,0,1
2025-06-25,Vadakkekotta,21,98,0,0,0
2025-06-25,Vadakkekotta,22,84,0,0,0
2025-06-25,SN Junction,6,86,0,0,0
2025-06-25,SN Junction,7,80,0,0,0
2025-06-25,SN Junction,8,223,0,1,0
2025-06-25,SN Junction,9,176,0,1,0
2025-06-25,SN Junction,10,194,0,1,0
2025-06-25,SN Junction,11,88,0,0,0
2025-06-25,SN Junction,12,71,0,0,0
2025-06-25,SN Junction,13,76,0,0,0
2025-06-25,SN Junction,14,82,0,0,0
2025-06-25,SN Junction,15,88,0,0,0
2025-06-25,SN Junction,16,90,0,0,0
2025-06-25,SN Junction,17,221,0,0,1
2025-06-25,SN Junction,18,185,0,0,1
2025-06-25,SN Junction,19,214,0,0,1
2025-06-25,SN Junction,20,185,0,0,1
2025-06-25,SN Junction,21,110,0,0,0
2025-06-25,SN Junction,22,76,0,0,0
2025-06-25,Tripunithura Terminal,6,88,0,0,0
2025-06-25,Tripunithura Terminal,7,76,0,0,0
2025-06-25,Tripunithura Terminal,8,211,0,1,0
2025-06-25,Tripunithura Terminal,9,212,0,1,0
2025-06-25,Tripunithura Terminal,10,193,0,1,0
2025-06-25,Tripunithura Terminal,11,73,0,0,0
2025-06-25,Tripunithura Terminal,12,77,0,0,0
2025-06-25,Tripunithura Terminal,13,99,0,0,0
2025-06-25,Tripunithura Terminal,14,64,0,0,0
2025-06-25,Tripunithura Terminal,15,87,0,0,0
2025-06-25,Tripunithura Terminal,16,80,0,0,0
2025-06-25,Tripunithura Terminal,17,219,0,0,1
2025-06-25,Tripunithura Terminal,18,196,0,0,1
2025-06-25,Tripunithura Terminal,19,194,0,0,1
2025-06-25,Tripunithura Terminal,20,230,0,0,1
2025-06-25,Tripunithura Terminal,21,66,0,0,0
2025-06-25,Tripunithura Terminal,22,93,0,0,0
2025-07-02,Aluva,6,213,0,0,0
2025-07-02,Aluva,7,199,0,0,0
2025-07-02,Aluva,8,504,0,1,0
2025-07-02,Aluva,9,502,0,1,0
2025-07-02,Aluva,10,496,0,1,0
2025-07-02,Aluva,11,182,0,0,0
2025-07-02,Aluva,12,205,0,0,0
2025-07-02,Aluva,13,192,0,0,0
2025-07-02,Aluva,14,208,0,0,0
2025-07-02,Aluva,15,228,0,0,0
2025-07-02,Aluva,16,209,0,0,0
2025-07-02,Aluva,17,504,0,0,1
2025-07-02,Aluva,18,485,0,0,1
2025-07-02,Aluva,19,520,0,0,1
2025-07-02,Aluva,20,504,0,0,1
2025-07-02,Aluva,21,205,0,0,0
2025-07-02,Aluva,22,217,0,0,0
2025-07-02,Pulinchodu,6,69,0,0,0
2025-07-02,Pulinchodu,7,94,0,0,0
2025-07-02,Pulinchodu,8,185,0,1,0
2025-07-02,Pulinchodu,9,205,0,1,0
2025-07-02,Pulinchodu,10,226,0,1,0
2025-07-02,Pulinchodu,11,82,0,0,0
2025-07-02,Pulinchodu,12,90,0,0,0
2025-07-02,Pulinchodu,13,75,0,0,0
2025-07-02,Pulinchodu,14,87,0,0,0
2025-07-02,Pulinchodu,15,76,0,0,0
2025-07-02,Pulinchodu,16,75,0,0,0
2025-07-02,Pulinchodu,17,190,0,0,1
2025-07-02,Pulinchodu,18,174,0,0,1
2025-07-02,Pulinchodu,19,174,0,0,1
2025-07-02,Pulinchodu,20,199,0,0,1
2025-07-02,Pulinchodu,21,74,0,0,0
2025-07-02,Pulinchodu,22,96,0,0,0
2025-07-02,Companypady,6,61,0,0,0
2025-07-02,Companypady,7,83,0,0,0
2025-07-02,Companypady,8,180,0,1,0
2025-07-02,Companypady,9,191,0,1,0
2025-07-02,Companypady,10,206,0,1,0
2025-07-02,Companypady,11,84,0,0,0
2025-07-02,Companypady,12,69,0,0,0
2025-07-02,Companypady,13,87,0,0,0
2025-07-02,Companypady,14,86,0,0,0
2025-07-02,Companypady,15,75,0,0,0
2025-07-02,Companypady,16,83,0,0,0
2025-07-02,Companypady,17,199,0,0,1
2025-07-02,Companypady,18,195,0,0,1
2025-07-02,Companypady,19,197,0,0,1
2025-07-02,Companypady,20,183,0,0,1
2025-07-02,Companypady,21,96,0,0,0
2025-07-02,Companypady,22,58,0,0,0
2025-07-02,Ambattukavu,6,86,0,0,0
2025-07-02,Ambattukavu,7,78,0,0,0
2025-07-02,Ambattukavu,8,196,0,1,0
2025-07-02,Ambattukavu,9,202,0,1,0
2025-07-02,Ambattukavu,10,196,0,1,0
2025-07-02,Ambattukavu,11,84,0,0,0
2025-07-02,Ambattukavu,12,80,0,0,0
2025-07-02,Ambattukavu,13,74,0,0,0
2025-07-02,Ambattukavu,14,86,0,0,0
2025-07-02,Ambattukavu,15,89,0,0,0
2025-07-02,Ambattukavu,16,84,0,0,0
2025-07-02,Ambattukavu,17,224,0,0,1
2025-07-02,Ambattukavu,18,184,0,0,1
2025-07-02,Ambattukavu,19,201,0,0,1
2025-07-02,Ambattukavu,20,209,0,0,1
2025-07-02,Ambattukavu,21,95,0,0,0
2025-07-02,Ambattukavu,22,77,0,0,0
2025-07-02,Muttom,6,90,0,0,0
2025-07-02,Muttom,7,82,0,0,0
2025-07-02,Muttom,8,207,0,1,0
2025-07-02,Muttom,9,196,0,1,0
2025-07-02,Muttom,10,202,0,1,0
2025-07-02,Muttom,11,93,0,0,0
2025-07-02,Muttom,12,77,0,0,0
2025-07-02,Muttom,13,69,0,0,0
2025-07-02,Muttom,14,78,0,0,0
2025-07-02,Muttom,15,75,0,0,0
2025-07-02,Muttom,16,80,0,0,0
2025-07-02,Muttom,17,215,0,0,1
2025-07-02,Muttom,18,195,0,0,1
2025-07-02,Muttom,19,172,0,0,1
2025-07-02,Muttom,20,195,0,0,1
2025-07-02,Muttom,21,100,0,0,0
2025-07-02,Muttom,22,84,0,0,0
2025-07-02,Kalamassery,6,199,0,0,0
2025-07-02,Kalamassery,7,199,0,0,0
2025-07-02,Kalamassery,8,514,0,1,0
2025-07-02,Kalamassery,9,526,0,1,0
2025-07-02,Kalamassery,10,536,0,1,0
2025-07-02,Kalamassery,11,213,0,0,0
2025-07-02,Kalamassery,12,171,0,0,0
2025-07-02,Kalamassery,13,210,0,0,0
2025-07-02,Kalamassery,14,184,0,0,0
2025-07-02,Kalamassery,15,214,0,0,0
2025-07-02,Kalamassery,16,176,0,0,0
2025-07-02,Kalamassery,17,477,0,0,1
2025-07-02,Kalamassery,18,487,0,0,1
2025-07-02,Kalamassery,19,513,0,0,1
2025-07-02,Kalamassery,20,501,0,0,1
2025-07-02,Kalamassery,21,204,0,0,0
2025-07-02,Kalamassery,22,198,0,0,0
2025-07-02,CUSAT,6,85,0,0,0
2025-07-02,CUSAT,7,63,0,0,0
2025-07-02,CUSAT,8,187,0,1,0
2025-07-02,CUSAT,9,198,0,1,0
2025-07-02,CUSAT,10,208,0,1,0
2025-07-02,CUSAT,11,75,0,0,0
2025-07-02,CUSAT,12,72,0,0,0
2025-07-02,CUSAT,13,84,0,0,0
2025-07-02,CUSAT,14,78,0,0,0
2025-07-02,CUSAT,15,85,0,0,0
2025-07-02,CUSAT,16,91,0,0,0
2025-07-02,CUSAT,17,215,0,0,1
2025-07-02,CUSAT,18,181,0,0,1
2025-07-02,CUSAT,19,189,0,0,1
2025-07-02,CUSAT,20,184,0,0,1
2025-07-02,CUSAT,21,72,0,0,0
2025-07-02,CUSAT,22,63,0,0,0
2025-07-02,Pathadipalam,6,77,0,0,0
2025-07-02,Pathadipalam,7,62,0,0,0
2025-07-02,Pathadipalam,8,196,0,1,0
2025-07-02,Pathadipalam,9,219,0,1,0
2025-07-02,Pathadipalam,10,182,0,1,0
2025-07-02,Pathadipalam,11,78,0,0,0
2025-07-02,Pathadipalam,12,75,0,0,0
2025-07-02,Pathadipalam,13,66,0,0,0
2025-07-02,Pathadipalam,14,79,0,0,0
2025-07-02,Pathadipalam,15,92,0,0,0
2025-07-02,Pathadipalam,16,69,0,0,0
2025-07-02,Pathadipalam,17,195,0,0,1
2025-07-02,Pathadipalam,18,182,0,0,1
2025-07-02,Pathadipalam,19,186,0,0,1
2025-07-02,Pathadipalam,20,207,0,0,1
2025-07-02,Pathadipalam,21,81,0,0,0
2025-07-02,Pathadipalam,22,82,0,0,0
2025-07-02,Edappally,6,206,0,0,0
2025-07-02,Edappally,7,174,0,0,0
2025-07-02,Edappally,8,491,0,1,0
2025-07-02,Edappally,9,528,0,1,0
2025-07-02,Edappally,10,497,0,1,0
2025-07-02,Edappally,11,186,0,0,0
2025-07-02,Edappally,12,190,0,0,0
2025-07-02,Edappally,13,203,0,0,0
2025-07-02,Edappally,14,193,0,0,0
2025-07-02,Edappally,15,198,0,0,0
2025-07-02,Edappally,16,184,0,0,0
2025-07-02,Edappally,17,486,0,0,1
2025-07-02,Edappally,18,515,0,0,1
2025-07-02,Edappally,19,496,0,0,1
2025-07-02,Edappally,20,509,0,0,1
2025-07-02,Edappally,21,205,0,0,0
2025-07-02,Edappally,22,201,0,0,0
2025-07-02,Changampuzha Park,6,78,0,0,0
2025-07-02,Changampuzha Park,7,88,0,0,0
2025-07-02,Changampuzha Park,8,184,0,1,0
2025-07-02,Changampuzha Park,9,190,0,1,0
2025-07-02,Changampuzha Park,10,206,0,1,0
2025-07-02,Changampuzha Park,11,62,0,0,0
2025-07-02,Changampuzha Park,12,108,0,0,0
2025-07-02,Changampuzha Park,13,78,0,0,0
2025-07-02,Changampuzha Park,14,82,0,0,0
2025-07-02,Changampuzha Park,15,58,0,0,0
2025-07-02,Changampuzha Park,16,67,0,0,0
2025-07-02,Changampuzha Park,17,208,0,0,1
2025-07-02,Changampuzha Park,18,207,0,0,1
2025-07-02,Changampuzha Park,19,213,0,0,1
2025-07-02,Changampuzha Park,20,204,0,0,1
2025-07-02,Changampuzha Park,21,76,0,0,0
2025-07-02,Changampuzha Park,22,84,0,0,0
2025-07-02,Palarivattom,6,88,0,0,0
2025-07-02,Palarivattom,7,66,0,0,0
2025-07-02,Palarivattom,8,207,0,1,0
2025-07-02,Palarivattom,9,211,0,1,0
2025-07-02,Palarivattom,10,173,0,1,0
2025-07-02,Palarivattom,11,99,0,0,0
2025-07-02,Palarivattom,12,80,0,0,0
2025-07-02,Palarivattom,13,67,0,0,0
2025-07-02,Palarivattom,14,81,0,0,0
2025-07-02,Palarivattom,15,67,0,0,0
2025-07-02,Palarivattom,16,83,0,0,0
2025-07-02,Palarivattom,17,199,0,0,1
2025-07-02,Palarivattom,18,210,0,0,1
2025-07-02,Palarivattom,19,180,0,0,1
2025-07-02,Palarivattom,20,223,0,0,1
2025-07-02,Palarivattom,21,87,0,0,0
2025-07-02,Palarivattom,22,68,0,0,0
2025-07-02,JLN Stadium,6,75,0,0,0
2025-07-02,JLN Stadium,7,89,0,0,0
2025-07-02,JLN Stadium,8,196,0,1,0
2025-07-02,JLN Stadium,9,211,0,1,0
2025-07-02,JLN Stadium,10,186,0,1,0
2025-07-02,JLN Stadium,11,90,0,0,0
2025-07-02,JLN Stadium,12,80,0,0,0
2025-07-02,JLN Stadium,13,85,0,0,0
2025-07-02,JLN Stadium,14,90,0,0,0
2025-07-02,JLN Stadium,15,88,0,0,0
2025-07-02,JLN Stadium,16,91,0,0,0
2025-07-02,JLN Stadium,17,211,0,0,1
2025-07-02,JLN Stadium,18,218,0,0,1
2025-07-02,JLN Stadium,19,226,0,0,1
2025-07-02,JLN Stadium,20,176,0,0,1
2025-07-02,JLN Stadium,21,83,0,0,0
2025-07-02,JLN Stadium,22,65,0,0,0
2025-07-02,Kaloor Town Hall,6,75,0,0,0
2025-07-02,Kaloor Town Hall,7,70,0,0,0
2025-07-02,Kaloor Town Hall,8,199,0,1,0
2025-07-02,Kaloor Town Hall,9,209,0,1,0
2025-07-02,Kaloor Town Hall,10,188,0,1,0
2025-07-02,Kaloor Town Hall,11,66,0,0,0
2025-07-02,Kaloor Town Hall,12,80,0,0,0
2025-07-02,Kaloor Town Hall,13,105,0,0,0
2025-07-02,Kaloor Town Hall,14,78,0,0,0
2025-07-02,Kaloor Town Hall,15,97,0,0,0
2025-07-02,Kaloor Town Hall,16,89,0,0,0
2025-07-02,Kaloor Town Hall,17,208,0,0,1
2025-07-02,Kaloor Town Hall,18,198,0,0,1
2025-07-02,Kaloor Town Hall,19,184,0,0,1
2025-07-02,Kaloor Town Hall,20,241,0,0,1
2025-07-02,Kaloor Town Hall,21,97,0,0,0
2025-07-02,Kaloor Town Hall,22,74,0,0,0
2025-07-02,MG Road,6,201,0,0,0
2025-07-02,MG Road,7,221,0,0,0
2025-07-02,MG Road,8,503,0,1,0
2025-07-02,MG Road,9,502,0,1,0
2025-07-02,MG Road,10,529,0,1,0
2025-07-02,MG Road,11,189,0,0,0
2025-07-02,MG Road,12,192,0,0,0
2025-07-02,MG Road,13,229,0,0,0
2025-07-02,MG Road,14,193,0,0,0
2025-07-02,MG Road,15,203,0,0,0
2025-07-02,MG Road,16,226,0,0,0
2025-07-02,MG Road,17,483,0,0,1
2025-07-02,MG Road,18,510,0,0,1
2025-07-02,MG Road,19,547,0,0,1
2025-07-02,MG Road,20,478,0,0,1
2025-07-02,MG Road,21,195,0,0,0
2025-07-02,MG Road,22,198,0,0,0
2025-07-02,Maharaja's College,6,85,0,0,0
2025-07-02,Maharaja's College,7,91,0,0,0
2025-07-02,Maharaja's College,8,205,0,1,0
2025-07-02,Maharaja's College,9,211,0,1,0
2025-07-02,Maharaja's College,10,201,0,1,0
2025-07-02,Maharaja's College,11,92,0,0,0
2025-07-02,Maharaja's College,12,80,0,0,0
2025-07-02,Maharaja's College,13,71,0,0,0
2025-07-02,Maharaja's College,14,67,0,0,0
2025-07-02,Maharaja's College,15,91,0,0,0
2025-07-02,Maharaja's College,16,65,0,0,0
2025-07-02,Maharaja's College,17,210,0,0,1
2025-07-02,Maharaja's College,18,174,0,0,1
2025-07-02,Maharaja's College,19,204,0,0,1
2025-07-02,Maharaja's College,20,188,0,0,1
2025-07-02,Maharaja's College,21,83,0,0,0
2025-07-02,Maharaja's College,22,71,0,0,0
2025-07-02,Ernakulam South,6,191,0,0,0
2025-07-02,Ernakulam South,7,207,0,0,0
2025-07-02,Ernakulam South,8,491,0,1,0
2025-07-02,Ernakulam South,9,508,0,1,0
2025-07-02,Ernakulam South,10,478,0,1,0
2025-07-02,Ernakulam South,11,202,0,0,0
2025-07-02,Ernakulam South,12,215,0,0,0
2025-07-02,Ernakulam South,13,197,0,0,0
2025-07-02,Ernakulam South,14,193,0,0,0
2025-07-02,Ernakulam South,15,230,0,0,0
2025-07-02,Ernakulam South,16,181,0,0,0
2025-07-02,Ernakulam South,17,521,0,0,1
2025-07-02,Ernakulam South,18,504,0,0,1
2025-07-02,Ernakulam South,19,508,0,0,1
2025-07-02,Ernakulam South,20,521,0,0,1
2025-07-02,Ernakulam South,21,212,0,0,0
2025-07-02,Ernakulam South,22,204,0,0,0
2025-07-02,Kadavanthra,6,82,0,0,0
2025-07-02,Kadavanthra,7,88,0,0,0
2025-07-02,Kadavanthra,8,209,0,1,0
2025-07-02,Kadavanthra,9,183,0,1,0
2025-07-02,Kadavanthra,10,200,0,1,0
2025-07-02,Kadavanthra,11,70,0,0,0
2025-07-02,Kadavanthra,12,90,0,0,0
2025-07-02,Kadavanthra,13,79,0,0,0
2025-07-02,Kadavanthra,14,85,0,0,0
2025-07-02,Kadavanthra,15,78,0,0,0
2025-07-02,Kadavanthra,16,78,0,0,0
2025-07-02,Kadavanthra,17,190,0,0,1
2025-07-02,Kadavanthra,18,181,0,0,1
2025-07-02,Kadavanthra,19,178,0,0,1
2025-07-02,Kadavanthra,20,217,0,0,1
2025-07-02,Kadavanthra,21,84,0,0,0
2025-07-02,Kadavanthra,22,92,0,0,0
2025-07-02,Elamkulam,6,72,0,0,0
2025-07-02,Elamkulam,7,85,0,0,0
2025-07-02,Elamkulam,8,214,0,1,0
2025-07-02,Elamkulam,9,199,0,1,0
2025-07-02,Elamkulam,10,201,0,1,0
2025-07-02,Elamkulam,11,78,0,0,0
2025-07-02,Elamkulam,12,75,0,0,0
2025-07-02,Elamkulam,13,80,0,0,0
2025-07-02,Elamkulam,14,79,0,0,0
2025-07-02,Elamkulam,15,88,0,0,0
2025-07-02,Elamkulam,16,86,0,0,0
2025-07-02,Elamkulam,17,182,0,0,1
2025-07-02,Elamkulam,18,189,0,0,1
2025-07-02,Elamkulam,19,183,0,0,1
2025-07-02,Elamkulam,20,182,0,0,1
2025-07-02,Elamkulam,21,92,0,0,0
2025-07-02,Elamkulam,22,58,0,0,0
2025-07-02,Vyttila,6,77,0,0,0
2025-07-02,Vyttila,7,59,0,0,0
2025-07-02,Vyttila,8,199,0,1,0
2025-07-02,Vyttila,9,180,0,1,0
2025-07-02,Vyttila,10,181,0,1,0
2025-07-02,Vyttila,11,100,0,0,0
2025-07-02,Vyttila,12,99,0,0,0
2025-07-02,Vyttila,13,74,0,0,0
2025-07-02,Vyttila,14,83,0,0,0
2025-07-02,Vyttila,15,84,0,0,0
2025-07-02,Vyttila,16,82,0,0,0
2025-07-02,Vyttila,17,156,0,0,1
2025-07-02,Vyttila,18,205,0,0,1
2025-07-02,Vyttila,19,191,0,0,1
2025-07-02,Vyttila,20,193,0,0,1
2025-07-02,Vyttila,21,94,0,0,0
2025-07-02,Vyttila,22,90,0,0,0
2025-07-02,Thaikoodam,6,88,0,0,0
2025-07-02,Thaikoodam,7,79,0,0,0
2025-07-02,Thaikoodam,8,200,0,1,0
2025-07-02,Thaikoodam,9,205,0,1,0
2025-07-02,Thaikoodam,10,201,0,1,0
2025-07-02,Thaikoodam,11,83,0,0,0
2025-07-02,Thaikoodam,12,77,0,0,0
2025-07-02,Thaikoodam,13,85,0,0,0
2025-07-02,Thaikoodam,14,82,0,0,0
2025-07-02,Thaikoodam,15,87,0,0,0
2025-07-02,Thaikoodam,16,88,0,0,0
2025-07-02,Thaikoodam,17,192,0,0,1
2025-07-02,Thaikoodam,18,184,0,0,1
2025-07-02,Thaikoodam,19,208,0,0,1
2025-07-02,Thaikoodam,20,195,0,0,1
2025-07-02,Thaikoodam,21,74,0,0,0
2025-07-02,Thaikoodam,22,75,0,0,0
2025-07-02,Petta,6,79,0,0,0
2025-07-02,Petta,7,71,0,0,0
2025-07-02,Petta,8,195,0,1,0
2025-07-02,Petta,9,182,0,1,0
2025-07-02,Petta,10,203,0,1,0
2025-07-02,Petta,11,91,0,0,0
2025-07-02,Petta,12,92,0,0,0
2025-07-02,Petta,13,90,0,0,0
2025-07-02,Petta,14,92,0,0,0
2025-07-02,Petta,15,82,0,0,0
2025-07-02,Petta,16,80,0,0,0
2025-07-02,Petta,17,201,0,0,1
2025-07-02,Petta,18,185,0,0,1
2025-07-02,Petta,19,184,0,0,1
2025-07-02,Petta,20,209,0,0,1
2025-07-02,Petta,21,76,0,0,0
2025-07-02,Petta,22,78,0,0,0
2025-07-02,Vadakkekotta,6,66,0,0,0
2025-07-02,Vadakkekotta,7,91,0,0,0
2025-07-02,Vadakkekotta,8,225,0,1,0
2025-07-02,Vadakkekotta,9,203,0,1,0
2025-07-02,Vadakkekotta,10,205,0,1,0
2025-07-02,Vadakkekotta,11,95,0,0,0
2025-07-02,Vadakkekotta,12,87,0,0,0
2025-07-02,Vadakkekotta,13,62,0,0,0
2025-07-02,Vadakkekotta,14,68,0,0,0
2025-07-02,Vadakkekotta,15,80,0,0,0
2025-07-02,Vadakkekotta,16,73,0,0,0
2025-07-02,Vadakkekotta,17,205,0,0,1
2025-07-02,Vadakkekotta,18,203,0,0,1
2025-07-02,Vadakkekotta,19,227,0,0,1
2025-07-02,Vadakkekotta,20,189,0,0,1
2025-07-02,Vadakkekotta,21,83,0,0,0
2025-07-02,Vadakkekotta,22,67,0,0,0
2025-07-02,SN Junction,6,86,0,0,0
2025-07-02,SN Junction,7,82,0,0,0
2025-07-02,SN Junction,8,210,0,1,0
2025-07-02,SN Junction,9,199,0,1,0
2025-07-02,SN Junction,10,211,0,1,0
2025-07-02,SN Junction,11,78,0,0,0
2025-07-02,SN Junction,12,69,0,0,0
2025-07-02,SN Junction,13,75,0,0,0
2025-07-02,SN Junction,14,95,0,0,0
2025-07-02,SN Junction,15,77,0,0,0
2025-07-02,SN Junction,16,69,0,0,0
2025-07-02,SN Junction,17,207,0,0,1
2025-07-02,SN Junction,18,211,0,0,1
2025-07-02,SN Junction,19,221,0,0,1
2025-07-02,SN Junction,20,214,0,0,1
2025-07-02,SN Junction,21,86,0,0,0
2025-07-02,SN Junction,22,76,0,0,0
2025-07-02,Tripunithura Terminal,6,68,0,0,0
2025-07-02,Tripunithura Terminal,7,69,0,0,0
2025-07-02,Tripunithura Terminal,8,199,0,1,0
2025-07-02,Tripunithura Terminal,9,189,0,1,0
2025-07-02,Tripunithura Terminal,10,211,0,1,0
2025-07-02,Tripunithura Terminal,11,73,0,0,0
2025-07-02,Tripunithura Terminal,12,72,0,0,0
2025-07-02,Tripunithura Terminal,13,85,0,0,0
2025-07-02,Tripunithura Terminal,14,73,0,0,0
2025-07-02,Tripunithura Terminal,15,81,0,0,0
2025-07-02,Tripunithura Terminal,16,89,0,0,0
2025-07-02,Tripunithura Terminal,17,194,0,0,1
2025-07-02,Tripunithura Terminal,18,206,0,0,1
2025-07-02,Tripunithura Terminal,19,198,0,0,1
2025-07-02,Tripunithura Terminal,20,186,0,0,1
2025-07-02,Tripunithura Terminal,21,69,0,0,0
2025-07-02,Tripunithura Terminal,22,85,0,0,0
2025-07-09,Aluva,6,202,0,0,0
2025-07-09,Aluva,7,186,0,0,0
2025-07-09,Aluva,8,505,0,1,0
2025-07-09,Aluva,9,510,0,1,0
2025-07-09,Aluva,10,486,0,1,0
2025-07-09,Aluva,11,207,0,0,0
2025-07-09,Aluva,12,171,0,0,0
2025-07-09,Aluva,13,200,0,0,0
2025-07-09,Aluva,14,209,0,0,0
2025-07-09,Aluva,15,193,0,0,0
2025-07-09,Aluva,16,187,0,0,0
2025-07-09,Aluva,17,486,0,0,1
2025-07-09,Aluva,18,529,0,0,1
2025-07-09,Aluva,19,522,0,0,1
2025-07-09,Aluva,20,504,0,0,1
2025-07-09,Aluva,21,184,0,0,0
2025-07-09,Aluva,22,202,0,0,0
2025-07-09,Pulinchodu,6,87,0,0,0
2025-07-09,Pulinchodu,7,76,0,0,0
2025-07-09,Pulinchodu,8,214,0,1,0
2025-07-09,Pulinchodu,9,224,0,1,0
2025-07-09,Pulinchodu,10,240,0,1,0
2025-07-09,Pulinchodu,11,79,0,0,0
2025-07-09,Pulinchodu,12,81,0,0,0
2025-07-09,Pulinchodu,13,95,0,0,0
2025-07-09,Pulinchodu,14,72,0,0,0
2025-07-09,Pulinchodu,15,102,0,0,0
2025-07-09,Pulinchodu,16,80,0,0,0
2025-07-09,Pulinchodu,17,197,0,0,1
2025-07-09,Pulinchodu,18,205,0,0,1
2025-07-09,Pulinchodu,19,213,0,0,1
2025-07-09,Pulinchodu,20,188,0,0,1
2025-07-09,Pulinchodu,21,81,0,0,0
2025-07-09,Pulinchodu,22,82,0,0,0
2025-07-09,Companypady,6,92,0,0,0
2025-07-09,Companypady,7,75,0,0,0
2025-07-09,Companypady,8,202,0,1,0
2025-07-09,Companypady,9,228,0,1,0
2025-07-09,Companypady,10,191,0,1,0
2025-07-09,Companypady,11,80,0,0,0
2025-07-09,Companypady,12,82,0,0,0
2025-07-09,Companypady,13,87,0,0,0
2025-07-09,Companypady,14,83,0,0,0
2025-07-09,Companypady,15,57,0,0,0
2025-07-09,Companypady,16,86,0,0,0
2025-07-09,Companypady,17,191,0,0,1
2025-07-09,Companypady,18,199,0,0,1
2025-07-09,Companypady,19,175,0,0,1
2025-07-09,Companypady,20,190,0,0,1
2025-07-09,Companypady,21,72,0,0,0
2025-07-09,Companypady,22,83,0,0,0
2025-07-09,Ambattukavu,6,83,0,0,0
2025-07-09,Ambattukavu,7,83,0,0,0
2025-07-09,Ambattukavu,8,169,0,1,0
2025-07-09,Ambattukavu,9,191,0,1,0
2025-07-09,Ambattukavu,10,190,0,1,0
2025-07-09,Ambattukavu,11,91,0,0,0
2025-07-09,Ambattukavu,12,93,0,0,0
2025-07-09,Ambattukavu,13,73,0,0,0
2025-07-09,Ambattukavu,14,89,0,0,0
2025-07-09,Ambattukavu,15,75,0,0,0
2025-07-09,Ambattukavu,16,88,0,0,0
2025-07-09,Ambattukavu,17,180,0,0,1
2025-07-09,Ambattukavu,18,205,0,0,1
2025-07-09,Ambattukavu,19,215,0,0,1
2025-07-09,Ambattukavu,20,194,0,0,1
2025-07-09,Ambattukavu,21,89,0,0,0
2025-07-09,Ambattukavu,22,91,0,0,0
2025-07-09,Muttom,6,75,0,0,0
2025-07-09,Muttom,7,93,0,0,0
2025-07-09,Muttom,8,197,0,1,0
2025-07-09,Muttom,9,210,0,1,0
2025-07-09,Muttom,10,208,0,1,0
2025-07-09,Muttom,11,86,0,0,0
2025-07-09,Muttom,12,114,0,0,0
2025-07-09,Muttom,13,84,0,0,0
2025-07-09,Muttom,14,69,0,0,0
2025-07-09,Muttom,15,77,0,0,0
2025-07-09,Muttom,16,73,0,0,0
2025-07-09,Muttom,17,206,0,0,1
2025-07-09,Muttom,18,209,0,0,1
2025-07-09,Muttom,19,202,0,0,1
2025-07-09,Muttom,20,190,0,0,1
2025-07-09,Muttom,21,70,0,0,0
2025-07-09,Muttom,22,81,0,0,0
2025-07-09,Kalamassery,6,183,0,0,0
2025-07-09,Kalamassery,7,198,0,0,0
2025-07-09,Kalamassery,8,506,0,1,0
2025-07-09,Kalamassery,9,496,0,1,0
2025-07-09,Kalamassery,10,501,0,1,0
2025-07-09,Kalamassery,11,213,0,0,0
2025-07-09,Kalamassery,12,185,0,0,0
2025-07-09,Kalamassery,13,190,0,0,0
2025-07-09,Kalamassery,14,187,0,0,0
2025-07-09,Kalamassery,15,190,0,0,0
2025-07-09,Kalamassery,16,208,0,0,0
2025-07-09,Kalamassery,17,497,0,0,1
2025-07-09,Kalamassery,18,481,0,0,1
2025-07-09,Kalamassery,19,532,0,0,1
2025-07-09,Kalamassery,20,516,0,0,1
2025-07-09,Kalamassery,21,196,0,0,0
2025-07-09,Kalamassery,22,179,0,0,0
2025-07-09,CUSAT,6,86,0,0,0
2025-07-09,CUSAT,7,90,0,0,0
2025-07-09,CUSAT,8,200,0,1,0
2025-07-09,CUSAT,9,181,0,1,0
2025-07-09,CUSAT,10,186,0,1,0
2025-07-09,CUSAT,11,83,0,0,0
2025-07-09,CUSAT,12,66,0,0,0
2025-07-09,CUSAT,13,74,0,0,0
2025-07-09,CUSAT,14,77,0,0,0
2025-07-09,CUSAT,15,88,0,0,0
2025-07-09,CUSAT,16,87,0,0,0
2025-07-09,CUSAT,17,185,0,0,1
2025-07-09,CUSAT,18,197,0,0,1
2025-07-09,CUSAT,19,183,0,0,1
2025-07-09,CUSAT,20,211,0,0,1
2025-07-09,CUSAT,21,84,0,0,0
2025-07-09,CUSAT,22,91,0,0,0
2025-07-09,Pathadipalam,6,89,0,0,0
2025-07-09,Pathadipalam,7,94,0,0,0
2025-07-09,Pathadipalam,8,181,0,1,0
2025-07-09,Pathadipalam,9,192,0,1,0
2025-07-09,Pathadipalam,10,183,0,1,0
2025-07-09,Pathadipalam,11,83,0,0,0
2025-07-09,Pathadipalam,12,77,0,0,0
2025-07-09,Pathadipalam,13,67,0,0,0
2025-07-09,Pathadipalam,14,86,0,0,0
2025-07-09,Pathadipalam,15,80,0,0,0
2025-07-09,Pathadipalam,16,76,0,0,0
2025-07-09,Pathadipalam,17,182,0,0,1
2025-07-09,Pathadipalam,18,212,0,0,1
2025-07-09,Pathadipalam,19,198,0,0,1
2025-07-09,Pathadipalam,20,194,0,0,1
2025-07-09,Pathadipalam,21,81,0,0,0
2025-07-09,Pathadipalam,22,77,0,0,0
2025-07-09,Edappally,6,210,0,0,0
2025-07-09,Edappally,7,172,0,0,0
2025-07-09,Edappally,8,514,0,1,0
2025-07-09,Edappally,9,505,0,1,0
2025-07-09,Edappally,10,482,0,1,0
2025-07-09,Edappally,11,181,0,0,0
2025-07-09,Edappally,12,172,0,0,0
2025-07-09,Edappally,13,196,0,0,0
2025-07-09,Edappally,14,220,0,0,0
2025-07-09,Edappally,15,210,0,0,0
2025-07-09,Edappally,16,196,0,0,0
2025-07-09,Edappally,17,467,0,0,1
2025-07-09,Edappally,18,508,0,0,1
2025-07-09,Edappally,19,507,0,0,1
2025-07-09,Edappally,20,499,0,0,1
2025-07-09,Edappally,21,200,0,0,0
2025-07-09,Edappally,22,188,0,0,0
2025-07-09,Changampuzha Park,6,93,0,0,0
2025-07-09,Changampuzha Park,7,76,0,0,0
2025-07-09,Changampuzha Park,8,156,0,1,0
2025-07-09,Changampuzha Park,9,194,0,1,0
2025-07-09,Changampuzha Park,10,177,0,1,0
2025-07-09,Changampuzha Park,11,85,0,0,0
2025-07-09,Changampuzha Park,12,72,0,0,0
2025-07-09,Changampuzha Park,13,80,0,0,0
2025-07-09,Changampuzha Park,14,89,0,0,0
2025-07-09,Changampuzha Park,15,75,0,0,0
2025-07-09,Changampuzha Park,16,79,0,0,0
2025-07-09,Changampuzha Park,17,200,0,0,1
2025-07-09,Changampuzha Park,18,222,0,0,1
2025-07-09,Changampuzha Park,19,171,0,0,1
2025-07-09,Changampuzha Park,20,187,0,0,1
2025-07-09,Changampuzha Park,21,71,0,0,0
2025-07-09,Changampuzha Park,22,70,0,0,0
2025-07-09,Palarivattom,6,83,0,0,0
2025-07-09,Palarivattom,7,81,0,0,0
2025-07-09,Palarivattom,8,179,0,1,0
2025-07-09,Palarivattom,9,175,0,1,0
2025-07-09,Palarivattom,10,204,0,1,0
2025-07-09,Palarivattom,11,67,0,0,0
2025-07-09,Palarivattom,12,91,0,0,0
2025-07-09,Palarivattom,13,76,0,0,0
2025-07-09,Palarivattom,14,88,0,0,0
2025-07-09,Palarivattom,15,73,0,0,0
2025-07-09,Palarivattom,16,71,0,0,0
2025-07-09,Palarivattom,17,197,0,0,1
2025-07-09,Palarivattom,18,201,0,0,1
2025-07-09,Palarivattom,19,184,0,0,1
2025-07-09,Palarivattom,20,219,0,0,1
2025-07-09,Palarivattom,21,73,0,0,0
2025-07-09,Palarivattom,22,79,0,0,0
2025-07-09,JLN Stadium,6,87,0,0,0
2025-07-09,JLN Stadium,7,80,0,0,0
2025-07-09,JLN Stadium,8,197,0,1,0
2025-07-09,JLN Stadium,9,214,0,1,0
2025-07-09,JLN Stadium,10,206,0,1,0
2025-07-09,JLN Stadium,11,91,0,0,0
2025-07-09,JLN Stadium,12,68,0,0,0
2025-07-09,JLN Stadium,13,76,0,0,0
2025-07-09,JLN Stadium,14,95,0,0,0
2025-07-09,JLN Stadium,15,74,0,0,0
2025-07-09,JLN Stadium,16,76,0,0,0
2025-07-09,JLN Stadium,17,195,0,0,1
2025-07-09,JLN Stadium,18,179,0,0,1
2025-07-09,JLN Stadium,19,181,0,0,1
2025-07-09,JLN Stadium,20,174,0,0,1
2025-07-09,JLN Stadium,21,85,0,0,0
2025-07-09,JLN Stadium,22,73,0,0,0
2025-07-09,Kaloor Town Hall,6,75,0,0,0
2025-07-09,Kaloor Town Hall,7,58,0,0,0
2025-07-09,Kaloor Town Hall,8,193,0,1,0
2025-07-09,Kaloor Town Hall,9,215,0,1,0
2025-07-09,Kaloor Town Hall,10,211,0,1,0
2025-07-09,Kaloor Town Hall,11,89,0,0,0
2025-07-09,Kaloor Town Hall,12,77,0,0,0
2025-07-09,Kaloor Town Hall,13,80,0,0,0
2025-07-09,Kaloor Town Hall,14,80,0,0,0
2025-07-09,Kaloor Town Hall,15,65,0,0,0
2025-07-09,Kaloor Town Hall,16,91,0,0,0
2025-07-09,Kaloor Town Hall,17,215,0,0,1
2025-07-09,Kaloor Town Hall,18,202,0,0,1
2025-07-09,Kaloor Town Hall,19,195,0,0,1
2025-07-09,Kaloor Town Hall,20,175,0,0,1
2025-07-09,Kaloor Town Hall,21,89,0,0,0
2025-07-09,Kaloor Town Hall,22,75,0,0,0
2025-07-09,MG Road,6,209,0,0,0
2025-07-09,MG Road,7,210,0,0,0
2025-07-09,MG Road,8,523,0,1,0
2025-07-09,MG Road,9,515,0,1,0
2025-07-09,MG Road,10,501,0,1,0
2025-07-09,MG Road,11,214,0,0,0
2025-07-09,MG Road,12,214,0,0,0
2025-07-09,MG Road,13,196,0,0,0
2025-07-09,MG Road,14,206,0,0,0
2025-07-09,MG Road,15,184,0,0,0
2025-07-09,MG Road,16,203,0,0,0
2025-07-09,MG Road,17,523,0,0,1
2025-07-09,MG Road,18,482,0,0,1
2025-07-09,MG Road,19,495,0,0,1
2025-07-09,MG Road,20,491,0,0,1
2025-07-09,MG Road,21,211,0,0,0
2025-07-09,MG Road,22,173,0,0,0
2025-07-09,Maharaja's College,6,69,0,0,0
2025-07-09,Maharaja's College,7,89,0,0,0
2025-07-09,Maharaja's College,8,191,0,1,0
2025-07-09,Maharaja's College,9,209,0,1,0
2025-07-09,Maharaja's College,10,200,0,1,0
2025-07-09,Maharaja's College,11,90,0,0,0
2025-07-09,Maharaja's College,12,89,0,0,0
2025-07-09,Maharaja's College,13,72,0,0,0
2025-07-09,Maharaja's College,14,66,0,0,0
2025-07-09,Maharaja's College,15,68,0,0,0
2025-07-09,Maharaja's College,16,87,0,0,0
2025-07-09,Maharaja's College,17,188,0,0,1
2025-07-09,Maharaja's College,18,198,0,0,1
2025-07-09,Maharaja's College,19,174,0,0,1
2025-07-09,Maharaja's College,20,187,0,0,1
2025-07-09,Maharaja's College,21,66,0,0,0
2025-07-09,Maharaja's College,22,85,0,0,0
2025-07-09,Ernakulam South,6,221,0,0,0
2025-07-09,Ernakulam South,7,204,0,0,0
2025-07-09,Ernakulam South,8,501,0,1,0
2025-07-09,Ernakulam South,9,480,0,1,0
2025-07-09,Ernakulam South,10,478,0,1,0
2025-07-09,Ernakulam South,11,192,0,0,0
2025-07-09,Ernakulam South,12,202,0,0,0
2025-07-09,Ernakulam South,13,198,0,0,0
2025-07-09,Ernakulam South,14,223,0,0,0
2025-07-09,Ernakulam South,15,186,0,0,0
2025-07-09,Ernakulam South,16,196,0,0,0
2025-07-09,Ernakulam South,17,537,0,0,1
2025-07-09,Ernakulam South,18,525,0,0,1
2025-07-09,Ernakulam South,19,482,0,0,1
2025-07-09,Ernakulam South,20,494,0,0,1
2025-07-09,Ernakulam South,21,199,0,0,0
2025-07-09,Ernakulam South,22,162,0,0,0
2025-07-09,Kadavanthra,6,68,0,0,0
2025-07-09,Kadavanthra,7,72,0,0,0
2025-07-09,Kadavanthra,8,212,0,1,0
2025-07-09,Kadavanthra,9,228,0,1,0
2025-07-09,Kadavanthra,10,191,0,1,0
2025-07-09,Kadavanthra,11,77,0,0,0
2025-07-09,Kadavanthra,12,70,0,0,0
2025-07-09,Kadavanthra,13,85,0,0,0
2025-07-09,Kadavanthra,14,88,0,0,0
2025-07-09,Kadavanthra,15,89,0,0,0
2025-07-09,Kadavanthra,16,69,0,0,0
2025-07-09,Kadavanthra,17,188,0,0,1
2025-07-09,Kadavanthra,18,174,0,0,1
2025-07-09,Kadavanthra,19,198,0,0,1
2025-07-09,Kadavanthra,20,202,0,0,1
2025-07-09,Kadavanthra,21,74,0,0,0
2025-07-09,Kadavanthra,22,78,0,0,0
2025-07-09,Elamkulam,6,95,0,0,0
2025-07-09,Elamkulam,7,92,0,0,0
2025-07-09,Elamkulam,8,181,0,1,0
2025-07-09,Elamkulam,9,188,0,1,0
2025-07-09,Elamkulam,10,213,0,1,0
2025-07-09,Elamkulam,11,61,0,0,0
2025-07-09,Elamkulam,12,81,0,0,0
2025-07-09,Elamkulam,13,83,0,0,0
2025-07-09,Elamkulam,14,84,0,0,0
2025-07-09,Elamkulam,15,87,0,0,0
2025-07-09,Elamkulam,16,69,0,0,0
2025-07-09,Elamkulam,17,187,0,0,1
2025-07-09,Elamkulam,18,236,0,0,1
2025-07-09,Elamkulam,19,184,0,0,1
2025-07-09,Elamkulam,20,206,0,0,1
2025-07-09,Elamkulam,21,84,0,0,0
2025-07-09,Elamkulam,22,76,0,0,0
2025-07-09,Vyttila,6,70,0,0,0
2025-07-09,Vyttila,7,87,0,0,0
2025-07-09,Vyttila,8,204,0,1,0
2025-07-09,Vyttila,9,191,0,1,0
2025-07-09,Vyttila,10,201,0,1,0
2025-07-09,Vyttila,11,73,0,0,0
2025-07-09,Vyttila,12,81,0,0,0
2025-07-09,Vyttila,13,86,0,0,0
2025-07-09,Vyttila,14,76,0,0,0
2025-07-09,Vyttila,15,83,0,0,0
2025-07-09,Vyttila,16,88,0,0,0
2025-07-09,Vyttila,17,196,0,0,1
2025-07-09,Vyttila,18,197,0,0,1
2025-07-09,Vyttila,19,228,0,0,1
2025-07-09,Vyttila,20,182,0,0,1
2025-07-09,Vyttila,21,91,0,0,0
2025-07-09,Vyttila,22,74,0,0,0
2025-07-09,Thaikoodam,6,79,0,0,0
2025-07-09,Thaikoodam,7,76,0,0,0
2025-07-09,Thaikoodam,8,203,0,1,0
2025-07-09,Thaikoodam,9,209,0,1,0
2025-07-09,Thaikoodam,10,194,0,1,0
2025-07-09,Thaikoodam,11,90,0,0,0
2025-07-09,Thaikoodam,12,93,0,0,0
2025-07-09,Thaikoodam,13,90,0,0,0
2025-07-09,Thaikoodam,14,94,0,0,0
2025-07-09,Thaikoodam,15,73,0,0,0
2025-07-09,Thaikoodam,16,73,0,0,0
2025-07-09,Thaikoodam,17,202,0,0,1
2025-07-09,Thaikoodam,18,194,0,0,1
2025-07-09,Thaikoodam,19,187,0,0,1
2025-07-09,Thaikoodam,20,194,0,0,1
2025-07-09,Thaikoodam,21,84,0,0,0
2025-07-09,Thaikoodam,22,81,0,0,0
2025-07-09,Petta,6,71,0,0,0
2025-07-09,Petta,7,82,0,0,0
2025-07-09,Petta,8,211,0,1,0
2025-07-09,Petta,9,213,0,1,0
2025-07-09,Petta,10,193,0,1,0
2025-07-09,Petta,11,82,0,0,0
2025-07-09,Petta,12,62,0,0,0
2025-07-09,Petta,13,74,0,0,0
2025-07-09,Petta,14,83,0,0,0
2025-07-09,Petta,15,79,0,0,0
2025-07-09,Petta,16,75,0,0,0
2025-07-09,Petta,17,193,0,0,1
2025-07-09,Petta,18,182,0,0,1
2025-07-09,Petta,19,190,0,0,1
2025-07-09,Petta,20,193,0,0,1
2025-07-09,Petta,21,98,0,0,0
2025-07-09,Petta,22,79,0,0,0
2025-07-09,Vadakkekotta,6,79,0,0,0
2025-07-09,Vadakkekotta,7,72,0,0,0
2025-07-09,Vadakkekotta,8,203,0,1,0
2025-07-09,Vadakkekotta,9,211,0,1,0
2025-07-09,Vadakkekotta,10,185,0,1,0
2025-07-09,Vadakkekotta,11,84,0,0,0
2025-07-09,Vadakkekotta,12,101,0,0,0
2025-07-09,Vadakkekotta,13,80,0,0,0
2025-07-09,Vadakkekotta,14,82,0,0,0
2025-07-09,Vadakkekotta,15,82,0,0,0
2025-07-09,Vadakkekotta,16,68,0,0,0
2025-07-09,Vadakkekotta,17,204,0,0,1
2025-07-09,Vadakkekotta,18,183,0,0,1
2025-07-09,Vadakkekotta,19,174,0,0,1
2025-07-09,Vadakkekotta,20,203,0,0,1
2025-07-09,Vadakkekotta,21,83,0,0,0
2025-07-09,Vadakkekotta,22,73,0,0,0
2025-07-09,SN Junction,6,72,0,0,0
2025-07-09,SN Junction,7,87,0,0,0
2025-07-09,SN Junction,8,191,0,1,0
2025-07-09,SN Junction,9,194,0,1,0
2025-07-09,SN Junction,10,194,0,1,0
2025-07-09,SN Junction,11,63,0,0,0
2025-07-09,SN Junction,12,71,0,0,0
2025-07-09,SN Junction,13,81,0,0,0
2025-07-09,SN Junction,14,88,0,0,0
2025-07-09,SN Junction,15,77,0,0,0
2025-07-09,SN Junction,16,90,0,0,0
2025-07-09,SN Junction,17,206,0,0,1
2025-07-09,SN Junction,18,226,0,0,1
2025-07-09,SN Junction,19,221,0,0,1
2025-07-09,SN Junction,20,198,0,0,1
2025-07-09,SN Junction,21,90,0,0,0
2025-07-09,SN Junction,22,93,0,0,0
2025-07-09,Tripunithura Terminal,6,77,0,0,0
2025-07-09,Tripunithura Terminal,7,92,0,0,0
2025-07-09,Tripunithura Terminal,8,199,0,1,0
2025-07-09,Tripunithura Terminal,9,204,0,1,0
2025-07-09,Tripunithura Terminal,10,183,0,1,0
2025-07-09,Tripunithura Terminal,11,83,0,0,0
2025-07-09,Tripunithura Terminal,12,80,0,0,0
2025-07-09,Tripunithura Terminal,13,76,0,0,0
2025-07-09,Tripunithura Terminal,14,76,0,0,0
2025-07-09,Tripunithura Terminal,15,65,0,0,0
2025-07-09,Tripunithura Terminal,16,66,0,0,0
2025-07-09,Tripunithura Terminal,17,184,0,0,1
2025-07-09,Tripunithura Terminal,18,198,0,0,1
2025-07-09,Tripunithura Terminal,19,188,0,0,1
2025-07-09,Tripunithura Terminal,20,187,0,0,1
2025-07-09,Tripunithura Terminal,21,88,0,0,0
2025-07-09,Tripunithura Terminal,22,70,0,0,0
2025-07-16,Aluva,6,196,0,0,0
2025-07-16,Aluva,7,182,0,0,0
2025-07-16,Aluva,8,490,0,1,0
2025-07-16,Aluva,9,508,0,1,0
2025-07-16,Aluva,10,506,0,1,0
2025-07-16,Aluva,11,202,0,0,0
2025-07-16,Aluva,12,214,0,0,0
2025-07-16,Aluva,13,187,0,0,0
2025-07-16,Aluva,14,213,0,0,0
2025-07-16,Aluva,15,201,0,0,0
2025-07-16,Aluva,16,191,0,0,0
2025-07-16,Aluva,17,552,0,0,1
2025-07-16,Aluva,18,476,0,0,1
2025-07-16,Aluva,19,481,0,0,1
2025-07-16,Aluva,20,466,0,0,1
2025-07-16,Aluva,21,193,0,0,0
2025-07-16,Aluva,22,194,0,0,0
2025-07-16,Pulinchodu,6,77,0,0,0
2025-07-16,Pulinchodu,7,64,0,0,0
2025-07-16,Pulinchodu,8,200,0,1,0
2025-07-16,Pulinchodu,9,215,0,1,0
2025-07-16,Pulinchodu,10,209,0,1,0
2025-07-16,Pulinchodu,11,79,0,0,0
2025-07-16,Pulinchodu,12,61,0,0,0
2025-07-16,Pulinchodu,13,71,0,0,0
2025-07-16,Pulinchodu,14,62,0,0,0
2025-07-16,Pulinchodu,15,65,0,0,0
2025-07-16,Pulinchodu,16,97,0,0,0
2025-07-16,Pulinchodu,17,201,0,0,1
2025-07-16,Pulinchodu,18,183,0,0,1
2025-07-16,Pulinchodu,19,213,0,0,1
2025-07-16,Pulinchodu,20,178,0,0,1
2025-07-16,Pulinchodu,21,75,0,0,0
2025-07-16,Pulinchodu,22,108,0,0,0
2025-07-16,Companypady,6,84,0,0,0
2025-07-16,Companypady,7,60,0,0,0
2025-07-16,Companypady,8,204,0,1,0
2025-07-16,Companypady,9,190,0,1,0
2025-07-16,Companypady,10,217,0,1,0
2025-07-16,Companypady,11,90,0,0,0
2025-07-16,Companypady,12,77,0,0,0
2025-07-16,Companypady,13,83,0,0,0
2025-07-16,Companypady,14,89,0,0,0
2025-07-16,Companypady,15,85,0,0,0
2025-07-16,Companypady,16,74,0,0,0
2025-07-16,Companypady,17,197,0,0,1
2025-07-16,Companypady,18,177,0,0,1
2025-07-16,Companypady,19,209,0,0,1
2025-07-16,Companypady,20,173,0,0,1
2025-07-16,Companypady,21,93,0,0,0
2025-07-16,Companypady,22,76,0,0,0
2025-07-16,Ambattukavu,6,75,0,0,0
2025-07-16,Ambattukavu,7,79,0,0,0
2025-07-16,Ambattukavu,8,214,0,1,0
2025-07-16,Ambattukavu,9,201,0,1,0
2025-07-16,Ambattukavu,10,189,0,1,0
2025-07-16,Ambattukavu,11,79,0,0,0
2025-07-16,Ambattukavu,12,75,0,0,0
2025-07-16,Ambattukavu,13,80,0,0,0
2025-07-16,Ambattukavu,14,73,0,0,0
2025-07-16,Ambattukavu,15,88,0,0,0
2025-07-16,Ambattukavu,16,80,0,0,0
2025-07-16,Ambattukavu,17,212,0,0,1
2025-07-16,Ambattukavu,18,182,0,0,1
2025-07-16,Ambattukavu,19,194,0,0,1
2025-07-16,Ambattukavu,20,202,0,0,1
2025-07-16,Ambattukavu,21,79,0,0,0
2025-07-16,Ambattukavu,22,90,0,0,0
2025-07-16,Muttom,6,69,0,0,0
2025-07-16,Muttom,7,82,0,0,0
2025-07-16,Muttom,8,184,0,1,0
2025-07-16,Muttom,9,197,0,1,0
2025-07-16,Muttom,10,184,0,1,0
2025-07-16,Muttom,11,77,0,0,0
2025-07-16,Muttom,12,72,0,0,0
2025-07-16,Muttom,13,82,0,0,0
2025-07-16,Muttom,14,73,0,0,0
2025-07-16,Muttom,15,87,0,0,0
2025-07-16,Muttom,16,76,0,0,0
2025-07-16,Muttom,17,198,0,0,1
2025-07-16,Muttom,18,183,0,0,1
2025-07-16,Muttom,19,197,0,0,1
2025-07-16,Muttom,20,193,0,0,1
2025-07-16,Muttom,21,82,0,0,0
2025-07-16,Muttom,22,74,0,0,0
2025-07-16,Kalamassery,6,207,0,0,0
2025-07-16,Kalamassery,7,225,0,0,0
2025-07-16,Kalamassery,8,489,0,1,0
2025-07-16,Kalamassery,9,483,0,1,0
2025-07-16,Kalamassery,10,490,0,1,0
2025-07-16,Kalamassery,11,183,0,0,0
2025-07-16,Kalamassery,12,193,0,0,0
2025-07-16,Kalamassery,13,174,0,0,0
2025-07-16,Kalamassery,14,180,0,0,0
2025-07-16,Kalamassery,15,185,0,0,0
2025-07-16,Kalamassery,16,197,0,0,0
2025-07-16,Kalamassery,17,480,0,0,1
2025-07-16,Kalamassery,18,475,0,0,1
2025-07-16,Kalamassery,19,534,0,0,1
2025-07-16,Kalamassery,20,512,0,0,1
2025-07-16,Kalamassery,21,194,0,0,0
2025-07-16,Kalamassery,22,201,0,0,0
2025-07-16,CUSAT,6,73,0,0,0
2025-07-16,CUSAT,7,84,0,0,0
2025-07-16,CUSAT,8,181,0,1,0
2025-07-16,CUSAT,9,183,0,1,0
2025-07-16,CUSAT,10,221,0,1,0
2025-07-16,CUSAT,11,70,0,0,0
2025-07-16,CUSAT,12,71,0,0,0
2025-07-16,CUSAT,13,78,0,0,0
2025-07-16,CUSAT,14,95,0,0,0
2025-07-16,CUSAT,15,91,0,0,0
2025-07-16,CUSAT,16,79,0,0,0
2025-07-16,CUSAT,17,195,0,0,1
2025-07-16,CUSAT,18,190,0,0,1
2025-07-16,CUSAT,19,197,0,0,1
2025-07-16,CUSAT,20,209,0,0,1
2025-07-16,CUSAT,21,83,0,0,0
2025-07-16,CUSAT,22,87,0,0,0
2025-07-16,Pathadipalam,6,90,0,0,0
2025-07-16,Pathadipalam,7,77,0,0,0
2025-07-16,Pathadipalam,8,219,0,1,0
2025-07-16,Pathadipalam,9,205,0,1,0
2025-07-16,Pathadipalam,10,211,0,1,0
2025-07-16,Pathadipalam,11,79,0,0,0
2025-07-16,Pathadipalam,12,96,0,0,0
2025-07-16,Pathadipalam,13,73,0,0,0
2025-07-16,Pathadipalam,14,86,0,0,0
2025-07-16,Pathadipalam,15,78,0,0,0
2025-07-16,Pathadipalam,16,79,0,0,0
2025-07-16,Pathadipalam,17,194,0,0,1
2025-07-16,Pathadipalam,18,194,0,0,1
2025-07-16,Pathadipalam,19,199,0,0,1
2025-07-16,Pathadipalam,20,197,0,0,1
2025-07-16,Pathadipalam,21,75,0,0,0
2025-07-16,Pathadipalam,22,58,0,0,0
2025-07-16,Edappally,6,211,0,0,0
2025-07-16,Edappally,7,194,0,0,0
2025-07-16,Edappally,8,467,0,1,0
2025-07-16,Edappally,9,504,0,1,0
2025-07-16,Edappally,10,413,0,1,0
2025-07-16,Edappally,11,203,0,0,0
2025-07-16,Edappally,12,193,0,0,0
2025-07-16,Edappally,13,196,0,0,0
2025-07-16,Edappally,14,228,0,0,0
2025-07-16,Edappally,15,210,0,0,0
2025-07-16,Edappally,16,217,0,0,0
2025-07-16,Edappally,17,476,0,0,1
2025-07-16,Edappally,18,524,0,0,1
2025-07-16,Edappally,19,518,0,0,1
2025-07-16,Edappally,20,534,0,0,1
2025-07-16,Edappally,21,175,0,0,0
2025-07-16,Edappally,22,215,0,0,0
2025-07-16,Changampuzha Park,6,85,0,0,0
2025-07-16,Changampuzha Park,7,90,0,0,0
2025-07-16,Changampuzha Park,8,221,0,1,0
2025-07-16,Changampuzha Park,9,216,0,1,0
2025-07-16,Changampuzha Park,10,188,0,1,0
2025-07-16,Changampuzha Park,11,68,0,0,0
2025-07-16,Changampuzha Park,12,70,0,0,0
2025-07-16,Changampuzha Park,13,75,0,0,0
2025-07-16,Changampuzha Park,14,91,0,0,0
2025-07-16,Changampuzha Park,15,81,0,0,0
2025-07-16,Changampuzha Park,16,76,0,0,0
2025-07-16,Changampuzha Park,17,215,0,0,1
2025-07-16,Changampuzha Park,18,181,0,0,1
2025-07-16,Changampuzha Park,19,211,0,0,1
2025-07-16,Changampuzha Park,20,194,0,0,1
2025-07-16,Changampuzha Park,21,85,0,0,0
2025-07-16,Changampuzha Park,22,79,0,0,0
2025-07-16,Palarivattom,6,73,0,0,0
2025-07-16,Palarivattom,7,78,0,0,0
2025-07-16,Palarivattom,8,213,0,1,0
2025-07-16,Palarivattom,9,202,0,1,0
2025-07-16,Palarivattom,10,192,0,1,0
2025-07-16,Palarivattom,11,102,0,0,0
2025-07-16,Palarivattom,12,94,0,0,0
2025-07-16,Palarivattom,13,59,0,0,0
2025-07-16,Palarivattom,14,67,0,0,0
2025-07-16,Palarivattom,15,84,0,0,0
2025-07-16,Palarivattom,16,81,0,0,0
2025-07-16,Palarivattom,17,198,0,0,1
2025-07-16,Palarivattom,18,200,0,0,1
2025-07-16,Palarivattom,19,224,0,0,1
2025-07-16,Palarivattom,20,197,0,0,1
2025-07-16,Palarivattom,21,70,0,0,0
2025-07-16,Palarivattom,22,97,0,0,0
2025-07-16,JLN Stadium,6,91,0,0,0
2025-07-16,JLN Stadium,7,67,0,0,0
2025-07-16,JLN Stadium,8,209,0,1,0
2025-07-16,JLN Stadium,9,239,0,1,0
2025-07-16,JLN Stadium,10,211,0,1,0
2025-07-16,JLN Stadium,11,87,0,0,0
2025-07-16,JLN Stadium,12,81,0,0,0
2025-07-16,JLN Stadium,13,72,0,0,0
2025-07-16,JLN Stadium,14,80,0,0,0
2025-07-16,JLN Stadium,15,93,0,0,0
2025-07-16,JLN Stadium,16,76,0,0,0
2025-07-16,JLN Stadium,17,198,0,0,1
2025-07-16,JLN Stadium,18,200,0,0,1
2025-07-16,JLN Stadium,19,206,0,0,1
2025-07-16,JLN Stadium,20,184,0,0,1
2025-07-16,JLN Stadium,21,90,0,0,0
2025-07-16,JLN Stadium,22,75,0,0,0
2025-07-16,Kaloor Town Hall,6,85,0,0,0
2025-07-16,Kaloor Town Hall,7,75,0,0,0
2025-07-16,Kaloor Town Hall,8,198,0,1,0
2025-07-16,Kaloor Town Hall,9,184,0,1,0
2025-07-16,Kaloor Town Hall,10,220,0,1,0
2025-07-16,Kaloor Town Hall,11,65,0,0,0
2025-07-16,Kaloor Town Hall,12,70,0,0,0
2025-07-16,Kaloor Town Hall,13,80,0,0,0
2025-07-16,Kaloor Town Hall,14,89,0,0,0
2025-07-16,Kaloor Town Hall,15,84,0,0,0
2025-07-16,Kaloor Town Hall,16,63,0,0,0
2025-07-16,Kaloor Town Hall,17,234,0,0,1
2025-07-16,Kaloor Town Hall,18,174,0,0,1
2025-07-16,Kaloor Town Hall,19,199,0,0,1
2025-07-16,Kaloor Town Hall,20,198,0,0,1
2025-07-16,Kaloor Town Hall,21,71,0,0,0
2025-07-16,Kaloor Town Hall,22,66,0,0,0
2025-07-16,MG Road,6,192,0,0,0
2025-07-16,MG Road,7,217,0,0,0
2025-07-16,MG Road,8,460,0,1,0
2025-07-16,MG Road,9,505,0,1,0
2025-07-16,MG Road,10,505,0,1,0
2025-07-16,MG Road,11,180,0,0,0
2025-07-16,MG Road,12,183,0,0,0
2025-07-16,MG Road,13,198,0,0,0
2025-07-16,MG Road,14,206,0,0,0
2025-07-16,MG Road,15,178,0,0,0
2025-07-16,MG Road,16,210,0,0,0
2025-07-16,MG Road,17,533,0,0,1
2025-07-16,MG Road,18,489,0,0,1
2025-07-16,MG Road,19,496,0,0,1
2025-07-16,MG Road,20,497,0,0,1
2025-07-16,MG Road,21,206,0,0,0
2025-07-16,MG Road,22,229,0,0,0
2025-07-16,Maharaja's College,6,80,0,0,0
2025-07-16,Maharaja's College,7,93,0,0,0
2025-07-16,Maharaja's College,8,227,0,1,0
2025-07-16,Maharaja's College,9,192,0,1,0
2025-07-16,Maharaja's College,10,202,0,1,0
2025-07-16,Maharaja's College,11,83,0,0,0
2025-07-16,Maharaja's College,12,95,0,0,0
2025-07-16,Maharaja's College,13,73,0,0,0
2025-07-16,Maharaja's College,14,91,0,0,0
2025-07-16,Maharaja's College,15,72,0,0,0
2025-07-16,Maharaja's College,16,77,0,0,0
2025-07-16,Maharaja's College,17,203,0,0,1
2025-07-16,Maharaja's College,18,202,0,0,1
2025-07-16,Maharaja's College,19,196,0,0,1
2025-07-16,Maharaja's College,20,177,0,0,1
2025-07-16,Maharaja's College,21,79,0,0,0
2025-07-16,Maharaja's College,22,91,0,0,0
2025-07-16,Ernakulam South,6,178,0,0,0
2025-07-16,Ernakulam South,7,196,0,0,0
2025-07-16,Ernakulam South,8,475,0,1,0
2025-07-16,Ernakulam South,9,499,0,1,0
2025-07-16,Ernakulam South,10,522,0,1,0
2025-07-16,Ernakulam South,11,182,0,0,0
2025-07-16,Ernakulam South,12,193,0,0,0
2025-07-16,Ernakulam South,13,204,0,0,0
2025-07-16,Ernakulam South,14,183,0,0,0
2025-07-16,Ernakulam South,15,215,0,0,0
2025-07-16,Ernakulam South,16,191,0,0,0
2025-07-16,Ernakulam South,17,494,0,0,1
2025-07-16,Ernakulam South,18,475,0,0,1
2025-07-16,Ernakulam South,19,515,0,0,1
2025-07-16,Ernakulam South,20,527,0,0,1
2025-07-16,Ernakulam South,21,189,0,0,0
2025-07-16,Ernakulam South,22,199,0,0,0
2025-07-16,Kadavanthra,6,81,0,0,0
2025-07-16,Kadavanthra,7,85,0,0,0
2025-07-16,Kadavanthra,8,207,0,1,0
2025-07-16,Kadavanthra,9,197,0,1,0
2025-07-16,Kadavanthra,10,202,0,1,0
2025-07-16,Kadavanthra,11,86,0,0,0
2025-07-16,Kadavanthra,12,86,0,0,0
2025-07-16,Kadavanthra,13,79,0,0,0
2025-07-16,Kadavanthra,14,90,0,0,0
2025-07-16,Kadavanthra,15,81,0,0,0
2025-07-16,Kadavanthra,16,98,0,0,0
2025-07-16,Kadavanthra,17,226,0,0,1
2025-07-16,Kadavanthra,18,196,0,0,1
2025-07-16,Kadavanthra,19,188,0,0,1
2025-07-16,Kadavanthra,20,185,0,0,1
2025-07-16,Kadavanthra,21,75,0,0,0
2025-07-16,Kadavanthra,22,74,0,0,0
2025-07-16,Elamkulam,6,82,0,0,0
2025-07-16,Elamkulam,7,70,0,0,0
2025-07-16,Elamkulam,8,168,0,1,0
2025-07-16,Elamkulam,9,201,0,1,0
2025-07-16,Elamkulam,10,215,0,1,0
2025-07-16,Elamkulam,11,79,0,0,0
2025-07-16,Elamkulam,12,76,0,0,0
2025-07-16,Elamkulam,13,90,0,0,0
2025-07-16,Elamkulam,14,80,0,0,0
2025-07-16,Elamkulam,15,75,0,0,0
2025-07-16,Elamkulam,16,66,0,0,0
2025-07-16,Elamkulam,17,196,0,0,1
2025-07-16,Elamkulam,18,216,0,0,1
2025-07-16,Elamkulam,19,186,0,0,1
2025-07-16,Elamkulam,20,220,0,0,1
2025-07-16,Elamkulam,21,68,0,0,0
2025-07-16,Elamkulam,22,100,0,0,0
2025-07-16,Vyttila,6,81,0,0,0
2025-07-16,Vyttila,7,66,0,0,0
2025-07-16,Vyttila,8,189,0,1,0
2025-07-16,Vyttila,9,186,0,1,0
2025-07-16,Vyttila,10,219,0,1,0
2025-07-16,Vyttila,11,86,0,0,0
2025-07-16,Vyttila,12,73,0,0,0
2025-07-16,Vyttila,13,84,0,0,0
2025-07-16,Vyttila,14,93,0,0,0
2025-07-16,Vyttila,15,75,0,0,0
2025-07-16,Vyttila,16,86,0,0,0
2025-07-16,Vyttila,17,216,0,0,1
2025-07-16,Vyttila,18,201,0,0,1
2025-07-16,Vyttila,19,215,0,0,1
2025-07-16,Vyttila,20,204,0,0,1
2025-07-16,Vyttila,21,69,0,0,0
2025-07-16,Vyttila,22,86,0,0,0
2025-07-16,Thaikoodam,6,69,0,0,0
2025-07-16,Thaikoodam,7,74,0,0,0
2025-07-16,Thaikoodam,8,212,0,1,0
2025-07-16,Thaikoodam,9,201,0,1,0
2025-07-16,Thaikoodam,10,183,0,1,0
2025-07-16,Thaikoodam,11,76,0,0,0
2025-07-16,Thaikoodam,12,72,0,0,0
2025-07-16,Thaikoodam,13,61,0,0,0
2025-07-16,Thaikoodam,14,81,0,0,0
2025-07-16,Thaikoodam,15,71,0,0,0
2025-07-16,Thaikoodam,16,74,0,0,0
2025-07-16,Thaikoodam,17,202,0,0,1
2025-07-16,Thaikoodam,18,220,0,0,1
2025-07-16,Thaikoodam,19,201,0,0,1
2025-07-16,Thaikoodam,20,191,0,0,1
2025-07-16,Thaikoodam,21,87,0,0,0
2025-07-16,Thaikoodam,22,71,0,0,0
2025-07-16,Petta,6,70,0,0,0
2025-07-16,Petta,7,86,0,0,0
2025-07-16,Petta,8,199,0,1,0
2025-07-16,Petta,9,196,0,1,0
2025-07-16,Petta,10,221,0,1,0
2025-07-16,Petta,11,75,0,0,0
2025-07-16,Petta,12,79,0,0,0
2025-07-16,Petta,13,75,0,0,0
2025-07-16,Petta,14,97,0,0,0
2025-07-16,Petta,15,81,0,0,0
2025-07-16,Petta,16,73,0,0,0
2025-07-16,Petta,17,187,0,0,1
2025-07-16,Petta,18,192,0,0,1
2025-07-16,Petta,19,201,0,0,1
2025-07-16,Petta,20,219,0,0,1
2025-07-16,Petta,21,87,0,0,0
2025-07-16,Petta,22,73,0,0,0
2025-07-16,Vadakkekotta,6,101,0,0,0
2025-07-16,Vadakkekotta,7,76,0,0,0
2025-07-16,Vadakkekotta,8,200,0,1,0
2025-07-16,Vadakkekotta,9,185,0,1,0
2025-07-16,Vadakkekotta,10,173,0,1,0
2025-07-16,Vadakkekotta,11,96,0,0,0
2025-07-16,Vadakkekotta,12,81,0,0,0
2025-07-16,Vadakkekotta,13,100,0,0,0
2025-07-16,Vadakkekotta,14,88,0,0,0
2025-07-16,Vadakkekotta,15,79,0,0,0
2025-07-16,Vadakkekotta,16,89,0,0,0
2025-07-16,Vadakkekotta,17,184,0,0,1
2025-07-16,Vadakkekotta,18,171,0,0,1
2025-07-16,Vadakkekotta,19,226,0,0,1
2025-07-16,Vadakkekotta,20,195,0,0,1
2025-07-16,Vadakkekotta,21,86,0,0,0
2025-07-16,Vadakkekotta,22,72,0,0,0
2025-07-16,SN Junction,6,73,0,0,0
2025-07-16,SN Junction,7,75,0,0,0
2025-07-16,SN Junction,8,199,0,1,0
2025-07-16,SN Junction,9,194,0,1,0
2025-07-16,SN Junction,10,224,0,1,0
2025-07-16,SN Junction,11,77,0,0,0
2025-07-16,SN Junction,12,83,0,0,0
2025-07-16,SN Junction,13,75,0,0,0
2025-07-16,SN Junction,14,82,0,0,0
2025-07-16,SN Junction,15,78,0,0,0
2025-07-16,SN Junction,16,80,0,0,0
2025-07-16,SN Junction,17,215,0,0,1
2025-07-16,SN Junction,18,197,0,0,1
2025-07-16,SN Junction,19,213,0,0,1
2025-07-16,SN Junction,20,183,0,0,1
2025-07-16,SN Junction,21,91,0,0,0
2025-07-16,SN Junction,22,79,0,0,0
2025-07-16,Tripunithura Terminal,6,63,0,0,0
2025-07-16,Tripunithura Terminal,7,95,0,0,0
2025-07-16,Tripunithura Terminal,8,194,0,1,0
2025-07-16,Tripunithura Terminal,9,204,0,1,0
2025-07-16,Tripunithura Terminal,10,188,0,1,0
2025-07-16,Tripunithura Terminal,11,82,0,0,0
2025-07-16,Tripunithura Terminal,12,78,0,0,0
2025-07-16,Tripunithura Terminal,13,76,0,0,0
2025-07-16,Tripunithura Terminal,14,95,0,0,0
2025-07-16,Tripunithura Terminal,15,83,0,0,0
2025-07-16,Tripunithura Terminal,16,85,0,0,0
2025-07-16,Tripunithura Terminal,17,205,0,0,1
2025-07-16,Tripunithura Terminal,18,178,0,0,1
2025-07-16,Tripunithura Terminal,19,188,0,0,1
2025-07-16,Tripunithura Terminal,20,187,0,0,1
2025-07-16,Tripunithura Terminal,21,86,0,0,0
2025-07-16,Tripunithura Terminal,22,70,0,0,0
2025-07-23,Aluva,6,195,0,0,0
2025-07-23,Aluva,7,205,0,0,0
2025-07-23,Aluva,8,486,0,1,0
2025-07-23,Aluva,9,509,0,1,0
2025-07-23,Aluva,10,502,0,1,0
2025-07-23,Aluva,11,195,0,0,0
2025-07-23,Aluva,12,191,0,0,0
2025-07-23,Aluva,13,210,0,0,0
2025-07-23,Aluva,14,211,0,0,0
2025-07-23,Aluva,15,193,0,0,0
2025-07-23,Aluva,16,190,0,0,0
2025-07-23,Aluva,17,491,0,0,1
2025-07-23,Aluva,18,515,0,0,1
2025-07-23,Aluva,19,474,0,0,1
2025-07-23,Aluva,20,489,0,0,1
2025-07-23,Aluva,21,192,0,0,0
2025-07-23,Aluva,22,225,0,0,0
2025-07-23,Pulinchodu,6,77,0,0,0
2025-07-23,Pulinchodu,7,69,0,0,0
2025-07-23,Pulinchodu,8,183,0,1,0
2025-07-23,Pulinchodu,9,202,0,1,0
2025-07-23,Pulinchodu,10,190,0,1,0
2025-07-23,Pulinchodu,11,78,0,0,0
2025-07-23,Pulinchodu,12,70,0,0,0
2025-07-23,Pulinchodu,13,76,0,0,0
2025-07-23,Pulinchodu,14,91,0,0,0
2025-07-23,Pulinchodu,15,74,0,0,0
2025-07-23,Pulinchodu,16,100,0,0,0
2025-07-23,Pulinchodu,17,218,0,0,1
2025-07-23,Pulinchodu,18,208,0,0,1
2025-07-23,Pulinchodu,19,216,0,0,1
2025-07-23,Pulinchodu,20,198,0,0,1
2025-07-23,Pulinchodu,21,78,0,0,0
2025-07-23,Pulinchodu,22,75,0,0,0
2025-07-23,Companypady,6,65,0,0,0
2025-07-23,Companypady,7,91,0,0,0
2025-07-23,Companypady,8,165,0,1,0
2025-07-23,Companypady,9,205,0,1,0
2025-07-23,Companypady,10,206,0,1,0
2025-07-23,Companypady,11,85,0,0,0
2025-07-23,Companypady,12,73,0,0,0
2025-07-23,Companypady,13,79,0,0,0
2025-07-23,Companypady,14,79,0,0,0
2025-07-23,Companypady,15,77,0,0,0
2025-07-23,Companypady,16,73,0,0,0
2025-07-23,Companypady,17,201,0,0,1
2025-07-23,Companypady,18,207,0,0,1
2025-07-23,Companypady,19,218,0,0,1
2025-07-23,Companypady,20,170,0,0,1
2025-07-23,Companypady,21,94,0,0,0
2025-07-23,Companypady,22,82,0,0,0
2025-07-23,Ambattukavu,6,82,0,0,0
2025-07-23,Ambattukavu,7,76,0,0,0
2025-07-23,Ambattukavu,8,207,0,1,0
2025-07-23,Ambattukavu,9,199,0,1,0
2025-07-23,Ambattukavu,10,199,0,1,0
2025-07-23,Ambattukavu,11,106,0,0,0
2025-07-23,Ambattukavu,12,86,0,0,0
2025-07-23,Ambattukavu,13,73,0,0,0
2025-07-23,Ambattukavu,14,77,0,0,0
2025-07-23,Ambattukavu,15,79,0,0,0
2025-07-23,Ambattukavu,16,78,0,0,0
2025-07-23,Ambattukavu,17,185,0,0,1
2025-07-23,Ambattukavu,18,220,0,0,1
2025-07-23,Ambattukavu,19,239,0,0,1
2025-07-23,Ambattukavu,20,167,0,0,1
2025-07-23,Ambattukavu,21,78,0,0,0
2025-07-23,Ambattukavu,22,90,0,0,0
2025-07-23,Muttom,6,72,0,0,0
2025-07-23,Muttom,7,72,0,0,0
2025-07-23,Muttom,8,206,0,1,0
2025-07-23,Muttom,9,227,0,1,0
2025-07-23,Muttom,10,198,0,1,0
2025-07-23,Muttom,11,74,0,0,0
2025-07-23,Muttom,12,86,0,0,0
2025-07-23,Muttom,13,73,0,0,0
2025-07-23,Muttom,14,83,0,0,0
2025-07-23,Muttom,15,89,0,0,0
2025-07-23,Muttom,16,81,0,0,0
2025-07-23,Muttom,17,201,0,0,1
2025-07-23,Muttom,18,207,0,0,1
2025-07-23,Muttom,19,191,0,0,1
2025-07-23,Muttom,20,204,0,0,1
2025-07-23,Muttom,21,103,0,0,0
2025-07-23,Muttom,22,72,0,0,0
2025-07-23,Kalamassery,6,204,0,0,0
2025-07-23,Kalamassery,7,191,0,0,0
2025-07-23,Kalamassery,8,477,0,1,0
2025-07-23,Kalamassery,9,479,0,1,0
2025-07-23,Kalamassery,10,479,0,1,0
2025-07-23,Kalamassery,11,189,0,0,0
2025-07-23,Kalamassery,12,214,0,0,0
2025-07-23,Kalamassery,13,204,0,0,0
2025-07-23,Kalamassery,14,194,0,0,0
2025-07-23,Kalamassery,15,203,0,0,0
2025-07-23,Kalamassery,16,199,0,0,0
2025-07-23,Kalamassery,17,457,0,0,1
2025-07-23,Kalamassery,18,508,0,0,1
2025-07-23,Kalamassery,19,512,0,0,1
2025-07-23,Kalamassery,20,471,0,0,1
2025-07-23,Kalamassery,21,222,0,0,0
2025-07-23,Kalamassery,22,180,0,0,0
2025-07-23,CUSAT,6,80,0,0,0
2025-07-23,CUSAT,7,84,0,0,0
2025-07-23,CUSAT,8,205,0,1,0
2025-07-23,CUSAT,9,216,0,1,0
2025-07-23,CUSAT,10,189,0,1,0
2025-07-23,CUSAT,11,98,0,0,0
2025-07-23,CUSAT,12,87,0,0,0
2025-07-23,CUSAT,13,81,0,0,0
2025-07-23,CUSAT,14,97,0,0,0
2025-07-23,CUSAT,15,68,0,0,0
2025-07-23,CUSAT,16,76,0,0,0
2025-07-23,CUSAT,17,194,0,0,1
2025-07-23,CUSAT,18,209,0,0,1
2025-07-23,CUSAT,19,221,0,0,1
2025-07-23,CUSAT,20,191,0,0,1
2025-07-23,CUSAT,21,83,0,0,0
2025-07-23,CUSAT,22,79,0,0,0
2025-07-23,Pathadipalam,6,88,0,0,0
2025-07-23,Pathadipalam,7,81,0,0,0
2025-07-23,Pathadipalam,8,203,0,1,0
2025-07-23,Pathadipalam,9,194,0,1,0
2025-07-23,Pathadipalam,10,192,0,1,0
2025-07-23,Pathadipalam,11,80,0,0,0
2025-07-23,Pathadipalam,12,89,0,0,0
2025-07-23,Pathadipalam,13,65,0,0,0
2025-07-23,Pathadipalam,14,79,0,0,0
2025-07-23,Pathadipalam,15,70,0,0,0
2025-07-23,Pathadipalam,16,65,0,0,0
2025-07-23,Pathadipalam,17,205,0,0,1
2025-07-23,Pathadipalam,18,186,0,0,1
2025-07-23,Pathadipalam,19,206,0,0,1
2025-07-23,Pathadipalam,20,193,0,0,1
2025-07-23,Pathadipalam,21,83,0,0,0
2025-07-23,Pathadipalam,22,86,0,0,0
2025-07-23,Edappally,6,204,0,0,0
2025-07-23,Edappally,7,190,0,0,0
2025-07-23,Edappally,8,468,0,1,0
2025-07-23,Edappally,9,486,0,1,0
2025-07-23,Edappally,10,520,0,1,0
2025-07-23,Edappally,11,165,0,0,0
2025-07-23,Edappally,12,191,0,0,0
2025-07-23,Edappally,13,215,0,0,0
2025-07-23,Edappally,14,216,0,0,0
2025-07-23,Edappally,15,187,0,0,0
2025-07-23,Edappally,16,217,0,0,0
2025-07-23,Edappally,17,529,0,0,1
2025-07-23,Edappally,18,522,0,0,1
2025-07-23,Edappally,19,484,0,0,1
2025-07-23,Edappally,20,527,0,0,1
2025-07-23,Edappally,21,251,0,0,0
2025-07-23,Edappally,22,220,0,0,0
2025-07-23,Changampuzha Park,6,71,0,0,0
2025-07-23,Changampuzha Park,7,73,0,0,0
2025-07-23,Changampuzha Park,8,192,0,1,0
2025-07-23,Changampuzha Park,9,187,0,1,0
2025-07-23,Changampuzha Park,10,210,0,1,0
2025-07-23,Changampuzha Park,11,77,0,0,0
2025-07-23,Changampuzha Park,12,76,0,0,0
2025-07-23,Changampuzha Park,13,73,0,0,0
2025-07-23,Changampuzha Park,14,70,0,0,0
2025-07-23,Changampuzha Park,15,69,0,0,0
2025-07-23,Changampuzha Park,16,87,0,0,0
2025-07-23,Changampuzha Park,17,198,0,0,1
2025-07-23,Changampuzha Park,18,196,0,0,1
2025-07-23,Changampuzha Park,19,192,0,0,1
2025-07-23,Changampuzha Park,20,212,0,0,1
2025-07-23,Changampuzha Park,21,94,0,0,0
2025-07-23,Changampuzha Park,22,81,0,0,0
2025-07-23,Palarivattom,6,66,0,0,0
2025-07-23,Palarivattom,7,82,0,0,0
2025-07-23,Palarivattom,8,200,0,1,0
2025-07-23,Palarivattom,9,198,0,1,0
2025-07-23,Palarivattom,10,207,0,1,0
2025-07-23,Palarivattom,11,75,0,0,0
2025-07-23,Palarivattom,12,70,0,0,0
2025-07-23,Palarivattom,13,72,0,0,0
2025-07-23,Palarivattom,14,86,0,0,0
2025-07-23,Palarivattom,15,74,0,0,0
2025-07-23,Palarivattom,16,91,0,0,0
2025-07-23,Palarivattom,17,202,0,0,1
2025-07-23,Palarivattom,18,201,0,0,1
2025-07-23,Palarivattom,19,199,0,0,1
2025-07-23,Palarivattom,20,182,0,0,1
2025-07-23,Palarivattom,21,92,0,0,0
2025-07-23,Palarivattom,22,78,0,0,0
2025-07-23,JLN Stadium,6,73,0,0,0
2025-07-23,JLN Stadium,7,86,0,0,0
2025-07-23,JLN Stadium,8,171,0,1,0
2025-07-23,JLN Stadium,9,200,0,1,0
2025-07-23,JLN Stadium,10,182,0,1,0
2025-07-23,JLN Stadium,11,73,0,0,0
2025-07-23,JLN Stadium,12,85,0,0,0
2025-07-23,JLN Stadium,13,88,0,0,0
2025-07-23,JLN Stadium,14,86,0,0,0
2025-07-23,JLN Stadium,15,88,0,0,0
2025-07-23,JLN Stadium,16,79,0,0,0
2025-07-23,JLN Stadium,17,195,0,0,1
2025-07-23,JLN Stadium,18,192,0,0,1
2025-07-23,JLN Stadium,19,211,0,0,1
2025-07-23,JLN Stadium,20,219,0,0,1
2025-07-23,JLN Stadium,21,68,0,0,0
2025-07-23,JLN Stadium,22,72,0,0,0
2025-07-23,Kaloor Town Hall,6,82,0,0,0
2025-07-23,Kaloor Town Hall,7,88,0,0,0
2025-07-23,Kaloor Town Hall,8,192,0,1,0
2025-07-23,Kaloor Town Hall,9,187,0,1,0
2025-07-23,Kaloor Town Hall,10,172,0,1,0
2025-07-23,Kaloor Town Hall,11,80,0,0,0
2025-07-23,Kaloor Town Hall,12,86,0,0,0
2025-07-23,Kaloor Town Hall,13,84,0,0,0
2025-07-23,Kaloor Town Hall,14,79,0,0,0
2025-07-23,Kaloor Town Hall,15,84,0,0,0
2025-07-23,Kaloor Town Hall,16,65,0,0,0
2025-07-23,Kaloor Town Hall,17,195,0,0,1
2025-07-23,Kaloor Town Hall,18,210,0,0,1
2025-07-23,Kaloor Town Hall,19,192,0,0,1
2025-07-23,Kaloor Town Hall,20,211,0,0,1
2025-07-23,Kaloor Town Hall,21,82,0,0,0
2025-07-23,Kaloor Town Hall,22,90,0,0,0
2025-07-23,MG Road,6,199,0,0,0
2025-07-23,MG Road,7,199,0,0,0
2025-07-23,MG Road,8,523,0,1,0
2025-07-23,MG Road,9,483,0,1,0
2025-07-23,MG Road,10,484,0,1,0
2025-07-23,MG Road,11,198,0,0,0
2025-07-23,MG Road,12,224,0,0,0
2025-07-23,MG Road,13,209,0,0,0
2025-07-23,MG Road,14,192,0,0,0
2025-07-23,MG Road,15,218,0,0,0
2025-07-23,MG Road,16,202,0,0,0
2025-07-23,MG Road,17,551,0,0,1
2025-07-23,MG Road,18,486,0,0,1
2025-07-23,MG Road,19,485,0,0,1
2025-07-23,MG Road,20,480,0,0,1
2025-07-23,MG Road,21,219,0,0,0
2025-07-23,MG Road,22,205,0,0,0
2025-07-23,Maharaja's College,6,92,0,0,0
2025-07-23,Maharaja's College,7,79,0,0,0
2025-07-23,Maharaja's College,8,202,0,1,0
2025-07-23,Maharaja's College,9,182,0,1,0
2025-07-23,Maharaja's College,10,193,0,1,0
2025-07-23,Maharaja's College,11,76,0,0,0
2025-07-23,Maharaja's College,12,78,0,0,0
2025-07-23,Maharaja's College,13,80,0,0,0
2025-07-23,Maharaja's College,14,81,0,0,0
2025-07-23,Maharaja's College,15,71,0,0,0
2025-07-23,Maharaja's College,16,86,0,0,0
2025-07-23,Maharaja's College,17,214,0,0,1
2025-07-23,Maharaja's College,18,185,0,0,1
2025-07-23,Maharaja's College,19,210,0,0,1
2025-07-23,Maharaja's College,20,208,0,0,1
2025-07-23,Maharaja's College,21,82,0,0,0
2025-07-23,Maharaja's College,22,83,0,0,0
2025-07-23,Ernakulam South,6,201,0,0,0
2025-07-23,Ernakulam South,7,223,0,0,0
2025-07-23,Ernakulam South,8,501,0,1,0
2025-07-23,Ernakulam South,9,475,0,1,0
2025-07-23,Ernakulam South,10,514,0,1,0
2025-07-23,Ernakulam South,11,210,0,0,0
2025-07-23,Ernakulam South,12,211,0,0,0
2025-07-23,Ernakulam South,13,186,0,0,0
2025-07-23,Ernakulam South,14,193,0,0,0
2025-07-23,Ernakulam South,15,217,0,0,0
2025-07-23,Ernakulam South,16,209,0,0,0
2025-07-23,Ernakulam South,17,520,0,0,1
2025-07-23,Ernakulam South,18,555,0,0,1
2025-07-23,Ernakulam South,19,509,0,0,1
2025-07-23,Ernakulam South,20,516,0,0,1
2025-07-23,Ernakulam South,21,200,0,0,0
2025-07-23,Ernakulam South,22,201,0,0,0
2025-07-23,Kadavanthra,6,78,0,0,0
2025-07-23,Kadavanthra,7,71,0,0,0
2025-07-23,Kadavanthra,8,194,0,1,0
2025-07-23,Kadavanthra,9,198,0,1,0
2025-07-23,Kadavanthra,10,221,0,1,0
2025-07-23,Kadavanthra,11,90,0,0,0
2025-07-23,Kadavanthra,12,101,0,0,0
2025-07-23,Kadavanthra,13,83,0,0,0
2025-07-23,Kadavanthra,14,60,0,0,0
2025-07-23,Kadavanthra,15,86,0,0,0
2025-07-23,Kadavanthra,16,62,0,0,0
2025-07-23,Kadavanthra,17,201,0,0,1
2025-07-23,Kadavanthra,18,172,0,0,1
2025-07-23,Kadavanthra,19,198,0,0,1
2025-07-23,Kadavanthra,20,202,0,0,1
2025-07-23,Kadavanthra,21,71,0,0,0
2025-07-23,Kadavanthra,22,78,0,0,0
2025-07-23,Elamkulam,6,86,0,0,0
2025-07-23,Elamkulam,7,79,0,0,0
2025-07-23,Elamkulam,8,177,0,1,0
2025-07-23,Elamkulam,9,203,0,1,0
2025-07-23,Elamkulam,10,206,0,1,0
2025-07-23,Elamkulam,11,84,0,0,0
2025-07-23,Elamkulam,12,83,0,0,0
2025-07-23,Elamkulam,13,86,0,0,0
2025-07-23,Elamkulam,14,68,0,0,0
2025-07-23,Elamkulam,15,84,0,0,0
2025-07-23,Elamkulam,16,81,0,0,0
2025-07-23,Elamkulam,17,210,0,0,1
2025-07-23,Elamkulam,18,204,0,0,1
2025-07-23,Elamkulam,19,234,0,0,1
2025-07-23,Elamkulam,20,220,0,0,1
2025-07-23,Elamkulam,21,80,0,0,0
2025-07-23,Elamkulam,22,88,0,0,0
2025-07-23,Vyttila,6,69,0,0,0
2025-07-23,Vyttila,7,88,0,0,0
2025-07-23,Vyttila,8,199,0,1,0
2025-07-23,Vyttila,9,225,0,1,0
2025-07-23,Vyttila,10,184,0,1,0
2025-07-23,Vyttila,11,85,0,0,0
2025-07-23,Vyttila,12,84,0,0,0
2025-07-23,Vyttila,13,94,0,0,0
2025-07-23,Vyttila,14,69,0,0,0
2025-07-23,Vyttila,15,81,0,0,0
2025-07-23,Vyttila,16,85,0,0,0
2025-07-23,Vyttila,17,219,0,0,1
2025-07-23,Vyttila,18,186,0,0,1
2025-07-23,Vyttila,19,191,0,0,1
2025-07-23,Vyttila,20,206,0,0,1
2025-07-23,Vyttila,21,87,0,0,0
2025-07-23,Vyttila,22,73,0,0,0
2025-07-23,Thaikoodam,6,81,0,0,0
2025-07-23,Thaikoodam,7,72,0,0,0
2025-07-23,Thaikoodam,8,212,0,1,0
2025-07-23,Thaikoodam,9,216,0,1,0
2025-07-23,Thaikoodam,10,211,0,1,0
2025-07-23,Thaikoodam,11,88,0,0,0
2025-07-23,Thaikoodam,12,78,0,0,0
2025-07-23,Thaikoodam,13,80,0,0,0
2025-07-23,Thaikoodam,14,82,0,0,0
2025-07-23,Thaikoodam,15,92,0,0,0
2025-07-23,Thaikoodam,16,85,0,0,0
2025-07-23,Thaikoodam,17,217,0,0,1
2025-07-23,Thaikoodam,18,181,0,0,1
2025-07-23,Thaikoodam,19,168,0,0,1
2025-07-23,Thaikoodam,20,212,0,0,1
2025-07-23,Thaikoodam,21,91,0,0,0
2025-07-23,Thaikoodam,22,90,0,0,0
2025-07-23,Petta,6,97,0,0,0
2025-07-23,Petta,7,69,0,0,0
2025-07-23,Petta,8,195,0,1,0
2025-07-23,Petta,9,199,0,1,0
2025-07-23,Petta,10,184,0,1,0
2025-07-23,Petta,11,74,0,0,0
2025-07-23,Petta,12,77,0,0,0
2025-07-23,Petta,13,81,0,0,0
2025-07-23,Petta,14,77,0,0,0
2025-07-23,Petta,15,84,0,0,0
2025-07-23,Petta,16,75,0,0,0
2025-07-23,Petta,17,205,0,0,1
2025-07-23,Petta,18,202,0,0,1
2025-07-23,Petta,19,162,0,0,1
2025-07-23,Petta,20,177,0,0,1
2025-07-23,Petta,21,70,0,0,0
2025-07-23,Petta,22,65,0,0,0
2025-07-23,Vadakkekotta,6,76,0,0,0
2025-07-23,Vadakkekotta,7,89,0,0,0
2025-07-23,Vadakkekotta,8,197,0,1,0
2025-07-23,Vadakkekotta,9,179,0,1,0
2025-07-23,Vadakkekotta,10,202,0,1,0
2025-07-23,Vadakkekotta,11,84,0,0,0
2025-07-23,Vadakkekotta,12,79,0,0,0
2025-07-23,Vadakkekotta,13,72,0,0,0
2025-07-23,Vadakkekotta,14,85,0,0,0
2025-07-23,Vadakkekotta,15,62,0,0,0
2025-07-23,Vadakkekotta,16,65,0,0,0
2025-07-23,Vadakkekotta,17,183,0,0,1
2025-07-23,Vadakkekotta,18,200,0,0,1
2025-07-23,Vadakkekotta,19,229,0,0,1
2025-07-23,Vadakkekotta,20,195,0,0,1
2025-07-23,Vadakkekotta,21,81,0,0,0
2025-07-23,Vadakkekotta,22,69,0,0,0
2025-07-23,SN Junction,6,78,0,0,0
2025-07-23,SN Junction,7,68,0,0,0
2025-07-23,SN Junction,8,194,0,1,0
2025-07-23,SN Junction,9,209,0,1,0
2025-07-23,SN Junction,10,195,0,1,0
2025-07-23,SN Junction,11,89,0,0,0
2025-07-23,SN Junction,12,69,0,0,0
2025-07-23,SN Junction,13,95,0,0,0
2025-07-23,SN Junction,14,85,0,0,0
2025-07-23,SN Junction,15,68,0,0,0
2025-07-23,SN Junction,16,74,0,0,0
2025-07-23,SN Junction,17,221,0,0,1
2025-07-23,SN Junction,18,191,0,0,1
2025-07-23,SN Junction,19,205,0,0,1
2025-07-23,SN Junction,20,226,0,0,1
2025-07-23,SN Junction,21,99,0,0,0
2025-07-23,SN Junction,22,78,0,0,0
2025-07-23,Tripunithura Terminal,6,75,0,0,0
2025-07-23,Tripunithura Terminal,7,72,0,0,0
2025-07-23,Tripunithura Terminal,8,229,0,1,0
2025-07-23,Tripunithura Terminal,9,190,0,1,0
2025-07-23,Tripunithura Terminal,10,208,0,1,0
2025-07-23,Tripunithura Terminal,11,82,0,0,0
2025-07-23,Tripunithura Terminal,12,85,0,0,0
2025-07-23,Tripunithura Terminal,13,86,0,0,0
2025-07-23,Tripunithura Terminal,14,74,0,0,0
2025-07-23,Tripunithura Terminal,15,77,0,0,0
2025-07-23,Tripunithura Terminal,16,75,0,0,0
2025-07-23,Tripunithura Terminal,17,212,0,0,1
2025-07-23,Tripunithura Terminal,18,199,0,0,1
2025-07-23,Tripunithura Terminal,19,214,0,0,1
2025-07-23,Tripunithura Terminal,20,212,0,0,1
2025-07-23,Tripunithura Terminal,21,97,0,0,0
2025-07-23,Tripunithura Terminal,22,93,0,0,0
2025-07-30,Aluva,6,215,0,0,0
2025-07-30,Aluva,7,198,0,0,0
2025-07-30,Aluva,8,534,0,1,0
2025-07-30,Aluva,9,548,0,1,0
2025-07-30,Aluva,10,510,0,1,0
2025-07-30,Aluva,11,171,0,0,0
2025-07-30,Aluva,12,195,0,0,0
2025-07-30,Aluva,13,211,0,0,0
2025-07-30,Aluva,14,209,0,0,0
2025-07-30,Aluva,15,206,0,0,0
2025-07-30,Aluva,16,191,0,0,0
2025-07-30,Aluva,17,494,0,0,1
2025-07-30,Aluva,18,547,0,0,1
2025-07-30,Aluva,19,449,0,0,1
2025-07-30,Aluva,20,526,0,0,1
2025-07-30,Aluva,21,202,0,0,0
2025-07-30,Aluva,22,209,0,0,0
2025-07-30,Pulinchodu,6,93,0,0,0
2025-07-30,Pulinchodu,7,65,0,0,0
2025-07-30,Pulinchodu,8,208,0,1,0
2025-07-30,Pulinchodu,9,230,0,1,0
2025-07-30,Pulinchodu,10,214,0,1,0
2025-07-30,Pulinchodu,11,98,0,0,0
2025-07-30,Pulinchodu,12,82,0,0,0
2025-07-30,Pulinchodu,13,85,0,0,0
2025-07-30,Pulinchodu,14,75,0,0,0
2025-07-30,Pulinchodu,15,89,0,0,0
2025-07-30,Pulinchodu,16,86,0,0,0
2025-07-30,Pulinchodu,17,214,0,0,1
2025-07-30,Pulinchodu,18,187,0,0,1
2025-07-30,Pulinchodu,19,214,0,0,1
2025-07-30,Pulinchodu,20,203,0,0,1
2025-07-30,Pulinchodu,21,88,0,0,0
2025-07-30,Pulinchodu,22,85,0,0,0
2025-07-30,Companypady,6,96,0,0,0
2025-07-30,Companypady,7,81,0,0,0
2025-07-30,Companypady,8,196,0,1,0
2025-07-30,Companypady,9,198,0,1,0
2025-07-30,Companypady,10,183,0,1,0
2025-07-30,Companypady,11,85,0,0,0
2025-07-30,Companypady,12,85,0,0,0
2025-07-30,Companypady,13,101,0,0,0
2025-07-30,Companypady,14,69,0,0,0
2025-07-30,Companypady,15,82,0,0,0
2025-07-30,Companypady,16,72,0,0,0
2025-07-30,Companypady,17,197,0,0,1
2025-07-30,Companypady,18,207,0,0,1
2025-07-30,Companypady,19,217,0,0,1
2025-07-30,Companypady,20,183,0,0,1
2025-07-30,Companypady,21,82,0,0,0
2025-07-30,Companypady,22,80,0,0,0
2025-07-30,Ambattukavu,6,91,0,0,0
2025-07-30,Ambattukavu,7,88,0,0,0
2025-07-30,Ambattukavu,8,208,0,1,0
2025-07-30,Ambattukavu,9,207,0,1,0
2025-07-30,Ambattukavu,10,211,0,1,0
2025-07-30,Ambattukavu,11,85,0,0,0
2025-07-30,Ambattukavu,12,94,0,0,0
2025-07-30,Ambattukavu,13,97,0,0,0
2025-07-30,Ambattukavu,14,79,0,0,0
2025-07-30,Ambattukavu,15,75,0,0,0
2025-07-30,Ambattukavu,16,90,0,0,0
2025-07-30,Ambattukavu,17,229,0,0,1
2025-07-30,Ambattukavu,18,177,0,0,1
2025-07-30,Ambattukavu,19,191,0,0,1
2025-07-30,Ambattukavu,20,195,0,0,1
2025-07-30,Ambattukavu,21,93,0,0,0
2025-07-30,Ambattukavu,22,73,0,0,0
2025-07-30,Muttom,6,73,0,0,0
2025-07-30,Muttom,7,73,0,0,0
2025-07-30,Muttom,8,187,0,1,0
2025-07-30,Muttom,9,218,0,1,0
2025-07-30,Muttom,10,187,0,1,0
2025-07-30,Muttom,11,92,0,0,0
2025-07-30,Muttom,12,70,0,0,0
2025-07-30,Muttom,13,80,0,0,0
2025-07-30,Muttom,14,81,0,0,0
2025-07-30,Muttom,15,93,0,0,0
2025-07-30,Muttom,16,82,0,0,0
2025-07-30,Muttom,17,196,0,0,1
2025-07-30,Muttom,18,197,0,0,1
2025-07-30,Muttom,19,219,0,0,1
2025-07-30,Muttom,20,188,0,0,1
2025-07-30,Muttom,21,105,0,0,0
2025-07-30,Muttom,22,71,0,0,0
2025-07-30,Kalamassery,6,222,0,0,0
2025-07-30,Kalamassery,7,208,0,0,0
2025-07-30,Kalamassery,8,486,0,1,0
2025-07-30,Kalamassery,9,512,0,1,0
2025-07-30,Kalamassery,10,506,0,1,0
2025-07-30,Kalamassery,11,196,0,0,0
2025-07-30,Kalamassery,12,212,0,0,0
2025-07-30,Kalamassery,13,227,0,0,0
2025-07-30,Kalamassery,14,193,0,0,0
2025-07-30,Kalamassery,15,194,0,0,0
2025-07-30,Kalamassery,16,200,0,0,0
2025-07-30,Kalamassery,17,511,0,0,1
2025-07-30,Kalamassery,18,509,0,0,1
2025-07-30,Kalamassery,19,495,0,0,1
2025-07-30,Kalamassery,20,497,0,0,1
2025-07-30,Kalamassery,21,192,0,0,0
2025-07-30,Kalamassery,22,198,0,0,0
2025-07-30,CUSAT,6,69,0,0,0
2025-07-30,CUSAT,7,78,0,0,0
2025-07-30,CUSAT,8,191,0,1,0
2025-07-30,CUSAT,9,171,0,1,0
2025-07-30,CUSAT,10,188,0,1,0
2025-07-30,CUSAT,11,85,0,0,0
2025-07-30,CUSAT,12,83,0,0,0
2025-07-30,CUSAT,13,90,0,0,0
2025-07-30,CUSAT,14,76,0,0,0
2025-07-30,CUSAT,15,84,0,0,0
2025-07-30,CUSAT,16,84,0,0,0
2025-07-30,CUSAT,17,178,0,0,1
2025-07-30,CUSAT,18,205,0,0,1
2025-07-30,CUSAT,19,204,0,0,1
2025-07-30,CUSAT,20,220,0,0,1
2025-07-30,CUSAT,21,91,0,0,0
2025-07-30,CUSAT,22,83,0,0,0
2025-07-30,Pathadipalam,6,88,0,0,0
2025-07-30,Pathadipalam,7,87,0,0,0
2025-07-30,Pathadipalam,8,205,0,1,0
2025-07-30,Pathadipalam,9,183,0,1,0
2025-07-30,Pathadipalam,10,229,0,1,0
2025-07-30,Pathadipalam,11,73,0,0,0
2025-07-30,Pathadipalam,12,64,0,0,0
2025-07-30,Pathadipalam,13,82,0,0,0
2025-07-30,Pathadipalam,14,92,0,0,0
2025-07-30,Pathadipalam,15,76,0,0,0
2025-07-30,Pathadipalam,16,75,0,0,0
2025-07-30,Pathadipalam,17,199,0,0,1
2025-07-30,Pathadipalam,18,164,0,0,1
2025-07-30,Pathadipalam,19,165,0,0,1
2025-07-30,Pathadipalam,20,188,0,0,1
2025-07-30,Pathadipalam,21,70,0,0,0
2025-07-30,Pathadipalam,22,82,0,0,0
2025-07-30,Edappally,6,203,0,0,0
2025-07-30,Edappally,7,200,0,0,0
2025-07-30,Edappally,8,496,0,1,0
2025-07-30,Edappally,9,488,0,1,0
2025-07-30,Edappally,10,512,0,1,0
2025-07-30,Edappally,11,202,0,0,0
2025-07-30,Edappally,12,194,0,0,0
2025-07-30,Edappally,13,208,0,0,0
2025-07-30,Edappally,14,231,0,0,0
2025-07-30,Edappally,15,205,0,0,0
2025-07-30,Edappally,16,191,0,0,0
2025-07-30,Edappally,17,506,0,0,1
2025-07-30,Edappally,18,486,0,0,1
2025-07-30,Edappally,19,505,0,0,1
2025-07-30,Edappally,20,499,0,0,1
2025-07-30,Edappally,21,205,0,0,0
2025-07-30,Edappally,22,221,0,0,0
2025-07-30,Changampuzha Park,6,86,0,0,0
2025-07-30,Changampuzha Park,7,89,0,0,0
2025-07-30,Changampuzha Park,8,209,0,1,0
2025-07-30,Changampuzha Park,9,200,0,1,0
2025-07-30,Changampuzha Park,10,208,0,1,0
2025-07-30,Changampuzha Park,11,79,0,0,0
2025-07-30,Changampuzha Park,12,70,0,0,0
2025-07-30,Changampuzha Park,13,83,0,0,0
2025-07-30,Changampuzha Park,14,76,0,0,0
2025-07-30,Changampuzha Park,15,79,0,0,0
2025-07-30,Changampuzha Park,16,77,0,0,0
2025-07-30,Changampuzha Park,17,203,0,0,1
2025-07-30,Changampuzha Park,18,203,0,0,1
2025-07-30,Changampuzha Park,19,201,0,0,1
2025-07-30,Changampuzha Park,20,200,0,0,1
2025-07-30,Changampuzha Park,21,72,0,0,0
2025-07-30,Changampuzha Park,22,67,0,0,0
2025-07-30,Palarivattom,6,72,0,0,0
2025-07-30,Palarivattom,7,88,0,0,0
2025-07-30,Palarivattom,8,200,0,1,0
2025-07-30,Palarivattom,9,189,0,1,0
2025-07-30,Palarivattom,10,188,0,1,0
2025-07-30,Palarivattom,11,78,0,0,0
2025-07-30,Palarivattom,12,82,0,0,0
2025-07-30,Palarivattom,13,85,0,0,0
2025-07-30,Palarivattom,14,91,0,0,0
2025-07-30,Palarivattom,15,75,0,0,0
2025-07-30,Palarivattom,16,65,0,0,0
2025-07-30,Palarivattom,17,215,0,0,1
2025-07-30,Palarivattom,18,223,0,0,1
2025-07-30,Palarivattom,19,187,0,0,1
2025-07-30,Palarivattom,20,188,0,0,1
2025-07-30,Palarivattom,21,80,0,0,0
2025-07-30,Palarivattom,22,86,0,0,0
2025-07-30,JLN Stadium,6,67,0,0,0
2025-07-30,JLN Stadium,7,84,0,0,0
2025-07-30,JLN Stadium,8,200,0,1,0
2025-07-30,JLN Stadium,9,201,0,1,0
2025-07-30,JLN Stadium,10,204,0,1,0
2025-07-30,JLN Stadium,11,69,0,0,0
2025-07-30,JLN Stadium,12,84,0,0,0
2025-07-30,JLN Stadium,13,76,0,0,0
2025-07-30,JLN Stadium,14,76,0,0,0
2025-07-30,JLN Stadium,15,71,0,0,0
2025-07-30,JLN Stadium,16,76,0,0,0
2025-07-30,JLN Stadium,17,201,0,0,1
2025-07-30,JLN Stadium,18,200,0,0,1
2025-07-30,JLN Stadium,19,212,0,0,1
2025-07-30,JLN Stadium,20,196,0,0,1
2025-07-30,JLN Stadium,21,83,0,0,0
2025-07-30,JLN Stadium,22,71,0,0,0
2025-07-30,Kaloor Town Hall,6,81,0,0,0
2025-07-30,Kaloor Town Hall,7,79,0,0,0
2025-07-30,Kaloor Town Hall,8,172,0,1,0
2025-07-30,Kaloor Town Hall,9,197,0,1,0
2025-07-30,Kaloor Town Hall,10,193,0,1,0
2025-07-30,Kaloor Town Hall,11,80,0,0,0
2025-07-30,Kaloor Town Hall,12,78,0,0,0
2025-07-30,Kaloor Town Hall,13,75,0,0,0
2025-07-30,Kaloor Town Hall,14,80,0,0,0
2025-07-30,Kaloor Town Hall,15,65,0,0,0
2025-07-30,Kaloor Town Hall,16,86,0,0,0
2025-07-30,Kaloor Town Hall,17,185,0,0,1
2025-07-30,Kaloor Town Hall,18,195,0,0,1
2025-07-30,Kaloor Town Hall,19,194,0,0,1
2025-07-30,Kaloor Town Hall,20,225,0,0,1
2025-07-30,Kaloor Town Hall,21,78,0,0,0
2025-07-30,Kaloor Town Hall,22,76,0,0,0
2025-07-30,MG Road,6,224,0,0,0
2025-07-30,MG Road,7,212,0,0,0
2025-07-30,MG Road,8,490,0,1,0
2025-07-30,MG Road,9,565,0,1,0
2025-07-30,MG Road,10,492,0,1,0
2025-07-30,MG Road,11,218,0,0,0
2025-07-30,MG Road,12,180,0,0,0
2025-07-30,MG Road,13,211,0,0,0
2025-07-30,MG Road,14,188,0,0,0
2025-07-30,MG Road,15,203,0,0,0
2025-07-30,MG Road,16,219,0,0,0
2025-07-30,MG Road,17,505,0,0,1
2025-07-30,MG Road,18,500,0,0,1
2025-07-30,MG Road,19,490,0,0,1
2025-07-30,MG Road,20,502,0,0,1
2025-07-30,MG Road,21,200,0,0,0
2025-07-30,MG Road,22,218,0,0,0
2025-07-30,Maharaja's College,6,98,0,0,0
2025-07-30,Maharaja's College,7,79,0,0,0
2025-07-30,Maharaja's College,8,195,0,1,0
2025-07-30,Maharaja's College,9,202,0,1,0
2025-07-30,Maharaja's College,10,188,0,1,0
2025-07-30,Maharaja's College,11,89,0,0,0
2025-07-30,Maharaja's College,12,86,0,0,0
2025-07-30,Maharaja's College,13,70,0,0,0
2025-07-30,Maharaja's College,14,92,0,0,0
2025-07-30,Maharaja's College,15,67,0,0,0
2025-07-30,Maharaja's College,16,76,0,0,0
2025-07-30,Maharaja's College,17,236,0,0,1
2025-07-30,Maharaja's College,18,210,0,0,1
2025-07-30,Maharaja's College,19,197,0,0,1
2025-07-30,Maharaja's College,20,200,0,0,1
2025-07-30,Maharaja's College,21,87,0,0,0
2025-07-30,Maharaja's College,22,87,0,0,0
2025-07-30,Ernakulam South,6,178,0,0,0
2025-07-30,Ernakulam South,7,211,0,0,0
2025-07-30,Ernakulam South,8,495,0,1,0
2025-07-30,Ernakulam South,9,473,0,1,0
2025-07-30,Ernakulam South,10,478,0,1,0
2025-07-30,Ernakulam South,11,202,0,0,0
2025-07-30,Ernakulam South,12,191,0,0,0
2025-07-30,Ernakulam South,13,216,0,0,0
2025-07-30,Ernakulam South,14,180,0,0,0
2025-07-30,Ernakulam South,15,185,0,0,0
2025-07-30,Ernakulam South,16,179,0,0,0
2025-07-30,Ernakulam South,17,499,0,0,1
2025-07-30,Ernakulam South,18,466,0,0,1
2025-07-30,Ernakulam South,19,527,0,0,1
2025-07-30,Ernakulam South,20,487,0,0,1
2025-07-30,Ernakulam South,21,196,0,0,0
2025-07-30,Ernakulam South,22,169,0,0,0
2025-07-30,Kadavanthra,6,80,0,0,0
2025-07-30,Kadavanthra,7,82,0,0,0
2025-07-30,Kadavanthra,8,191,0,1,0
2025-07-30,Kadavanthra,9,202,0,1,0
2025-07-30,Kadavanthra,10,205,0,1,0
2025-07-30,Kadavanthra,11,89,0,0,0
2025-07-30,Kadavanthra,12,72,0,0,0
2025-07-30,Kadavanthra,13,90,0,0,0
2025-07-30,Kadavanthra,14,84,0,0,0
2025-07-30,Kadavanthra,15,72,0,0,0
2025-07-30,Kadavanthra,16,71,0,0,0
2025-07-30,Kadavanthra,17,213,0,0,1
2025-07-30,Kadavanthra,18,184,0,0,1
2025-07-30,Kadavanthra,19,190,0,0,1
2025-07-30,Kadavanthra,20,186,0,0,1
2025-07-30,Kadavanthra,21,77,0,0,0
2025-07-30,Kadavanthra,22,79,0,0,0
2025-07-30,Elamkulam,6,74,0,0,0
2025-07-30,Elamkulam,7,62,0,0,0
2025-07-30,Elamkulam,8,206,0,1,0
2025-07-30,Elamkulam,9,203,0,1,0
2025-07-30,Elamkulam,10,236,0,1,0
2025-07-30,Elamkulam,11,89,0,0,0
2025-07-30,Elamkulam,12,71,0,0,0
2025-07-30,Elamkulam,13,76,0,0,0
2025-07-30,Elamkulam,14,57,0,0,0
2025-07-30,Elamkulam,15,80,0,0,0
2025-07-30,Elamkulam,16,72,0,0,0
2025-07-30,Elamkulam,17,171,0,0,1
2025-07-30,Elamkulam,18,227,0,0,1
2025-07-30,Elamkulam,19,211,0,0,1
2025-07-30,Elamkulam,20,191,0,0,1
2025-07-30,Elamkulam,21,79,0,0,0
2025-07-30,Elamkulam,22,83,0,0,0
2025-07-30,Vyttila,6,92,0,0,0
2025-07-30,Vyttila,7,77,0,0,0
2025-07-30,Vyttila,8,217,0,1,0
2025-07-30,Vyttila,9,191,0,1,0
2025-07-30,Vyttila,10,192,0,1,0
2025-07-30,Vyttila,11,78,0,0,0
2025-07-30,Vyttila,12,82,0,0,0
2025-07-30,Vyttila,13,84,0,0,0
2025-07-30,Vyttila,14,76,0,0,0
2025-07-30,Vyttila,15,81,0,0,0
2025-07-30,Vyttila,16,90,0,0,0
2025-07-30,Vyttila,17,198,0,0,1
2025-07-30,Vyttila,18,209,0,0,1
2025-07-30,Vyttila,19,202,0,0,1
2025-07-30,Vyttila,20,204,0,0,1
2025-07-30,Vyttila,21,82,0,0,0
2025-07-30,Vyttila,22,78,0,0,0
2025-07-30,Thaikoodam,6,92,0,0,0
2025-07-30,Thaikoodam,7,86,0,0,0
2025-07-30,Thaikoodam,8,201,0,1,0
2025-07-30,Thaikoodam,9,198,0,1,0
2025-07-30,Thaikoodam,10,205,0,1,0
2025-07-30,Thaikoodam,11,95,0,0,0
2025-07-30,Thaikoodam,12,77,0,0,0
2025-07-30,Thaikoodam,13,75,0,0,0
2025-07-30,Thaikoodam,14,83,0,0,0
2025-07-30,Thaikoodam,15,74,0,0,0
2025-07-30,Thaikoodam,16,78,0,0,0
2025-07-30,Thaikoodam,17,207,0,0,1
2025-07-30,Thaikoodam,18,192,0,0,1
2025-07-30,Thaikoodam,19,204,0,0,1
2025-07-30,Thaikoodam,20,228,0,0,1
2025-07-30,Thaikoodam,21,75,0,0,0
2025-07-30,Thaikoodam,22,92,0,0,0
2025-07-30,Petta,6,73,0,0,0
2025-07-30,Petta,7,74,0,0,0
2025-07-30,Petta,8,192,0,1,0
2025-07-30,Petta,9,215,0,1,0
2025-07-30,Petta,10,218,0,1,0
2025-07-30,Petta,11,71,0,0,0
2025-07-30,Petta,12,83,0,0,0
2025-07-30,Petta,13,88,0,0,0
2025-07-30,Petta,14,87,0,0,0
2025-07-30,Petta,15,84,0,0,0
2025-07-30,Petta,16,86,0,0,0
2025-07-30,Petta,17,225,0,0,1
2025-07-30,Petta,18,208,0,0,1
2025-07-30,Petta,19,204,0,0,1
2025-07-30,Petta,20,199,0,0,1
2025-07-30,Petta,21,75,0,0,0
2025-07-30,Petta,22,71,0,0,0
2025-07-30,Vadakkekotta,6,71,0,0,0
2025-07-30,Vadakkekotta,7,82,0,0,0
2025-07-30,Vadakkekotta,8,189,0,1,0
2025-07-30,Vadakkekotta,9,208,0,1,0
2025-07-30,Vadakkekotta,10,201,0,1,0
2025-07-30,Vadakkekotta,11,70,0,0,0
2025-07-30,Vadakkekotta,12,89,0,0,0
2025-07-30,Vadakkekotta,13,83,0,0,0
2025-07-30,Vadakkekotta,14,75,0,0,0
2025-07-30,Vadakkekotta,15,72,0,0,0
2025-07-30,Vadakkekotta,16,88,0,0,0
2025-07-30,Vadakkekotta,17,209,0,0,1
2025-07-30,Vadakkekotta,18,183,0,0,1
2025-07-30,Vadakkekotta,19,227,0,0,1
2025-07-30,Vadakkekotta,20,175,0,0,1
2025-07-30,Vadakkekotta,21,81,0,0,0
2025-07-30,Vadakkekotta,22,67,0,0,0
2025-07-30,SN Junction,6,86,0,0,0
2025-07-30,SN Junction,7,77,0,0,0
2025-07-30,SN Junction,8,209,0,1,0
2025-07-30,SN Junction,9,195,0,1,0
2025-07-30,SN Junction,10,176,0,1,0
2025-07-30,SN Junction,11,77,0,0,0
2025-07-30,SN Junction,12,87,0,0,0
2025-07-30,SN Junction,13,80,0,0,0
2025-07-30,SN Junction,14,83,0,0,0
2025-07-30,SN Junction,15,90,0,0,0
2025-07-30,SN Junction,16,78,0,0,0
2025-07-30,SN Junction,17,178,0,0,1
2025-07-30,SN Junction,18,218,0,0,1
2025-07-30,SN Junction,19,203,0,0,1
2025-07-30,SN Junction,20,194,0,0,1
2025-07-30,SN Junction,21,76,0,0,0
2025-07-30,SN Junction,22,74,0,0,0
2025-07-30,Tripunithura Terminal,6,57,0,0,0
2025-07-30,Tripunithura Terminal,7,77,0,0,0
2025-07-30,Tripunithura Terminal,8,201,0,1,0
2025-07-30,Tripunithura Terminal,9,216,0,1,0
2025-07-30,Tripunithura Terminal,10,213,0,1,0
2025-07-30,Tripunithura Terminal,11,89,0,0,0
2025-07-30,Tripunithura Terminal,12,62,0,0,0
2025-07-30,Tripunithura Terminal,13,77,0,0,0
2025-07-30,Tripunithura Terminal,14,79,0,0,0
2025-07-30,Tripunithura Terminal,15,74,0,0,0
2025-07-30,Tripunithura Terminal,16,85,0,0,0
2025-07-30,Tripunithura Terminal,17,199,0,0,1
2025-07-30,Tripunithura Terminal,18,192,0,0,1
2025-07-30,Tripunithura Terminal,19,190,0,0,1
2025-07-30,Tripunithura Terminal,20,183,0,0,1
2025-07-30,Tripunithura Terminal,21,78,0,0,0
2025-07-30,Tripunithura Terminal,22,66,0,0,0
2025-08-06,Aluva,6,204,0,0,0
2025-08-06,Aluva,7,200,0,0,0
2025-08-06,Aluva,8,463,0,1,0
2025-08-06,Aluva,9,502,0,1,0
2025-08-06,Aluva,10,473,0,1,0
2025-08-06,Aluva,11,212,0,0,0
2025-08-06,Aluva,12,197,0,0,0
2025-08-06,Aluva,13,200,0,0,0
2025-08-06,Aluva,14,179,0,0,0
2025-08-06,Aluva,15,207,0,0,0
2025-08-06,Aluva,16,185,0,0,0
2025-08-06,Aluva,17,468,0,0,1
2025-08-06,Aluva,18,496,0,0,1
2025-08-06,Aluva,19,509,0,0,1
2025-08-06,Aluva,20,513,0,0,1
2025-08-06,Aluva,21,201,0,0,0
2025-08-06,Aluva,22,227,0,0,0
2025-08-06,Pulinchodu,6,81,0,0,0
2025-08-06,Pulinchodu,7,77,0,0,0
2025-08-06,Pulinchodu,8,209,0,1,0
2025-08-06,Pulinchodu,9,190,0,1,0
2025-08-06,Pulinchodu,10,224,0,1,0
2025-08-06,Pulinchodu,11,89,0,0,0
2025-08-06,Pulinchodu,12,87,0,0,0
2025-08-06,Pulinchodu,13,80,0,0,0
2025-08-06,Pulinchodu,14,96,0,0,0
2025-08-06,Pulinchodu,15,61,0,0,0
2025-08-06,Pulinchodu,16,67,0,0,0
2025-08-06,Pulinchodu,17,201,0,0,1
2025-08-06,Pulinchodu,18,218,0,0,1
2025-08-06,Pulinchodu,19,204,0,0,1
2025-08-06,Pulinchodu,20,185,0,0,1
2025-08-06,Pulinchodu,21,80,0,0,0
2025-08-06,Pulinchodu,22,72,0,0,0
2025-08-06,Companypady,6,83,0,0,0
2025-08-06,Companypady,7,74,0,0,0
2025-08-06,Companypady,8,201,0,1,0
2025-08-06,Companypady,9,202,0,1,0
2025-08-06,Companypady,10,200,0,1,0
2025-08-06,Companypady,11,67,0,0,0
2025-08-06,Companypady,12,87,0,0,0
2025-08-06,Companypady,13,100,0,0,0
2025-08-06,Companypady,14,93,0,0,0
2025-08-06,Companypady,15,71,0,0,0
2025-08-06,Companypady,16,80,0,0,0
2025-08-06,Companypady,17,194,0,0,1
2025-08-06,Companypady,18,191,0,0,1
2025-08-06,Companypady,19,200,0,0,1
2025-08-06,Companypady,20,207,0,0,1
2025-08-06,Companypady,21,72,0,0,0
2025-08-06,Companypady,22,81,0,0,0
2025-08-06,Ambattukavu,6,83,0,0,0
2025-08-06,Ambattukavu,7,88,0,0,0
2025-08-06,Ambattukavu,8,167,0,1,0
2025-08-06,Ambattukavu,9,218,0,1,0
2025-08-06,Ambattukavu,10,197,0,1,0
2025-08-06,Ambattukavu,11,90,0,0,0
2025-08-06,Ambattukavu,12,89,0,0,0
2025-08-06,Ambattukavu,13,85,0,0,0
2025-08-06,Ambattukavu,14,82,0,0,0
2025-08-06,Ambattukavu,15,82,0,0,0
2025-08-06,Ambattukavu,16,74,0,0,0
2025-08-06,Ambattukavu,17,195,0,0,1
2025-08-06,Ambattukavu,18,218,0,0,1
2025-08-06,Ambattukavu,19,194,0,0,1
2025-08-06,Ambattukavu,20,202,0,0,1
2025-08-06,Ambattukavu,21,71,0,0,0
2025-08-06,Ambattukavu,22,73,0,0,0
2025-08-06,Muttom,6,68,0,0,0
2025-08-06,Muttom,7,76,0,0,0
2025-08-06,Muttom,8,190,0,1,0
2025-08-06,Muttom,9,215,0,1,0
2025-08-06,Muttom,10,199,0,1,0
2025-08-06,Muttom,11,72,0,0,0
2025-08-06,Muttom,12,89,0,0,0
2025-08-06,Muttom,13,80,0,0,0
2025-08-06,Muttom,14,82,0,0,0
2025-08-06,Muttom,15,67,0,0,0
2025-08-06,Muttom,16,72,0,0,0
2025-08-06,Muttom,17,224,0,0,1
2025-08-06,Muttom,18,219,0,0,1
2025-08-06,Muttom,19,200,0,0,1
2025-08-06,Muttom,20,175,0,0,1
2025-08-06,Muttom,21,83,0,0,0
2025-08-06,Muttom,22,77,0,0,0
2025-08-06,Kalamassery,6,219,0,0,0
2025-08-06,Kalamassery,7,176,0,0,0
2025-08-06,Kalamassery,8,438,0,1,0
2025-08-06,Kalamassery,9,488,0,1,0
2025-08-06,Kalamassery,10,521,0,1,0
2025-08-06,Kalamassery,11,184,0,0,0
2025-08-06,Kalamassery,12,229,0,0,0
2025-08-06,Kalamassery,13,198,0,0,0
2025-08-06,Kalamassery,14,216,0,0,0
2025-08-06,Kalamassery,15,185,0,0,0
2025-08-06,Kalamassery,16,212,0,0,0
2025-08-06,Kalamassery,17,497,0,0,1
2025-08-06,Kalamassery,18,519,0,0,1
2025-08-06,Kalamassery,19,483,0,0,1
2025-08-06,Kalamassery,20,531,0,0,1
2025-08-06,Kalamassery,21,181,0,0,0
2025-08-06,Kalamassery,22,202,0,0,0
2025-08-06,CUSAT,6,84,0,0,0
2025-08-06,CUSAT,7,68,0,0,0
2025-08-06,CUSAT,8,200,0,1,0
2025-08-06,CUSAT,9,207,0,1,0
2025-08-06,CUSAT,10,194,0,1,0
2025-08-06,CUSAT,11,67,0,0,0
2025-08-06,CUSAT,12,95,0,0,0
2025-08-06,CUSAT,13,83,0,0,0
2025-08-06,CUSAT,14,85,0,0,0
2025-08-06,CUSAT,15,86,0,0,0
2025-08-06,CUSAT,16,95,0,0,0
2025-08-06,CUSAT,17,224,0,0,1
2025-08-06,CUSAT,18,202,0,0,1
2025-08-06,CUSAT,19,192,0,0,1
2025-08-06,CUSAT,20,200,0,0,1
2025-08-06,CUSAT,21,77,0,0,0
2025-08-06,CUSAT,22,80,0,0,0
2025-08-06,Pathadipalam,6,83,0,0,0
2025-08-06,Pathadipalam,7,70,0,0,0
2025-08-06,Pathadipalam,8,174,0,1,0
2025-08-06,Pathadipalam,9,219,0,1,0
2025-08-06,Pathadipalam,10,182,0,1,0
2025-08-06,Pathadipalam,11,86,0,0,0
2025-08-06,Pathadipalam,12,108,0,0,0
2025-08-06,Pathadipalam,13,82,0,0,0
2025-08-06,Pathadipalam,14,70,0,0,0
2025-08-06,Pathadipalam,15,68,0,0,0
2025-08-06,Pathadipalam,16,80,0,0,0
2025-08-06,Pathadipalam,17,190,0,0,1
2025-08-06,Pathadipalam,18,195,0,0,1
2025-08-06,Pathadipalam,19,196,0,0,1
2025-08-06,Pathadipalam,20,193,0,0,1
2025-08-06,Pathadipalam,21,82,0,0,0
2025-08-06,Pathadipalam,22,84,0,0,0
2025-08-06,Edappally,6,173,0,0,0
2025-08-06,Edappally,7,184,0,0,0
2025-08-06,Edappally,8,543,0,1,0
2025-08-06,Edappally,9,496,0,1,0
2025-08-06,Edappally,10,479,0,1,0
2025-08-06,Edappally,11,201,0,0,0
2025-08-06,Edappally,12,202,0,0,0
2025-08-06,Edappally,13,218,0,0,0
2025-08-06,Edappally,14,193,0,0,0
2025-08-06,Edappally,15,206,0,0,0
2025-08-06,Edappally,16,192,0,0,0
2025-08-06,Edappally,17,476,0,0,1
2025-08-06,Edappally,18,491,0,0,1
2025-08-06,Edappally,19,528,0,0,1
2025-08-06,Edappally,20,512,0,0,1
2025-08-06,Edappally,21,184,0,0,0
2025-08-06,Edappally,22,215,0,0,0
2025-08-06,Changampuzha Park,6,80,0,0,0
2025-08-06,Changampuzha Park,7,92,0,0,0
2025-08-06,Changampuzha Park,8,218,0,1,0
2025-08-06,Changampuzha Park,9,197,0,1,0
2025-08-06,Changampuzha Park,10,220,0,1,0
2025-08-06,Changampuzha Park,11,81,0,0,0
2025-08-06,Changampuzha Park,12,103,0,0,0
2025-08-06,Changampuzha Park,13,70,0,0,0
2025-08-06,Changampuzha Park,14,83,0,0,0
2025-08-06,Changampuzha Park,15,92,0,0,0
2025-08-06,Changampuzha Park,16,86,0,0,0
2025-08-06,Changampuzha Park,17,173,0,0,1
2025-08-06,Changampuzha Park,18,207,0,0,1
2025-08-06,Changampuzha Park,19,223,0,0,1
2025-08-06,Changampuzha Park,20,186,0,0,1
2025-08-06,Changampuzha Park,21,78,0,0,0
2025-08-06,Changampuzha Park,22,75,0,0,0
2025-08-06,Palarivattom,6,80,0,0,0
2025-08-06,Palarivattom,7,83,0,0,0
2025-08-06,Palarivattom,8,194,0,1,0
2025-08-06,Palarivattom,9,202,0,1,0
2025-08-06,Palarivattom,10,193,0,1,0
2025-08-06,Palarivattom,11,86,0,0,0
2025-08-06,Palarivattom,12,87,0,0,0
2025-08-06,Palarivattom,13,76,0,0,0
2025-08-06,Palarivattom,14,84,0,0,0
2025-08-06,Palarivattom,15,80,0,0,0
2025-08-06,Palarivattom,16,83,0,0,0
2025-08-06,Palarivattom,17,191,0,0,1
2025-08-06,Palarivattom,18,200,0,0,1
2025-08-06,Palarivattom,19,204,0,0,1
2025-08-06,Palarivattom,20,204,0,0,1
2025-08-06,Palarivattom,21,84,0,0,0
2025-08-06,Palarivattom,22,86,0,0,0
2025-08-06,JLN Stadium,6,78,0,0,0
2025-08-06,JLN Stadium,7,87,0,0,0
2025-08-06,JLN Stadium,8,202,0,1,0
2025-08-06,JLN Stadium,9,209,0,1,0
2025-08-06,JLN Stadium,10,194,0,1,0
2025-08-06,JLN Stadium,11,82,0,0,0
2025-08-06,JLN Stadium,12,76,0,0,0
2025-08-06,JLN Stadium,13,77,0,0,0
2025-08-06,JLN Stadium,14,78,0,0,0
2025-08-06,JLN Stadium,15,88,0,0,0
2025-08-06,JLN Stadium,16,79,0,0,0
2025-08-06,JLN Stadium,17,203,0,0,1
2025-08-06,JLN Stadium,18,165,0,0,1
2025-08-06,JLN Stadium,19,170,0,0,1
2025-08-06,JLN Stadium,20,228,0,0,1
2025-08-06,JLN Stadium,21,94,0,0,0
2025-08-06,JLN Stadium,22,98,0,0,0
2025-08-06,Kaloor Town Hall,6,83,0,0,0
2025-08-06,Kaloor Town Hall,7,67,0,0,0
2025-08-06,Kaloor Town Hall,8,206,0,1,0
2025-08-06,Kaloor Town Hall,9,202,0,1,0
2025-08-06,Kaloor Town Hall,10,202,0,1,0
2025-08-06,Kaloor Town Hall,11,82,0,0,0
2025-08-06,Kaloor Town Hall,12,80,0,0,0
2025-08-06,Kaloor Town Hall,13,79,0,0,0
2025-08-06,Kaloor Town Hall,14,70,0,0,0
2025-08-06,Kaloor Town Hall,15,71,0,0,0
2025-08-06,Kaloor Town Hall,16,85,0,0,0
2025-08-06,Kaloor Town Hall,17,210,0,0,1
2025-08-06,Kaloor Town Hall,18,213,0,0,1
2025-08-06,Kaloor Town Hall,19,201,0,0,1
2025-08-06,Kaloor Town Hall,20,231,0,0,1
2025-08-06,Kaloor Town Hall,21,68,0,0,0
2025-08-06,Kaloor Town Hall,22,85,0,0,0
2025-08-06,MG Road,6,194,0,0,0
2025-08-06,MG Road,7,184,0,0,0
2025-08-06,MG Road,8,497,0,1,0
2025-08-06,MG Road,9,484,0,1,0
2025-08-06,MG Road,10,478,0,1,0
2025-08-06,MG Road,11,214,0,0,0
2025-08-06,MG Road,12,215,0,0,0
2025-08-06,MG Road,13,213,0,0,0
2025-08-06,MG Road,14,193,0,0,0
2025-08-06,MG Road,15,181,0,0,0
2025-08-06,MG Road,16,189,0,0,0
2025-08-06,MG Road,17,497,0,0,1
2025-08-06,MG Road,18,491,0,0,1
2025-08-06,MG Road,19,493,0,0,1
2025-08-06,MG Road,20,492,0,0,1
2025-08-06,MG Road,21,183,0,0,0
2025-08-06,MG Road,22,208,0,0,0
2025-08-06,Maharaja's College,6,71,0,0,0
2025-08-06,Maharaja's College,7,82,0,0,0
2025-08-06,Maharaja's College,8,195,0,1,0
2025-08-06,Maharaja's College,9,180,0,1,0
2025-08-06,Maharaja's College,10,190,0,1,0
2025-08-06,Maharaja's College,11,74,0,0,0
2025-08-06,Maharaja's College,12,74,0,0,0
2025-08-06,Maharaja's College,13,86,0,0,0
2025-08-06,Maharaja's College,14,68,0,0,0
2025-08-06,Maharaja's College,15,81,0,0,0
2025-08-06,Maharaja's College,16,72,0,0,0
2025-08-06,Maharaja's College,17,222,0,0,1
2025-08-06,Maharaja's College,18,205,0,0,1
2025-08-06,Maharaja's College,19,198,0,0,1
2025-08-06,Maharaja's College,20,210,0,0,1
2025-08-06,Maharaja's College,21,71,0,0,0
2025-08-06,Maharaja's College,22,75,0,0,0
2025-08-06,Ernakulam South,6,181,0,0,0
2025-08-06,Ernakulam South,7,184,0,0,0
2025-08-06,Ernakulam South,8,500,0,1,0
2025-08-06,Ernakulam South,9,487,0,1,0
2025-08-06,Ernakulam South,10,530,0,1,0
2025-08-06,Ernakulam South,11,194,0,0,0
2025-08-06,Ernakulam South,12,174,0,0,0
2025-08-06,Ernakulam South,13,204,0,0,0
2025-08-06,Ernakulam South,14,184,0,0,0
2025-08-06,Ernakulam South,15,177,0,0,0
2025-08-06,Ernakulam South,16,195,0,0,0
2025-08-06,Ernakulam South,17,487,0,0,1
2025-08-06,Ernakulam South,18,481,0,0,1
2025-08-06,Ernakulam South,19,508,0,0,1
2025-08-06,Ernakulam South,20,481,0,0,1
2025-08-06,Ernakulam South,21,197,0,0,0
2025-08-06,Ernakulam South,22,197,0,0,0
2025-08-06,Kadavanthra,6,81,0,0,0
2025-08-06,Kadavanthra,7,71,0,0,0
2025-08-06,Kadavanthra,8,189,0,1,0
2025-08-06,Kadavanthra,9,219,0,1,0
2025-08-06,Kadavanthra,10,194,0,1,0
2025-08-06,Kadavanthra,11,63,0,0,0
2025-08-06,Kadavanthra,12,83,0,0,0
2025-08-06,Kadavanthra,13,76,0,0,0
2025-08-06,Kadavanthra,14,81,0,0,0
2025-08-06,Kadavanthra,15,82,0,0,0
2025-08-06,Kadavanthra,16,71,0,0,0
2025-08-06,Kadavanthra,17,202,0,0,1
2025-08-06,Kadavanthra,18,177,0,0,1
2025-08-06,Kadavanthra,19,210,0,0,1
2025-08-06,Kadavanthra,20,186,0,0,1
2025-08-06,Kadavanthra,21,89,0,0,0
2025-08-06,Kadavanthra,22,92,0,0,0
2025-08-06,Elamkulam,6,71,0,0,0
2025-08-06,Elamkulam,7,99,0,0,0
2025-08-06,Elamkulam,8,182,0,1,0
2025-08-06,Elamkulam,9,199,0,1,0
2025-08-06,Elamkulam,10,206,0,1,0
2025-08-06,Elamkulam,11,76,0,0,0
2025-08-06,Elamkulam,12,81,0,0,0
2025-08-06,Elamkulam,13,81,0,0,0
2025-08-06,Elamkulam,14,88,0,0,0
2025-08-06,Elamkulam,15,66,0,0,0
2025-08-06,Elamkulam,16,98,0,0,0
2025-08-06,Elamkulam,17,179,0,0,1
2025-08-06,Elamkulam,18,203,0,0,1
2025-08-06,Elamkulam,19,201,0,0,1
2025-08-06,Elamkulam,20,224,0,0,1
2025-08-06,Elamkulam,21,53,0,0,0
2025-08-06,Elamkulam,22,68,0,0,0
2025-08-06,Vyttila,6,69,0,0,0
2025-08-06,Vyttila,7,70,0,0,0
2025-08-06,Vyttila,8,196,0,1,0
2025-08-06,Vyttila,9,192,0,1,0
2025-08-06,Vyttila,10,204,0,1,0
2025-08-06,Vyttila,11,74,0,0,0
2025-08-06,Vyttila,12,82,0,0,0
2025-08-06,Vyttila,13,63,0,0,0
2025-08-06,Vyttila,14,96,0,0,0
2025-08-06,Vyttila,15,78,0,0,0
2025-08-06,Vyttila,16,82,0,0,0
2025-08-06,Vyttila,17,190,0,0,1
2025-08-06,Vyttila,18,199,0,0,1
2025-08-06,Vyttila,19,212,0,0,1
2025-08-06,Vyttila,20,186,0,0,1
2025-08-06,Vyttila,21,81,0,0,0
2025-08-06,Vyttila,22,86,0,0,0
2025-08-06,Thaikoodam,6,83,0,0,0
2025-08-06,Thaikoodam,7,84,0,0,0
2025-08-06,Thaikoodam,8,202,0,1,0
2025-08-06,Thaikoodam,9,185,0,1,0
2025-08-06,Thaikoodam,10,212,0,1,0
2025-08-06,Thaikoodam,11,78,0,0,0
2025-08-06,Thaikoodam,12,93,0,0,0
2025-08-06,Thaikoodam,13,81,0,0,0
2025-08-06,Thaikoodam,14,85,0,0,0
2025-08-06,Thaikoodam,15,65,0,0,0
2025-08-06,Thaikoodam,16,86,0,0,0
2025-08-06,Thaikoodam,17,203,0,0,1
2025-08-06,Thaikoodam,18,191,0,0,1
2025-08-06,Thaikoodam,19,231,0,0,1
2025-08-06,Thaikoodam,20,219,0,0,1
2025-08-06,Thaikoodam,21,87,0,0,0
2025-08-06,Thaikoodam,22,66,0,0,0
2025-08-06,Petta,6,77,0,0,0
2025-08-06,Petta,7,77,0,0,0
2025-08-06,Petta,8,172,0,1,0
2025-08-06,Petta,9,210,0,1,0
2025-08-06,Petta,10,221,0,1,0
2025-08-06,Petta,11,88,0,0,0
2025-08-06,Petta,12,76,0,0,0
2025-08-06,Petta,13,90,0,0,0
2025-08-06,Petta,14,76,0,0,0
2025-08-06,Petta,15,74,0,0,0
2025-08-06,Petta,16,88,0,0,0
2025-08-06,Petta,17,195,0,0,1
2025-08-06,Petta,18,209,0,0,1
2025-08-06,Petta,19,196,0,0,1
2025-08-06,Petta,20,203,0,0,1
2025-08-06,Petta,21,94,0,0,0
2025-08-06,Petta,22,78,0,0,0
2025-08-06,Vadakkekotta,6,69,0,0,0
2025-08-06,Vadakkekotta,7,82,0,0,0
2025-08-06,Vadakkekotta,8,197,0,1,0
2025-08-06,Vadakkekotta,9,178,0,1,0
2025-08-06,Vadakkekotta,10,221,0,1,0
2025-08-06,Vadakkekotta,11,56,0,0,0
2025-08-06,Vadakkekotta,12,84,0,0,0
2025-08-06,Vadakkekotta,13,87,0,0,0
2025-08-06,Vadakkekotta,14,93,0,0,0
2025-08-06,Vadakkekotta,15,77,0,0,0
2025-08-06,Vadakkekotta,16,90,0,0,0
2025-08-06,Vadakkekotta,17,211,0,0,1
2025-08-06,Vadakkekotta,18,191,0,0,1
2025-08-06,Vadakkekotta,19,216,0,0,1
2025-08-06,Vadakkekotta,20,197,0,0,1
2025-08-06,Vadakkekotta,21,82,0,0,0
2025-08-06,Vadakkekotta,22,66,0,0,0
2025-08-06,SN Junction,6,95,0,0,0
2025-08-06,SN Junction,7,72,0,0,0
2025-08-06,SN Junction,8,200,0,1,0
2025-08-06,SN Junction,9,210,0,1,0
2025-08-06,SN Junction,10,184,0,1,0
2025-08-06,SN Junction,11,96,0,0,0
2025-08-06,SN Junction,12,74,0,0,0
2025-08-06,SN Junction,13,83,0,0,0
2025-08-06,SN Junction,14,72,0,0,0
2025-08-06,SN Junction,15,70,0,0,0
2025-08-06,SN Junction,16,90,0,0,0
2025-08-06,SN Junction,17,192,0,0,1
2025-08-06,SN Junction,18,208,0,0,1
2025-08-06,SN Junction,19,182,0,0,1
2025-08-06,SN Junction,20,208,0,0,1
2025-08-06,SN Junction,21,79,0,0,0
2025-08-06,SN Junction,22,85,0,0,0
2025-08-06,Tripunithura Terminal,6,72,0,0,0
2025-08-06,Tripunithura Terminal,7,94,0,0,0
2025-08-06,Tripunithura Terminal,8,202,0,1,0
2025-08-06,Tripunithura Terminal,9,215,0,1,0
2025-08-06,Tripunithura Terminal,10,232,0,1,0
2025-08-06,Tripunithura Terminal,11,75,0,0,0
2025-08-06,Tripunithura Terminal,12,72,0,0,0
2025-08-06,Tripunithura Terminal,13,71,0,0,0
2025-08-06,Tripunithura Terminal,14,73,0,0,0
2025-08-06,Tripunithura Terminal,15,86,0,0,0
2025-08-06,Tripunithura Terminal,16,89,0,0,0
2025-08-06,Tripunithura Terminal,17,195,0,0,1
2025-08-06,Tripunithura Terminal,18,193,0,0,1
2025-08-06,Tripunithura Terminal,19,205,0,0,1
2025-08-06,Tripunithura Terminal,20,188,0,0,1
2025-08-06,Tripunithura Terminal,21,80,0,0,0
2025-08-06,Tripunithura Terminal,22,92,0,0,0
2025-08-13,Aluva,6,171,0,0,0
2025-08-13,Aluva,7,193,0,0,0
2025-08-13,Aluva,8,502,0,1,0
2025-08-13,Aluva,9,505,0,1,0
2025-08-13,Aluva,10,531,0,1,0
2025-08-13,Aluva,11,188,0,0,0
2025-08-13,Aluva,12,174,0,0,0
2025-08-13,Aluva,13,188,0,0,0
2025-08-13,Aluva,14,181,0,0,0
2025-08-13,Aluva,15,196,0,0,0
2025-08-13,Aluva,16,203,0,0,0
2025-08-13,Aluva,17,489,0,0,1
2025-08-13,Aluva,18,478,0,0,1
2025-08-13,Aluva,19,459,0,0,1
2025-08-13,Aluva,20,498,0,0,1
2025-08-13,Aluva,21,215,0,0,0
2025-08-13,Aluva,22,190,0,0,0
2025-08-13,Pulinchodu,6,80,0,0,0
2025-08-13,Pulinchodu,7,98,0,0,0
2025-08-13,Pulinchodu,8,203,0,1,0
2025-08-13,Pulinchodu,9,196,0,1,0
2025-08-13,Pulinchodu,10,220,0,1,0
2025-08-13,Pulinchodu,11,84,0,0,0
2025-08-13,Pulinchodu,12,78,0,0,0
2025-08-13,Pulinchodu,13,95,0,0,0
2025-08-13,Pulinchodu,14,84,0,0,0
2025-08-13,Pulinchodu,15,69,0,0,0
2025-08-13,Pulinchodu,16,71,0,0,0
2025-08-13,Pulinchodu,17,226,0,0,1
2025-08-13,Pulinchodu,18,215,0,0,1
2025-08-13,Pulinchodu,19,197,0,0,1
2025-08-13,Pulinchodu,20,187,0,0,1
2025-08-13,Pulinchodu,21,87,0,0,0
2025-08-13,Pulinchodu,22,77,0,0,0
2025-08-13,Companypady,6,71,0,0,0
2025-08-13,Companypady,7,93,0,0,0
2025-08-13,Companypady,8,185,0,1,0
2025-08-13,Companypady,9,186,0,1,0
2025-08-13,Companypady,10,184,0,1,0
2025-08-13,Companypady,11,62,0,0,0
2025-08-13,Companypady,12,74,0,0,0
2025-08-13,Companypady,13,93,0,0,0
2025-08-13,Companypady,14,78,0,0,0
2025-08-13,Companypady,15,69,0,0,0
2025-08-13,Companypady,16,74,0,0,0
2025-08-13,Companypady,17,207,0,0,1
2025-08-13,Companypady,18,209,0,0,1
2025-08-13,Companypady,19,212,0,0,1
2025-08-13,Companypady,20,193,0,0,1
2025-08-13,Companypady,21,87,0,0,0
2025-08-13,Companypady,22,91,0,0,0
2025-08-13,Ambattukavu,6,79,0,0,0
2025-08-13,Ambattukavu,7,87,0,0,0
2025-08-13,Ambattukavu,8,191,0,1,0
2025-08-13,Ambattukavu,9,190,0,1,0
2025-08-13,Ambattukavu,10,186,0,1,0
2025-08-13,Ambattukavu,11,90,0,0,0
2025-08-13,Ambattukavu,12,87,0,0,0
2025-08-13,Ambattukavu,13,65,0,0,0
2025-08-13,Ambattukavu,14,93,0,0,0
2025-08-13,Ambattukavu,15,77,0,0,0
2025-08-13,Ambattukavu,16,73,0,0,0
2025-08-13,Ambattukavu,17,224,0,0,1
2025-08-13,Ambattukavu,18,187,0,0,1
2025-08-13,Ambattukavu,19,219,0,0,1
2025-08-13,Ambattukavu,20,198,0,0,1
2025-08-13,Ambattukavu,21,71,0,0,0
2025-08-13,Ambattukavu,22,86,0,0,0
2025-08-13,Muttom,6,74,0,0,0
2025-08-13,Muttom,7,87,0,0,0
2025-08-13,Muttom,8,196,0,1,0
2025-08-13,Muttom,9,224,0,1,0
2025-08-13,Muttom,10,186,0,1,0
2025-08-13,Muttom,11,71,0,0,0
2025-08-13,Muttom,12,78,0,0,0
2025-08-13,Muttom,13,93,0,0,0
2025-08-13,Muttom,14,71,0,0,0
2025-08-13,Muttom,15,69,0,0,0
2025-08-13,Muttom,16,78,0,0,0
2025-08-13,Muttom,17,212,0,0,1
2025-08-13,Muttom,18,227,0,0,1
2025-08-13,Muttom,19,214,0,0,1
2025-08-13,Muttom,20,194,0,0,1
2025-08-13,Muttom,21,81,0,0,0
2025-08-13,Muttom,22,89,0,0,0
2025-08-13,Kalamassery,6,192,0,0,0
2025-08-13,Kalamassery,7,197,0,0,0
2025-08-13,Kalamassery,8,484,0,1,0
2025-08-13,Kalamassery,9,491,0,1,0
2025-08-13,Kalamassery,10,502,0,1,0
2025-08-13,Kalamassery,11,197,0,0,0
2025-08-13,Kalamassery,12,200,0,0,0
2025-08-13,Kalamassery,13,210,0,0,0
2025-08-13,Kalamassery,14,222,0,0,0
2025-08-13,Kalamassery,15,201,0,0,0
2025-08-13,Kalamassery,16,208,0,0,0
2025-08-13,Kalamassery,17,508,0,0,1
2025-08-13,Kalamassery,18,488,0,0,1
2025-08-13,Kalamassery,19,483,0,0,1
2025-08-13,Kalamassery,20,495,0,0,1
2025-08-13,Kalamassery,21,195,0,0,0
2025-08-13,Kalamassery,22,218,0,0,0
2025-08-13,CUSAT,6,66,0,0,0
2025-08-13,CUSAT,7,87,0,0,0
2025-08-13,CUSAT,8,201,0,1,0
2025-08-13,CUSAT,9,219,0,1,0
2025-08-13,CUSAT,10,214,0,1,0
2025-08-13,CUSAT,11,69,0,0,0
2025-08-13,CUSAT,12,66,0,0,0
2025-08-13,CUSAT,13,81,0,0,0
2025-08-13,CUSAT,14,80,0,0,0
2025-08-13,CUSAT,15,81,0,0,0
2025-08-13,CUSAT,16,78,0,0,0
2025-08-13,CUSAT,17,218,0,0,1
2025-08-13,CUSAT,18,196,0,0,1
2025-08-13,CUSAT,19,201,0,0,1
2025-08-13,CUSAT,20,191,0,0,1
2025-08-13,CUSAT,21,72,0,0,0
2025-08-13,CUSAT,22,72,0,0,0
2025-08-13,Pathadipalam,6,74,0,0,0
2025-08-13,Pathadipalam,7,67,0,0,0
2025-08-13,Pathadipalam,8,197,0,1,0
2025-08-13,Pathadipalam,9,195,0,1,0
2025-08-13,Pathadipalam,10,205,0,1,0
2025-08-13,Pathadipalam,11,92,0,0,0
2025-08-13,Pathadipalam,12,72,0,0,0
2025-08-13,Pathadipalam,13,80,0,0,0
2025-08-13,Pathadipalam,14,70,0,0,0
2025-08-13,Pathadipalam,15,91,0,0,0
2025-08-13,Pathadipalam,16,76,0,0,0
2025-08-13,Pathadipalam,17,203,0,0,1
2025-08-13,Pathadipalam,18,190,0,0,1
2025-08-13,Pathadipalam,19,209,0,0,1
2025-08-13,Pathadipalam,20,199,0,0,1
2025-08-13,Pathadipalam,21,80,0,0,0
2025-08-13,Pathadipalam,22,63,0,0,0
2025-08-13,Edappally,6,218,0,0,0
2025-08-13,Edappally,7,196,0,0,0
2025-08-13,Edappally,8,536,0,1,0
2025-08-13,Edappally,9,503,0,1,0
2025-08-13,Edappally,10,503,0,1,0
2025-08-13,Edappally,11,235,0,0,0
2025-08-13,Edappally,12,199,0,0,0
2025-08-13,Edappally,13,200,0,0,0
2025-08-13,Edappally,14,216,0,0,0
2025-08-13,Edappally,15,202,0,0,0
2025-08-13,Edappally,16,202,0,0,0
2025-08-13,Edappally,17,516,0,0,1
2025-08-13,Edappally,18,509,0,0,1
2025-08-13,Edappally,19,465,0,0,1
2025-08-13,Edappally,20,483,0,0,1
2025-08-13,Edappally,21,226,0,0,0
2025-08-13,Edappally,22,205,0,0,0
2025-08-13,Changampuzha Park,6,88,0,0,0
2025-08-13,Changampuzha Park,7,61,0,0,0
2025-08-13,Changampuzha Park,8,168,0,1,0
2025-08-13,Changampuzha Park,9,203,0,1,0
2025-08-13,Changampuzha Park,10,191,0,1,0
2025-08-13,Changampuzha Park,11,60,0,0,0
2025-08-13,Changampuzha Park,12,85,0,0,0
2025-08-13,Changampuzha Park,13,93,0,0,0
2025-08-13,Changampuzha Park,14,85,0,0,0
2025-08-13,Changampuzha Park,15,73,0,0,0
2025-08-13,Changampuzha Park,16,81,0,0,0
2025-08-13,Changampuzha Park,17,224,0,0,1
2025-08-13,Changampuzha Park,18,202,0,0,1
2025-08-13,Changampuzha Park,19,218,0,0,1
2025-08-13,Changampuzha Park,20,204,0,0,1
2025-08-13,Changampuzha Park,21,60,0,0,0
2025-08-13,Changampuzha Park,22,96,0,0,0
2025-08-13,Palarivattom,6,92,0,0,0
2025-08-13,Palarivattom,7,89,0,0,0
2025-08-13,Palarivattom,8,197,0,1,0
2025-08-13,Palarivattom,9,205,0,1,0
2025-08-13,Palarivattom,10,213,0,1,0
2025-08-13,Palarivattom,11,86,0,0,0
2025-08-13,Palarivattom,12,84,0,0,0
2025-08-13,Palarivattom,13,97,0,0,0
2025-08-13,Palarivattom,14,76,0,0,0
2025-08-13,Palarivattom,15,68,0,0,0
2025-08-13,Palarivattom,16,73,0,0,0
2025-08-13,Palarivattom,17,183,0,0,1
2025-08-13,Palarivattom,18,207,0,0,1
2025-08-13,Palarivattom,19,180,0,0,1
2025-08-13,Palarivattom,20,219,0,0,1
2025-08-13,Palarivattom,21,72,0,0,0
2025-08-13,Palarivattom,22,82,0,0,0
2025-08-13,JLN Stadium,6,89,0,0,0
2025-08-13,JLN Stadium,7,79,0,0,0
2025-08-13,JLN Stadium,8,196,0,1,0
2025-08-13,JLN Stadium,9,178,0,1,0
2025-08-13,JLN Stadium,10,202,0,1,0
2025-08-13,JLN Stadium,11,91,0,0,0
2025-08-13,JLN Stadium,12,82,0,0,0
2025-08-13,JLN Stadium,13,75,0,0,0
2025-08-13,JLN Stadium,14,75,0,0,0
2025-08-13,JLN Stadium,15,82,0,0,0
2025-08-13,JLN Stadium,16,82,0,0,0
2025-08-13,JLN Stadium,17,216,0,0,1
2025-08-13,JLN Stadium,18,203,0,0,1
2025-08-13,JLN Stadium,19,221,0,0,1
2025-08-13,JLN Stadium,20,214,0,0,1
2025-08-13,JLN Stadium,21,83,0,0,0
2025-08-13,JLN Stadium,22,97,0,0,0
2025-08-13,Kaloor Town Hall,6,77,0,0,0
2025-08-13,Kaloor Town Hall,7,82,0,0,0
2025-08-13,Kaloor Town Hall,8,198,0,1,0
2025-08-13,Kaloor Town Hall,9,199,0,1,0
2025-08-13,Kaloor Town Hall,10,181,0,1,0
2025-08-13,Kaloor Town Hall,11,84,0,0,0
2025-08-13,Kaloor Town Hall,12,85,0,0,0
2025-08-13,Kaloor Town Hall,13,76,0,0,0
2025-08-13,Kaloor Town Hall,14,79,0,0,0
2025-08-13,Kaloor Town Hall,15,84,0,0,0
2025-08-13,Kaloor Town Hall,16,76,0,0,0
2025-08-13,Kaloor Town Hall,17,198,0,0,1
2025-08-13,Kaloor Town Hall,18,174,0,0,1
2025-08-13,Kaloor Town Hall,19,182,0,0,1
2025-08-13,Kaloor Town Hall,20,214,0,0,1
2025-08-13,Kaloor Town Hall,21,92,0,0,0
2025-08-13,Kaloor Town Hall,22,76,0,0,0
2025-08-13,MG Road,6,200,0,0,0
2025-08-13,MG Road,7,194,0,0,0
2025-08-13,MG Road,8,465,0,1,0
2025-08-13,MG Road,9,503,0,1,0
2025-08-13,MG Road,10,493,0,1,0
2025-08-13,MG Road,11,187,0,0,0
2025-08-13,MG Road,12,201,0,0,0
2025-08-13,MG Road,13,182,0,0,0
2025-08-13,MG Road,14,213,0,0,0
2025-08-13,MG Road,15,201,0,0,0
2025-08-13,MG Road,16,204,0,0,0
2025-08-13,MG Road,17,524,0,0,1
2025-08-13,MG Road,18,493,0,0,1
2025-08-13,MG Road,19,501,0,0,1
2025-08-13,MG Road,20,547,0,0,1
2025-08-13,MG Road,21,195,0,0,0
2025-08-13,MG Road,22,205,0,0,0
2025-08-13,Maharaja's College,6,71,0,0,0
2025-08-13,Maharaja's College,7,74,0,0,0
2025-08-13,Maharaja's College,8,203,0,1,0
2025-08-13,Maharaja's College,9,198,0,1,0
2025-08-13,Maharaja's College,10,211,0,1,0
2025-08-13,Maharaja's College,11,70,0,0,0
2025-08-13,Maharaja's College,12,83,0,0,0
2025-08-13,Maharaja's College,13,84,0,0,0
2025-08-13,Maharaja's College,14,75,0,0,0
2025-08-13,Maharaja's College,15,89,0,0,0
2025-08-13,Maharaja's College,16,77,0,0,0
2025-08-13,Maharaja's College,17,191,0,0,1
2025-08-13,Maharaja's College,18,189,0,0,1
2025-08-13,Maharaja's College,19,206,0,0,1
2025-08-13,Maharaja's College,20,195,0,0,1
2025-08-13,Maharaja's College,21,89,0,0,0
2025-08-13,Maharaja's College,22,79,0,0,0
2025-08-13,Ernakulam South,6,218,0,0,0
2025-08-13,Ernakulam South,7,184,0,0,0
2025-08-13,Ernakulam South,8,504,0,1,0
2025-08-13,Ernakulam South,9,503,0,1,0
2025-08-13,Ernakulam South,10,513,0,1,0
2025-08-13,Ernakulam South,11,183,0,0,0
2025-08-13,Ernakulam South,12,190,0,0,0
2025-08-13,Ernakulam South,13,203,0,0,0
2025-08-13,Ernakulam South,14,213,0,0,0
2025-08-13,Ernakulam South,15,201,0,0,0
2025-08-13,Ernakulam South,16,180,0,0,0
2025-08-13,Ernakulam South,17,524,0,0,1
2025-08-13,Ernakulam South,18,485,0,0,1
2025-08-13,Ernakulam South,19,478,0,0,1
2025-08-13,Ernakulam South,20,527,0,0,1
2025-08-13,Ernakulam South,21,215,0,0,0
2025-08-13,Ernakulam South,22,199,0,0,0
2025-08-13,Kadavanthra,6,89,0,0,0
2025-08-13,Kadavanthra,7,71,0,0,0
2025-08-13,Kadavanthra,8,195,0,1,0
2025-08-13,Kadavanthra,9,179,0,1,0
2025-08-13,Kadavanthra,10,210,0,1,0
2025-08-13,Kadavanthra,11,87,0,0,0
2025-08-13,Kadavanthra,12,75,0,0,0
2025-08-13,Kadavanthra,13,97,0,0,0
2025-08-13,Kadavanthra,14,82,0,0,0
2025-08-13,Kadavanthra,15,77,0,0,0
2025-08-13,Kadavanthra,16,79,0,0,0
2025-08-13,Kadavanthra,17,189,0,0,1
2025-08-13,Kadavanthra,18,184,0,0,1
2025-08-13,Kadavanthra,19,185,0,0,1
2025-08-13,Kadavanthra,20,188,0,0,1
2025-08-13,Kadavanthra,21,84,0,0,0
2025-08-13,Kadavanthra,22,77,0,0,0
2025-08-13,Elamkulam,6,79,0,0,0
2025-08-13,Elamkulam,7,71,0,0,0
2025-08-13,Elamkulam,8,200,0,1,0
2025-08-13,Elamkulam,9,201,0,1,0
2025-08-13,Elamkulam,10,194,0,1,0
2025-08-13,Elamkulam,11,74,0,0,0
2025-08-13,Elamkulam,12,63,0,0,0
2025-08-13,Elamkulam,13,93,0,0,0
2025-08-13,Elamkulam,14,70,0,0,0
2025-08-13,Elamkulam,15,114,0,0,0
2025-08-13,Elamkulam,16,83,0,0,0
2025-08-13,Elamkulam,17,219,0,0,1
2025-08-13,Elamkulam,18,197,0,0,1
2025-08-13,Elamkulam,19,208,0,0,1
2025-08-13,Elamkulam,20,209,0,0,1
2025-08-13,Elamkulam,21,83,0,0,0
2025-08-13,Elamkulam,22,83,0,0,0
2025-08-13,Vyttila,6,78,0,0,0
2025-08-13,Vyttila,7,67,0,0,0
2025-08-13,Vyttila,8,198,0,1,0
2025-08-13,Vyttila,9,170,0,1,0
2025-08-13,Vyttila,10,169,0,1,0
2025-08-13,Vyttila,11,80,0,0,0
2025-08-13,Vyttila,12,76,0,0,0
2025-08-13,Vyttila,13,88,0,0,0
2025-08-13,Vyttila,14,76,0,0,0
2025-08-13,Vyttila,15,66,0,0,0
2025-08-13,Vyttila,16,72,0,0,0
2025-08-13,Vyttila,17,199,0,0,1
2025-08-13,Vyttila,18,223,0,0,1
2025-08-13,Vyttila,19,208,0,0,1
2025-08-13,Vyttila,20,194,0,0,1
2025-08-13,Vyttila,21,80,0,0,0
2025-08-13,Vyttila,22,78,0,0,0
2025-08-13,Thaikoodam,6,92,0,0,0
2025-08-13,Thaikoodam,7,83,0,0,0
2025-08-13,Thaikoodam,8,205,0,1,0
2025-08-13,Thaikoodam,9,186,0,1,0
2025-08-13,Thaikoodam,10,202,0,1,0
2025-08-13,Thaikoodam,11,68,0,0,0
2025-08-13,Thaikoodam,12,74,0,0,0
2025-08-13,Thaikoodam,13,68,0,0,0
2025-08-13,Thaikoodam,14,94,0,0,0
2025-08-13,Thaikoodam,15,77,0,0,0
2025-08-13,Thaikoodam,16,86,0,0,0
2025-08-13,Thaikoodam,17,197,0,0,1
2025-08-13,Thaikoodam,18,205,0,0,1
2025-08-13,Thaikoodam,19,202,0,0,1
2025-08-13,Thaikoodam,20,175,0,0,1
2025-08-13,Thaikoodam,21,72,0,0,0
2025-08-13,Thaikoodam,22,75,0,0,0
2025-08-13,Petta,6,90,0,0,0
2025-08-13,Petta,7,57,0,0,0
2025-08-13,Petta,8,185,0,1,0
2025-08-13,Petta,9,220,0,1,0
2025-08-13,Petta,10,207,0,1,0
2025-08-13,Petta,11,63,0,0,0
2025-08-13,Petta,12,82,0,0,0
2025-08-13,Petta,13,87,0,0,0
2025-08-13,Petta,14,64,0,0,0
2025-08-13,Petta,15,79,0,0,0
2025-08-13,Petta,16,73,0,0,0
2025-08-13,Petta,17,193,0,0,1
2025-08-13,Petta,18,179,0,0,1
2025-08-13,Petta,19,198,0,0,1
2025-08-13,Petta,20,190,0,0,1
2025-08-13,Petta,21,82,0,0,0
2025-08-13,Petta,22,81,0,0,0
2025-08-13,Vadakkekotta,6,78,0,0,0
2025-08-13,Vadakkekotta,7,91,0,0,0
2025-08-13,Vadakkekotta,8,162,0,1,0
2025-08-13,Vadakkekotta,9,200,0,1,0
2025-08-13,Vadakkekotta,10,219,0,1,0
2025-08-13,Vadakkekotta,11,70,0,0,0
2025-08-13,Vadakkekotta,12,85,0,0,0
2025-08-13,Vadakkekotta,13,69,0,0,0
2025-08-13,Vadakkekotta,14,72,0,0,0
2025-08-13,Vadakkekotta,15,85,0,0,0
2025-08-13,Vadakkekotta,16,81,0,0,0
2025-08-13,Vadakkekotta,17,205,0,0,1
2025-08-13,Vadakkekotta,18,190,0,0,1
2025-08-13,Vadakkekotta,19,185,0,0,1
2025-08-13,Vadakkekotta,20,197,0,0,1
2025-08-13,Vadakkekotta,21,90,0,0,0
2025-08-13,Vadakkekotta,22,84,0,0,0
2025-08-13,SN Junction,6,75,0,0,0
2025-08-13,SN Junction,7,64,0,0,0
2025-08-13,SN Junction,8,203,0,1,0
2025-08-13,SN Junction,9,215,0,1,0
2025-08-13,SN Junction,10,212,0,1,0
2025-08-13,SN Junction,11,69,0,0,0
2025-08-13,SN Junction,12,88,0,0,0
2025-08-13,SN Junction,13,62,0,0,0
2025-08-13,SN Junction,14,80,0,0,0
2025-08-13,SN Junction,15,79,0,0,0
2025-08-13,SN Junction,16,87,0,0,0
2025-08-13,SN Junction,17,218,0,0,1
2025-08-13,SN Junction,18,209,0,0,1
2025-08-13,SN Junction,19,198,0,0,1
2025-08-13,SN Junction,20,206,0,0,1
2025-08-13,SN Junction,21,90,0,0,0
2025-08-13,SN Junction,22,57,0,0,0
2025-08-13,Tripunithura Terminal,6,71,0,0,0
2025-08-13,Tripunithura Terminal,7,77,0,0,0
2025-08-13,Tripunithura Terminal,8,192,0,1,0
2025-08-13,Tripunithura Terminal,9,196,0,1,0
2025-08-13,Tripunithura Terminal,10,210,0,1,0
2025-08-13,Tripunithura Terminal,11,96,0,0,0
2025-08-13,Tripunithura Terminal,12,78,0,0,0
2025-08-13,Tripunithura Terminal,13,81,0,0,0
2025-08-13,Tripunithura Terminal,14,87,0,0,0
2025-08-13,Tripunithura Terminal,15,78,0,0,0
2025-08-13,Tripunithura Terminal,16,74,0,0,0
2025-08-13,Tripunithura Terminal,17,226,0,0,1
2025-08-13,Tripunithura Terminal,18,222,0,0,1
2025-08-13,Tripunithura Terminal,19,229,0,0,1
2025-08-13,Tripunithura Terminal,20,195,0,0,1
2025-08-13,Tripunithura Terminal,21,86,0,0,0
2025-08-13,Tripunithura Terminal,22,75,0,0,0
2025-08-20,Aluva,6,224,0,0,0
2025-08-20,Aluva,7,174,0,0,0
2025-08-20,Aluva,8,543,0,1,0
2025-08-20,Aluva,9,541,0,1,0
2025-08-20,Aluva,10,493,0,1,0
2025-08-20,Aluva,11,224,0,0,0
2025-08-20,Aluva,12,205,0,0,0
2025-08-20,Aluva,13,216,0,0,0
2025-08-20,Aluva,14,184,0,0,0
2025-08-20,Aluva,15,187,0,0,0
2025-08-20,Aluva,16,192,0,0,0
2025-08-20,Aluva,17,500,0,0,1
2025-08-20,Aluva,18,497,0,0,1
2025-08-20,Aluva,19,486,0,0,1
2025-08-20,Aluva,20,491,0,0,1
2025-08-20,Aluva,21,223,0,0,0
2025-08-20,Aluva,22,186,0,0,0
2025-08-20,Pulinchodu,6,69,0,0,0
2025-08-20,Pulinchodu,7,78,0,0,0
2025-08-20,Pulinchodu,8,193,0,1,0
2025-08-20,Pulinchodu,9,181,0,1,0
2025-08-20,Pulinchodu,10,195,0,1,0
2025-08-20,Pulinchodu,11,93,0,0,0
2025-08-20,Pulinchodu,12,87,0,0,0
2025-08-20,Pulinchodu,13,74,0,0,0
2025-08-20,Pulinchodu,14,72,0,0,0
2025-08-20,Pulinchodu,15,81,0,0,0
2025-08-20,Pulinchodu,16,74,0,0,0
2025-08-20,Pulinchodu,17,203,0,0,1
2025-08-20,Pulinchodu,18,207,0,0,1
2025-08-20,Pulinchodu,19,185,0,0,1
2025-08-20,Pulinchodu,20,180,0,0,1
2025-08-20,Pulinchodu,21,66,0,0,0
2025-08-20,Pulinchodu,22,85,0,0,0
2025-08-20,Companypady,6,64,0,0,0
2025-08-20,Companypady,7,68,0,0,0
2025-08-20,Companypady,8,187,0,1,0
2025-08-20,Companypady,9,181,0,1,0
2025-08-20,Companypady,10,188,0,1,0
2025-08-20,Companypady,11,87,0,0,0
2025-08-20,Companypady,12,80,0,0,0
2025-08-20,Companypady,13,87,0,0,0
2025-08-20,Companypady,14,66,0,0,0
2025-08-20,Companypady,15,82,0,0,0
2025-08-20,Companypady,16,88,0,0,0
2025-08-20,Companypady,17,191,0,0,1
2025-08-20,Companypady,18,199,0,0,1
2025-08-20,Companypady,19,206,0,0,1
2025-08-20,Companypady,20,213,0,0,1
2025-08-20,Companypady,21,78,0,0,0
2025-08-20,Companypady,22,81,0,0,0
2025-08-20,Ambattukavu,6,89,0,0,0
2025-08-20,Ambattukavu,7,85,0,0,0
2025-08-20,Ambattukavu,8,205,0,1,0
2025-08-20,Ambattukavu,9,212,0,1,0
2025-08-20,Ambattukavu,10,182,0,1,0
2025-08-20,Ambattukavu,11,81,0,0,0
2025-08-20,Ambattukavu,12,92,0,0,0
2025-08-20,Ambattukavu,13,75,0,0,0
2025-08-20,Ambattukavu,14,90,0,0,0
2025-08-20,Ambattukavu,15,74,0,0,0
2025-08-20,Ambattukavu,16,82,0,0,0
2025-08-20,Ambattukavu,17,196,0,0,1
2025-08-20,Ambattukavu,18,189,0,0,1
2025-08-20,Ambattukavu,19,209,0,0,1
2025-08-20,Ambattukavu,20,222,0,0,1
2025-08-20,Ambattukavu,21,80,0,0,0
2025-08-20,Ambattukavu,22,71,0,0,0
2025-08-20,Muttom,6,67,0,0,0
2025-08-20,Muttom,7,74,0,0,0
2025-08-20,Muttom,8,205,0,1,0
2025-08-20,Muttom,9,186,0,1,0
2025-08-20,Muttom,10,207,0,1,0
2025-08-20,Muttom,11,76,0,0,0
2025-08-20,Muttom,12,78,0,0,0
2025-08-20,Muttom,13,81,0,0,0
2025-08-20,Muttom,14,68,0,0,0
2025-08-20,Muttom,15,77,0,0,0
2025-08-20,Muttom,16,99,0,0,0
2025-08-20,Muttom,17,201,0,0,1
2025-08-20,Muttom,18,186,0,0,1
2025-08-20,Muttom,19,210,0,0,1
2025-08-20,Muttom,20,161,0,0,1
2025-08-20,Muttom,21,86,0,0,0
2025-08-20,Muttom,22,77,0,0,0
2025-08-20,Kalamassery,6,193,0,0,0
2025-08-20,Kalamassery,7,199,0,0,0
2025-08-20,Kalamassery,8,516,0,1,0
2025-08-20,Kalamassery,9,546,0,1,0
2025-08-20,Kalamassery,10,481,0,1,0
2025-08-20,Kalamassery,11,182,0,0,0
2025-08-20,Kalamassery,12,217,0,0,0
2025-08-20,Kalamassery,13,197,0,0,0
2025-08-20,Kalamassery,14,173,0,0,0
2025-08-20,Kalamassery,15,188,0,0,0
2025-08-20,Kalamassery,16,197,0,0,0
2025-08-20,Kalamassery,17,484,0,0,1
2025-08-20,Kalamassery,18,476,0,0,1
2025-08-20,Kalamassery,19,475,0,0,1
2025-08-20,Kalamassery,20,499,0,0,1
2025-08-20,Kalamassery,21,188,0,0,0
2025-08-20,Kalamassery,22,216,0,0,0
2025-08-20,CUSAT,6,80,0,0,0
2025-08-20,CUSAT,7,81,0,0,0
2025-08-20,CUSAT,8,183,0,1,0
2025-08-20,CUSAT,9,190,0,1,0
2025-08-20,CUSAT,10,205,0,1,0
2025-08-20,CUSAT,11,79,0,0,0
2025-08-20,CUSAT,12,94,0,0,0
2025-08-20,CUSAT,13,75,0,0,0
2025-08-20,CUSAT,14,77,0,0,0
2025-08-20,CUSAT,15,71,0,0,0
2025-08-20,CUSAT,16,77,0,0,0
2025-08-20,CUSAT,17,201,0,0,1
2025-08-20,CUSAT,18,176,0,0,1
2025-08-20,CUSAT,19,190,0,0,1
2025-08-20,CUSAT,20,217,0,0,1
2025-08-20,CUSAT,21,76,0,0,0
2025-08-20,CUSAT,22,63,0,0,0
2025-08-20,Pathadipalam,6,76,0,0,0
2025-08-20,Pathadipalam,7,82,0,0,0
2025-08-20,Pathadipalam,8,214,0,1,0
2025-08-20,Pathadipalam,9,201,0,1,0
2025-08-20,Pathadipalam,10,216,0,1,0
2025-08-20,Pathadipalam,11,76,0,0,0
2025-08-20,Pathadipalam,12,83,0,0,0
2025-08-20,Pathadipalam,13,67,0,0,0
2025-08-20,Pathadipalam,14,78,0,0,0
2025-08-20,Pathadipalam,15,87,0,0,0
2025-08-20,Pathadipalam,16,63,0,0,0
2025-08-20,Pathadipalam,17,208,0,0,1
2025-08-20,Pathadipalam,18,199,0,0,1
2025-08-20,Pathadipalam,19,185,0,0,1
2025-08-20,Pathadipalam,20,179,0,0,1
2025-08-20,Pathadipalam,21,78,0,0,0
2025-08-20,Pathadipalam,22,75,0,0,0
2025-08-20,Edappally,6,223,0,0,0
2025-08-20,Edappally,7,202,0,0,0
2025-08-20,Edappally,8,524,0,1,0
2025-08-20,Edappally,9,520,0,1,0
2025-08-20,Edappally,10,513,0,1,0
2025-08-20,Edappally,11,202,0,0,0
2025-08-20,Edappally,12,214,0,0,0
2025-08-20,Edappally,13,171,0,0,0
2025-08-20,Edappally,14,200,0,0,0
2025-08-20,Edappally,15,209,0,0,0
2025-08-20,Edappally,16,224,0,0,0
2025-08-20,Edappally,17,517,0,0,1
2025-08-20,Edappally,18,526,0,0,1
2025-08-20,Edappally,19,533,0,0,1
2025-08-20,Edappally,20,535,0,0,1
2025-08-20,Edappally,21,184,0,0,0
2025-08-20,Edappally,22,190,0,0,0
2025-08-20,Changampuzha Park,6,84,0,0,0
2025-08-20,Changampuzha Park,7,72,0,0,0
2025-08-20,Changampuzha Park,8,207,0,1,0
2025-08-20,Changampuzha Park,9,182,0,1,0
2025-08-20,Changampuzha Park,10,219,0,1,0
2025-08-20,Changampuzha Park,11,65,0,0,0
2025-08-20,Changampuzha Park,12,94,0,0,0
2025-08-20,Changampuzha Park,13,87,0,0,0
2025-08-20,Changampuzha Park,14,81,0,0,0
2025-08-20,Changampuzha Park,15,83,0,0,0
2025-08-20,Changampuzha Park,16,78,0,0,0
2025-08-20,Changampuzha Park,17,165,0,0,1
2025-08-20,Changampuzha Park,18,205,0,0,1
2025-08-20,Changampuzha Park,19,167,0,0,1
2025-08-20,Changampuzha Park,20,211,0,0,1
2025-08-20,Changampuzha Park,21,76,0,0,0
2025-08-20,Changampuzha Park,22,77,0,0,0
2025-08-20,Palarivattom,6,76,0,0,0
2025-08-20,Palarivattom,7,74,0,0,0
2025-08-20,Palarivattom,8,195,0,1,0
2025-08-20,Palarivattom,9,220,0,1,0
2025-08-20,Palarivattom,10,174,0,1,0
2025-08-20,Palarivattom,11,90,0,0,0
2025-08-20,Palarivattom,12,79,0,0,0
2025-08-20,Palarivattom,13,78,0,0,0
2025-08-20,Palarivattom,14,84,0,0,0
2025-08-20,Palarivattom,15,85,0,0,0
2025-08-20,Palarivattom,16,83,0,0,0
2025-08-20,Palarivattom,17,227,0,0,1
2025-08-20,Palarivattom,18,221,0,0,1
2025-08-20,Palarivattom,19,217,0,0,1
2025-08-20,Palarivattom,20,189,0,0,1
2025-08-20,Palarivattom,21,80,0,0,0
2025-08-20,Palarivattom,22,76,0,0,0
2025-08-20,JLN Stadium,6,76,0,0,0
2025-08-20,JLN Stadium,7,86,0,0,0
2025-08-20,JLN Stadium,8,224,0,1,0
2025-08-20,JLN Stadium,9,192,0,1,0
2025-08-20,JLN Stadium,10,197,0,1,0
2025-08-20,JLN Stadium,11,72,0,0,0
2025-08-20,JLN Stadium,12,83,0,0,0
2025-08-20,JLN Stadium,13,77,0,0,0
2025-08-20,JLN Stadium,14,87,0,0,0
2025-08-20,JLN Stadium,15,81,0,0,0
2025-08-20,JLN Stadium,16,74,0,0,0
2025-08-20,JLN Stadium,17,221,0,0,1
2025-08-20,JLN Stadium,18,191,0,0,1
2025-08-20,JLN Stadium,19,201,0,0,1
2025-08-20,JLN Stadium,20,195,0,0,1
2025-08-20,JLN Stadium,21,89,0,0,0
2025-08-20,JLN Stadium,22,85,0,0,0
2025-08-20,Kaloor Town Hall,6,64,0,0,0
2025-08-20,Kaloor Town Hall,7,78,0,0,0
2025-08-20,Kaloor Town Hall,8,199,0,1,0
2025-08-20,Kaloor Town Hall,9,212,0,1,0
2025-08-20,Kaloor Town Hall,10,182,0,1,0
2025-08-20,Kaloor Town Hall,11,93,0,0,0
2025-08-20,Kaloor Town Hall,12,70,0,0,0
2025-08-20,Kaloor Town Hall,13,83,0,0,0
2025-08-20,Kaloor Town Hall,14,68,0,0,0
2025-08-20,Kaloor Town Hall,15,107,0,0,0
2025-08-20,Kaloor Town Hall,16,112,0,0,0
2025-08-20,Kaloor Town Hall,17,201,0,0,1
2025-08-20,Kaloor Town Hall,18,199,0,0,1
2025-08-20,Kaloor Town Hall,19,198,0,0,1
2025-08-20,Kaloor Town Hall,20,213,0,0,1
2025-08-20,Kaloor Town Hall,21,71,0,0,0
2025-08-20,Kaloor Town Hall,22,69,0,0,0
2025-08-20,MG Road,6,163,0,0,0
2025-08-20,MG Road,7,197,0,0,0
2025-08-20,MG Road,8,490,0,1,0
2025-08-20,MG Road,9,534,0,1,0
2025-08-20,MG Road,10,488,0,1,0
2025-08-20,MG Road,11,255,0,0,0
2025-08-20,MG Road,12,173,0,0,0
2025-08-20,MG Road,13,171,0,0,0
2025-08-20,MG Road,14,195,0,0,0
2025-08-20,MG Road,15,178,0,0,0
2025-08-20,MG Road,16,211,0,0,0
2025-08-20,MG Road,17,513,0,0,1
2025-08-20,MG Road,18,549,0,0,1
2025-08-20,MG Road,19,489,0,0,1
2025-08-20,MG Road,20,542,0,0,1
2025-08-20,MG Road,21,190,0,0,0
2025-08-20,MG Road,22,237,0,0,0
2025-08-20,Maharaja's College,6,94,0,0,0
2025-08-20,Maharaja's College,7,86,0,0,0
2025-08-20,Maharaja's College,8,199,0,1,0
2025-08-20,Maharaja's College,9,199,0,1,0
2025-08-20,Maharaja's College,10,198,0,1,0
2025-08-20,Maharaja's College,11,82,0,0,0
2025-08-20,Maharaja's College,12,79,0,0,0
2025-08-20,Maharaja's College,13,78,0,0,0
2025-08-20,Maharaja's College,14,74,0,0,0
2025-08-20,Maharaja's College,15,68,0,0,0
2025-08-20,Maharaja's College,16,76,0,0,0
2025-08-20,Maharaja's College,17,197,0,0,1
2025-08-20,Maharaja's College,18,204,0,0,1
2025-08-20,Maharaja's College,19,196,0,0,1
2025-08-20,Maharaja's College,20,188,0,0,1
2025-08-20,Maharaja's College,21,77,0,0,0
2025-08-20,Maharaja's College,22,70,0,0,0
2025-08-20,Ernakulam South,6,219,0,0,0
2025-08-20,Ernakulam South,7,217,0,0,0
2025-08-20,Ernakulam South,8,482,0,1,0
2025-08-20,Ernakulam South,9,488,0,1,0
2025-08-20,Ernakulam South,10,534,0,1,0
2025-08-20,Ernakulam South,11,201,0,0,0
2025-08-20,Ernakulam South,12,193,0,0,0
2025-08-20,Ernakulam South,13,181,0,0,0
2025-08-20,Ernakulam South,14,215,0,0,0
2025-08-20,Ernakulam South,15,196,0,0,0
2025-08-20,Ernakulam South,16,202,0,0,0
2025-08-20,Ernakulam South,17,514,0,0,1
2025-08-20,Ernakulam South,18,513,0,0,1
2025-08-20,Ernakulam South,19,507,0,0,1
2025-08-20,Ernakulam South,20,534,0,0,1
2025-08-20,Ernakulam South,21,188,0,0,0
2025-08-20,Ernakulam South,22,207,0,0,0
2025-08-20,Kadavanthra,6,81,0,0,0
2025-08-20,Kadavanthra,7,91,0,0,0
2025-08-20,Kadavanthra,8,211,0,1,0
2025-08-20,Kadavanthra,9,203,0,1,0
2025-08-20,Kadavanthra,10,175,0,1,0
2025-08-20,Kadavanthra,11,73,0,0,0
2025-08-20,Kadavanthra,12,75,0,0,0
2025-08-20,Kadavanthra,13,96,0,0,0
2025-08-20,Kadavanthra,14,96,0,0,0
2025-08-20,Kadavanthra,15,66,0,0,0
2025-08-20,Kadavanthra,16,76,0,0,0
2025-08-20,Kadavanthra,17,202,0,0,1
2025-08-20,Kadavanthra,18,201,0,0,1
2025-08-20,Kadavanthra,19,187,0,0,1
2025-08-20,Kadavanthra,20,199,0,0,1
2025-08-20,Kadavanthra,21,82,0,0,0
2025-08-20,Kadavanthra,22,89,0,0,0
2025-08-20,Elamkulam,6,85,0,0,0
2025-08-20,Elamkulam,7,85,0,0,0
2025-08-20,Elamkulam,8,177,0,1,0
2025-08-20,Elamkulam,9,211,0,1,0
2025-08-20,Elamkulam,10,199,0,1,0
2025-08-20,Elamkulam,11,95,0,0,0
2025-08-20,Elamkulam,12,79,0,0,0
2025-08-20,Elamkulam,13,79,0,0,0
2025-08-20,Elamkulam,14,86,0,0,0
2025-08-20,Elamkulam,15,80,0,0,0
2025-08-20,Elamkulam,16,83,0,0,0
2025-08-20,Elamkulam,17,208,0,0,1
2025-08-20,Elamkulam,18,201,0,0,1
2025-08-20,Elamkulam,19,179,0,0,1
2025-08-20,Elamkulam,20,201,0,0,1
2025-08-20,Elamkulam,21,86,0,0,0
2025-08-20,Elamkulam,22,81,0,0,0
2025-08-20,Vyttila,6,85,0,0,0
2025-08-20,Vyttila,7,82,0,0,0
2025-08-20,Vyttila,8,210,0,1,0
2025-08-20,Vyttila,9,222,0,1,0
2025-08-20,Vyttila,10,177,0,1,0
2025-08-20,Vyttila,11,70,0,0,0
2025-08-20,Vyttila,12,82,0,0,0
2025-08-20,Vyttila,13,84,0,0,0
2025-08-20,Vyttila,14,69,0,0,0
2025-08-20,Vyttila,15,87,0,0,0
2025-08-20,Vyttila,16,75,0,0,0
2025-08-20,Vyttila,17,223,0,0,1
2025-08-20,Vyttila,18,200,0,0,1
2025-08-20,Vyttila,19,190,0,0,1
2025-08-20,Vyttila,20,190,0,0,1
2025-08-20,Vyttila,21,90,0,0,0
2025-08-20,Vyttila,22,77,0,0,0
2025-08-20,Thaikoodam,6,91,0,0,0
2025-08-20,Thaikoodam,7,84,0,0,0
2025-08-20,Thaikoodam,8,174,0,1,0
2025-08-20,Thaikoodam,9,197,0,1,0
2025-08-20,Thaikoodam,10,210,0,1,0
2025-08-20,Thaikoodam,11,72,0,0,0
2025-08-20,Thaikoodam,12,75,0,0,0
2025-08-20,Thaikoodam,13,81,0,0,0
2025-08-20,Thaikoodam,14,87,0,0,0
2025-08-20,Thaikoodam,15,82,0,0,0
2025-08-20,Thaikoodam,16,76,0,0,0
2025-08-20,Thaikoodam,17,199,0,0,1
2025-08-20,Thaikoodam,18,187,0,0,1
2025-08-20,Thaikoodam,19,199,0,0,1
2025-08-20,Thaikoodam,20,201,0,0,1
2025-08-20,Thaikoodam,21,87,0,0,0
2025-08-20,Thaikoodam,22,69,0,0,0
2025-08-20,Petta,6,69,0,0,0
2025-08-20,Petta,7,71,0,0,0
2025-08-20,Petta,8,185,0,1,0
2025-08-20,Petta,9,195,0,1,0
2025-08-20,Petta,10,195,0,1,0
2025-08-20,Petta,11,83,0,0,0
2025-08-20,Petta,12,77,0,0,0
2025-08-20,Petta,13,77,0,0,0
2025-08-20,Petta,14,78,0,0,0
2025-08-20,Petta,15,71,0,0,0
2025-08-20,Petta,16,86,0,0,0
2025-08-20,Petta,17,205,0,0,1
2025-08-20,Petta,18,199,0,0,1
2025-08-20,Petta,19,202,0,0,1
2025-08-20,Petta,20,208,0,0,1
2025-08-20,Petta,21,73,0,0,0
2025-08-20,Petta,22,93,0,0,0
2025-08-20,Vadakkekotta,6,78,0,0,0
2025-08-20,Vadakkekotta,7,75,0,0,0
2025-08-20,Vadakkekotta,8,200,0,1,0
2025-08-20,Vadakkekotta,9,209,0,1,0
2025-08-20,Vadakkekotta,10,177,0,1,0
2025-08-20,Vadakkekotta,11,79,0,0,0
2025-08-20,Vadakkekotta,12,93,0,0,0
2025-08-20,Vadakkekotta,13,90,0,0,0
2025-08-20,Vadakkekotta,14,81,0,0,0
2025-08-20,Vadakkekotta,15,83,0,0,0
2025-08-20,Vadakkekotta,16,77,0,0,0
2025-08-20,Vadakkekotta,17,192,0,0,1
2025-08-20,Vadakkekotta,18,224,0,0,1
2025-08-20,Vadakkekotta,19,212,0,0,1
2025-08-20,Vadakkekotta,20,205,0,0,1
2025-08-20,Vadakkekotta,21,66,0,0,0
2025-08-20,Vadakkekotta,22,90,0,0,0
2025-08-20,SN Junction,6,74,0,0,0
2025-08-20,SN Junction,7,95,0,0,0
2025-08-20,SN Junction,8,201,0,1,0
2025-08-20,SN Junction,9,211,0,1,0
2025-08-20,SN Junction,10,211,0,1,0
2025-08-20,SN Junction,11,84,0,0,0
2025-08-20,SN Junction,12,66,0,0,0
2025-08-20,SN Junction,13,71,0,0,0
2025-08-20,SN Junction,14,83,0,0,0
2025-08-20,SN Junction,15,77,0,0,0
2025-08-20,SN Junction,16,78,0,0,0
2025-08-20,SN Junction,17,212,0,0,1
2025-08-20,SN Junction,18,181,0,0,1
2025-08-20,SN Junction,19,208,0,0,1
2025-08-20,SN Junction,20,205,0,0,1
2025-08-20,SN Junction,21,92,0,0,0
2025-08-20,SN Junction,22,74,0,0,0
2025-08-20,Tripunithura Terminal,6,93,0,0,0
2025-08-20,Tripunithura Terminal,7,81,0,0,0
2025-08-20,Tripunithura Terminal,8,201,0,1,0
2025-08-20,Tripunithura Terminal,9,212,0,1,0
2025-08-20,Tripunithura Terminal,10,195,0,1,0
2025-08-20,Tripunithura Terminal,11,82,0,0,0
2025-08-20,Tripunithura Terminal,12,78,0,0,0
2025-08-20,Tripunithura Terminal,13,88,0,0,0
2025-08-20,Tripunithura Terminal,14,90,0,0,0
2025-08-20,Tripunithura Terminal,15,72,0,0,0
2025-08-20,Tripunithura Terminal,16,80,0,0,0
2025-08-20,Tripunithura Terminal,17,207,0,0,1
2025-08-20,Tripunithura Terminal,18,205,0,0,1
2025-08-20,Tripunithura Terminal,19,218,0,0,1
2025-08-20,Tripunithura Terminal,20,213,0,0,1
2025-08-20,Tripunithura Terminal,21,83,0,0,0
2025-08-20,Tripunithura Terminal,22,78,0,0,0
2025-08-27,Aluva,6,197,0,0,0
2025-08-27,Aluva,7,211,0,0,0
2025-08-27,Aluva,8,539,0,1,0
2025-08-27,Aluva,9,505,0,1,0
2025-08-27,Aluva,10,488,0,1,0
2025-08-27,Aluva,11,178,0,0,0
2025-08-27,Aluva,12,215,0,0,0
2025-08-27,Aluva,13,177,0,0,0
2025-08-27,Aluva,14,212,0,0,0
2025-08-27,Aluva,15,203,0,0,0
2025-08-27,Aluva,16,189,0,0,0
2025-08-27,Aluva,17,503,0,0,1
2025-08-27,Aluva,18,477,0,0,1
2025-08-27,Aluva,19,504,0,0,1
2025-08-27,Aluva,20,505,0,0,1
2025-08-27,Aluva,21,210,0,0,0
2025-08-27,Aluva,22,187,0,0,0
2025-08-27,Pulinchodu,6,89,0,0,0
2025-08-27,Pulinchodu,7,83,0,0,0
2025-08-27,Pulinchodu,8,204,0,1,0
2025-08-27,Pulinchodu,9,202,0,1,0
2025-08-27,Pulinchodu,10,205,0,1,0
2025-08-27,Pulinchodu,11,88,0,0,0
2025-08-27,Pulinchodu,12,91,0,0,0
2025-08-27,Pulinchodu,13,80,0,0,0
2025-08-27,Pulinchodu,14,91,0,0,0
2025-08-27,Pulinchodu,15,83,0,0,0
2025-08-27,Pulinchodu,16,77,0,0,0
2025-08-27,Pulinchodu,17,195,0,0,1
2025-08-27,Pulinchodu,18,216,0,0,1
2025-08-27,Pulinchodu,19,208,0,0,1
2025-08-27,Pulinchodu,20,216,0,0,1
2025-08-27,Pulinchodu,21,91,0,0,0
2025-08-27,Pulinchodu,22,81,0,0,0
2025-08-27,Companypady,6,87,0,0,0
2025-08-27,Companypady,7,82,0,0,0
2025-08-27,Companypady,8,217,0,1,0
2025-08-27,Companypady,9,204,0,1,0
2025-08-27,Companypady,10,193,0,1,0
2025-08-27,Companypady,11,80,0,0,0
2025-08-27,Companypady,12,109,0,0,0
2025-08-27,Companypady,13,92,0,0,0
2025-08-27,Companypady,14,85,0,0,0
2025-08-27,Companypady,15,77,0,0,0
2025-08-27,Companypady,16,78,0,0,0
2025-08-27,Companypady,17,162,0,0,1
2025-08-27,Companypady,18,186,0,0,1
2025-08-27,Companypady,19,223,0,0,1
2025-08-27,Companypady,20,217,0,0,1
2025-08-27,Companypady,21,66,0,0,0
2025-08-27,Companypady,22,66,0,0,0
2025-08-27,Ambattukavu,6,80,0,0,0
2025-08-27,Ambattukavu,7,78,0,0,0
2025-08-27,Ambattukavu,8,189,0,1,0
2025-08-27,Ambattukavu,9,184,0,1,0
2025-08-27,Ambattukavu,10,212,0,1,0
2025-08-27,Ambattukavu,11,69,0,0,0
2025-08-27,Ambattukavu,12,94,0,0,0
2025-08-27,Ambattukavu,13,84,0,0,0
2025-08-27,Ambattukavu,14,64,0,0,0
2025-08-27,Ambattukavu,15,92,0,0,0
2025-08-27,Ambattukavu,16,79,0,0,0
2025-08-27,Ambattukavu,17,207,0,0,1
2025-08-27,Ambattukavu,18,224,0,0,1
2025-08-27,Ambattukavu,19,221,0,0,1
2025-08-27,Ambattukavu,20,213,0,0,1
2025-08-27,Ambattukavu,21,78,0,0,0
2025-08-27,Ambattukavu,22,90,0,0,0
2025-08-27,Muttom,6,67,0,0,0
2025-08-27,Muttom,7,82,0,0,0
2025-08-27,Muttom,8,182,0,1,0
2025-08-27,Muttom,9,184,0,1,0
2025-08-27,Muttom,10,190,0,1,0
2025-08-27,Muttom,11,80,0,0,0
2025-08-27,Muttom,12,63,0,0,0
2025-08-27,Muttom,13,76,0,0,0
2025-08-27,Muttom,14,74,0,0,0
2025-08-27,Muttom,15,86,0,0,0
2025-08-27,Muttom,16,77,0,0,0
2025-08-27,Muttom,17,197,0,0,1
2025-08-27,Muttom,18,202,0,0,1
2025-08-27,Muttom,19,204,0,0,1
2025-08-27,Muttom,20,209,0,0,1
2025-08-27,Muttom,21,83,0,0,0
2025-08-27,Muttom,22,79,0,0,0
2025-08-27,Kalamassery,6,218,0,0,0
2025-08-27,Kalamassery,7,209,0,0,0
2025-08-27,Kalamassery,8,515,0,1,0
2025-08-27,Kalamassery,9,513,0,1,0
2025-08-27,Kalamassery,10,506,0,1,0
2025-08-27,Kalamassery,11,194,0,0,0
2025-08-27,Kalamassery,12,185,0,0,0
2025-08-27,Kalamassery,13,200,0,0,0
2025-08-27,Kalamassery,14,192,0,0,0
2025-08-27,Kalamassery,15,201,0,0,0
2025-08-27,Kalamassery,16,217,0,0,0
2025-08-27,Kalamassery,17,521,0,0,1
2025-08-27,Kalamassery,18,459,0,0,1
2025-08-27,Kalamassery,19,485,0,0,1
2025-08-27,Kalamassery,20,471,0,0,1
2025-08-27,Kalamassery,21,208,0,0,0
2025-08-27,Kalamassery,22,200,0,0,0
2025-08-27,CUSAT,6,77,0,0,0
2025-08-27,CUSAT,7,95,0,0,0
2025-08-27,CUSAT,8,211,0,1,0
2025-08-27,CUSAT,9,195,0,1,0
2025-08-27,CUSAT,10,175,0,1,0
2025-08-27,CUSAT,11,73,0,0,0
2025-08-27,CUSAT,12,73,0,0,0
2025-08-27,CUSAT,13,72,0,0,0
2025-08-27,CUSAT,14,86,0,0,0
2025-08-27,CUSAT,15,94,0,0,0
2025-08-27,CUSAT,16,103,0,0,0
2025-08-27,CUSAT,17,195,0,0,1
2025-08-27,CUSAT,18,221,0,0,1
2025-08-27,CUSAT,19,195,0,0,1
2025-08-27,CUSAT,20,200,0,0,1
2025-08-27,CUSAT,21,72,0,0,0
2025-08-27,CUSAT,22,76,0,0,0
2025-08-27,Pathadipalam,6,90,0,0,0
2025-08-27,Pathadipalam,7,81,0,0,0
2025-08-27,Pathadipalam,8,197,0,1,0
2025-08-27,Pathadipalam,9,202,0,1,0
2025-08-27,Pathadipalam,10,220,0,1,0
2025-08-27,Pathadipalam,11,82,0,0,0
2025-08-27,Pathadipalam,12,81,0,0,0
2025-08-27,Pathadipalam,13,92,0,0,0
2025-08-27,Pathadipalam,14,77,0,0,0
2025-08-27,Pathadipalam,15,67,0,0,0
2025-08-27,Pathadipalam,16,82,0,0,0
2025-08-27,Pathadipalam,17,207,0,0,1
2025-08-27,Pathadipalam,18,201,0,0,1
2025-08-27,Pathadipalam,19,205,0,0,1
2025-08-27,Pathadipalam,20,208,0,0,1
2025-08-27,Pathadipalam,21,85,0,0,0
2025-08-27,Pathadipalam,22,72,0,0,0
2025-08-27,Edappally,6,218,0,0,0
2025-08-27,Edappally,7,204,0,0,0
2025-08-27,Edappally,8,502,0,1,0
2025-08-27,Edappally,9,512,0,1,0
2025-08-27,Edappally,10,514,0,1,0
2025-08-27,Edappally,11,223,0,0,0
2025-08-27,Edappally,12,201,0,0,0
2025-08-27,Edappally,13,203,0,0,0
2025-08-27,Edappally,14,186,0,0,0
2025-08-27,Edappally,15,201,0,0,0
2025-08-27,Edappally,16,204,0,0,0
2025-08-27,Edappally,17,509,0,0,1
2025-08-27,Edappally,18,496,0,0,1
2025-08-27,Edappally,19,517,0,0,1
2025-08-27,Edappally,20,501,0,0,1
2025-08-27,Edappally,21,214,0,0,0
2025-08-27,Edappally,22,207,0,0,0
2025-08-27,Changampuzha Park,6,96,0,0,0
2025-08-27,Changampuzha Park,7,75,0,0,0
2025-08-27,Changampuzha Park,8,220,0,1,0
2025-08-27,Changampuzha Park,9,195,0,1,0
2025-08-27,Changampuzha Park,10,201,0,1,0
2025-08-27,Changampuzha Park,11,93,0,0,0
2025-08-27,Changampuzha Park,12,79,0,0,0
2025-08-27,Changampuzha Park,13,68,0,0,0
2025-08-27,Changampuzha Park,14,93,0,0,0
2025-08-27,Changampuzha Park,15,75,0,0,0
2025-08-27,Changampuzha Park,16,74,0,0,0
2025-08-27,Changampuzha Park,17,213,0,0,1
2025-08-27,Changampuzha Park,18,177,0,0,1
2025-08-27,Changampuzha Park,19,193,0,0,1
2025-08-27,Changampuzha Park,20,238,0,0,1
2025-08-27,Changampuzha Park,21,88,0,0,0
2025-08-27,Changampuzha Park,22,84,0,0,0
2025-08-27,Palarivattom,6,89,0,0,0
2025-08-27,Palarivattom,7,74,0,0,0
2025-08-27,Palarivattom,8,197,0,1,0
2025-08-27,Palarivattom,9,202,0,1,0
2025-08-27,Palarivattom,10,230,0,1,0
2025-08-27,Palarivattom,11,90,0,0,0
2025-08-27,Palarivattom,12,91,0,0,0
2025-08-27,Palarivattom,13,75,0,0,0
2025-08-27,Palarivattom,14,82,0,0,0
2025-08-27,Palarivattom,15,92,0,0,0
2025-08-27,Palarivattom,16,79,0,0,0
2025-08-27,Palarivattom,17,205,0,0,1
2025-08-27,Palarivattom,18,211,0,0,1
2025-08-27,Palarivattom,19,178,0,0,1
2025-08-27,Palarivattom,20,190,0,0,1
2025-08-27,Palarivattom,21,73,0,0,0
2025-08-27,Palarivattom,22,73,0,0,0
2025-08-27,JLN Stadium,6,76,0,0,0
2025-08-27,JLN Stadium,7,89,0,0,0
2025-08-27,JLN Stadium,8,207,0,1,0
2025-08-27,JLN Stadium,9,218,0,1,0
2025-08-27,JLN Stadium,10,214,0,1,0
2025-08-27,JLN Stadium,11,74,0,0,0
2025-08-27,JLN Stadium,12,82,0,0,0
2025-08-27,JLN Stadium,13,93,0,0,0
2025-08-27,JLN Stadium,14,76,0,0,0
2025-08-27,JLN Stadium,15,66,0,0,0
2025-08-27,JLN Stadium,16,75,0,0,0
2025-08-27,JLN Stadium,17,210,0,0,1
2025-08-27,JLN Stadium,18,177,0,0,1
2025-08-27,JLN Stadium,19,201,0,0,1
2025-08-27,JLN Stadium,20,189,0,0,1
2025-08-27,JLN Stadium,21,72,0,0,0
2025-08-27,JLN Stadium,22,80,0,0,0
2025-08-27,Kaloor Town Hall,6,79,0,0,0
2025-08-27,Kaloor Town Hall,7,72,0,0,0
2025-08-27,Kaloor Town Hall,8,191,0,1,0
2025-08-27,Kaloor Town Hall,9,193,0,1,0
2025-08-27,Kaloor Town Hall,10,201,0,1,0
2025-08-27,Kaloor Town Hall,11,79,0,0,0
2025-08-27,Kaloor Town Hall,12,71,0,0,0
2025-08-27,Kaloor Town Hall,13,81,0,0,0
2025-08-27,Kaloor Town Hall,14,88,0,0,0
2025-08-27,Kaloor Town Hall,15,89,0,0,0
2025-08-27,Kaloor Town Hall,16,94,0,0,0
2025-08-27,Kaloor Town Hall,17,193,0,0,1
2025-08-27,Kaloor Town Hall,18,185,0,0,1
2025-08-27,Kaloor Town Hall,19,230,0,0,1
2025-08-27,Kaloor Town Hall,20,213,0,0,1
2025-08-27,Kaloor Town Hall,21,89,0,0,0
2025-08-27,Kaloor Town Hall,22,83,0,0,0
2025-08-27,MG Road,6,183,0,0,0
2025-08-27,MG Road,7,195,0,0,0
2025-08-27,MG Road,8,487,0,1,0
2025-08-27,MG Road,9,481,0,1,0
2025-08-27,MG Road,10,490,0,1,0
2025-08-27,MG Road,11,202,0,0,0
2025-08-27,MG Road,12,225,0,0,0
2025-08-27,MG Road,13,204,0,0,0
2025-08-27,MG Road,14,209,0,0,0
2025-08-27,MG Road,15,169,0,0,0
2025-08-27,MG Road,16,199,0,0,0
2025-08-27,MG Road,17,531,0,0,1
2025-08-27,MG Road,18,488,0,0,1
2025-08-27,MG Road,19,513,0,0,1
2025-08-27,MG Road,20,493,0,0,1
2025-08-27,MG Road,21,175,0,0,0
2025-08-27,MG Road,22,214,0,0,0
2025-08-27,Maharaja's College,6,87,0,0,0
2025-08-27,Maharaja's College,7,74,0,0,0
2025-08-27,Maharaja's College,8,198,0,1,0
2025-08-27,Maharaja's College,9,209,0,1,0
2025-08-27,Maharaja's College,10,227,0,1,0
2025-08-27,Maharaja's College,11,80,0,0,0
2025-08-27,Maharaja's College,12,83,0,0,0
2025-08-27,Maharaja's College,13,79,0,0,0
2025-08-27,Maharaja's College,14,77,0,0,0
2025-08-27,Maharaja's College,15,76,0,0,0
2025-08-27,Maharaja's College,16,88,0,0,0
2025-08-27,Maharaja's College,17,199,0,0,1
2025-08-27,Maharaja's College,18,201,0,0,1
2025-08-27,Maharaja's College,19,225,0,0,1
2025-08-27,Maharaja's College,20,207,0,0,1
2025-08-27,Maharaja's College,21,90,0,0,0
2025-08-27,Maharaja's College,22,76,0,0,0
2025-08-27,Ernakulam South,6,190,0,0,0
2025-08-27,Ernakulam South,7,224,0,0,0
2025-08-27,Ernakulam South,8,513,0,1,0
2025-08-27,Ernakulam South,9,476,0,1,0
2025-08-27,Ernakulam South,10,486,0,1,0
2025-08-27,Ernakulam South,11,211,0,0,0
2025-08-27,Ernakulam South,12,187,0,0,0
2025-08-27,Ernakulam South,13,229,0,0,0
2025-08-27,Ernakulam South,14,173,0,0,0
2025-08-27,Ernakulam South,15,222,0,0,0
2025-08-27,Ernakulam South,16,210,0,0,0
2025-08-27,Ernakulam South,17,489,0,0,1
2025-08-27,Ernakulam South,18,501,0,0,1
2025-08-27,Ernakulam South,19,495,0,0,1
2025-08-27,Ernakulam South,20,524,0,0,1
2025-08-27,Ernakulam South,21,195,0,0,0
2025-08-27,Ernakulam South,22,213,0,0,0
2025-08-27,Kadavanthra,6,77,0,0,0
2025-08-27,Kadavanthra,7,80,0,0,0
2025-08-27,Kadavanthra,8,207,0,1,0
2025-08-27,Kadavanthra,9,201,0,1,0
2025-08-27,Kadavanthra,10,181,0,1,0
2025-08-27,Kadavanthra,11,68,0,0,0
2025-08-27,Kadavanthra,12,77,0,0,0
2025-08-27,Kadavanthra,13,96,0,0,0
2025-08-27,Kadavanthra,14,70,0,0,0
2025-08-27,Kadavanthra,15,77,0,0,0
2025-08-27,Kadavanthra,16,86,0,0,0
2025-08-27,Kadavanthra,17,210,0,0,1
2025-08-27,Kadavanthra,18,197,0,0,1
2025-08-27,Kadavanthra,19,187,0,0,1
2025-08-27,Kadavanthra,20,180,0,0,1
2025-08-27,Kadavanthra,21,89,0,0,0
2025-08-27,Kadavanthra,22,97,0,0,0
2025-08-27,Elamkulam,6,72,0,0,0
2025-08-27,Elamkulam,7,95,0,0,0
2025-08-27,Elamkulam,8,206,0,1,0
2025-08-27,Elamkulam,9,198,0,1,0
2025-08-27,Elamkulam,10,195,0,1,0
2025-08-27,Elamkulam,11,75,0,0,0
2025-08-27,Elamkulam,12,71,0,0,0
2025-08-27,Elamkulam,13,80,0,0,0
2025-08-27,Elamkulam,14,69,0,0,0
2025-08-27,Elamkulam,15,92,0,0,0
2025-08-27,Elamkulam,16,84,0,0,0
2025-08-27,Elamkulam,17,213,0,0,1
2025-08-27,Elamkulam,18,191,0,0,1
2025-08-27,Elamkulam,19,183,0,0,1
2025-08-27,Elamkulam,20,197,0,0,1
2025-08-27,Elamkulam,21,83,0,0,0
2025-08-27,Elamkulam,22,83,0,0,0
2025-08-27,Vyttila,6,90,0,0,0
2025-08-27,Vyttila,7,94,0,0,0
2025-08-27,Vyttila,8,214,0,1,0
2025-08-27,Vyttila,9,199,0,1,0
2025-08-27,Vyttila,10,210,0,1,0
2025-08-27,Vyttila,11,76,0,0,0
2025-08-27,Vyttila,12,74,0,0,0
2025-08-27,Vyttila,13,73,0,0,0
2025-08-27,Vyttila,14,82,0,0,0
2025-08-27,Vyttila,15,103,0,0,0
2025-08-27,Vyttila,16,72,0,0,0
2025-08-27,Vyttila,17,192,0,0,1
2025-08-27,Vyttila,18,212,0,0,1
2025-08-27,Vyttila,19,215,0,0,1
2025-08-27,Vyttila,20,199,0,0,1
2025-08-27,Vyttila,21,82,0,0,0
2025-08-27,Vyttila,22,86,0,0,0
2025-08-27,Thaikoodam,6,73,0,0,0
2025-08-27,Thaikoodam,7,71,0,0,0
2025-08-27,Thaikoodam,8,228,0,1,0
2025-08-27,Thaikoodam,9,197,0,1,0
2025-08-27,Thaikoodam,10,210,0,1,0
2025-08-27,Thaikoodam,11,82,0,0,0
2025-08-27,Thaikoodam,12,82,0,0,0
2025-08-27,Thaikoodam,13,87,0,0,0
2025-08-27,Thaikoodam,14,83,0,0,0
2025-08-27,Thaikoodam,15,98,0,0,0
2025-08-27,Thaikoodam,16,92,0,0,0
2025-08-27,Thaikoodam,17,220,0,0,1
2025-08-27,Thaikoodam,18,211,0,0,1
2025-08-27,Thaikoodam,19,177,0,0,1
2025-08-27,Thaikoodam,20,194,0,0,1
2025-08-27,Thaikoodam,21,75,0,0,0
2025-08-27,Thaikoodam,22,78,0,0,0
2025-08-27,Petta,6,67,0,0,0
2025-08-27,Petta,7,83,0,0,0
2025-08-27,Petta,8,206,0,1,0
2025-08-27,Petta,9,184,0,1,0
2025-08-27,Petta,10,197,0,1,0
2025-08-27,Petta,11,75,0,0,0
2025-08-27,Petta,12,64,0,0,0
2025-08-27,Petta,13,83,0,0,0
2025-08-27,Petta,14,82,0,0,0
2025-08-27,Petta,15,83,0,0,0
2025-08-27,Petta,16,79,0,0,0
2025-08-27,Petta,17,194,0,0,1
2025-08-27,Petta,18,203,0,0,1
2025-08-27,Petta,19,209,0,0,1
2025-08-27,Petta,20,195,0,0,1
2025-08-27,Petta,21,62,0,0,0
2025-08-27,Petta,22,83,0,0,0
2025-08-27,Vadakkekotta,6,92,0,0,0
2025-08-27,Vadakkekotta,7,93,0,0,0
2025-08-27,Vadakkekotta,8,199,0,1,0
2025-08-27,Vadakkekotta,9,188,0,1,0
2025-08-27,Vadakkekotta,10,190,0,1,0
2025-08-27,Vadakkekotta,11,79,0,0,0
2025-08-27,Vadakkekotta,12,80,0,0,0
2025-08-27,Vadakkekotta,13,87,0,0,0
2025-08-27,Vadakkekotta,14,86,0,0,0
2025-08-27,Vadakkekotta,15,78,0,0,0
2025-08-27,Vadakkekotta,16,79,0,0,0
2025-08-27,Vadakkekotta,17,191,0,0,1
2025-08-27,Vadakkekotta,18,231,0,0,1
2025-08-27,Vadakkekotta,19,203,0,0,1
2025-08-27,Vadakkekotta,20,205,0,0,1
2025-08-27,Vadakkekotta,21,69,0,0,0
2025-08-27,Vadakkekotta,22,70,0,0,0
2025-08-27,SN Junction,6,95,0,0,0
2025-08-27,SN Junction,7,85,0,0,0
2025-08-27,SN Junction,8,214,0,1,0
2025-08-27,SN Junction,9,187,0,1,0
2025-08-27,SN Junction,10,172,0,1,0
2025-08-27,SN Junction,11,92,0,0,0
2025-08-27,SN Junction,12,94,0,0,0
2025-08-27,SN Junction,13,93,0,0,0
2025-08-27,SN Junction,14,78,0,0,0
2025-08-27,SN Junction,15,85,0,0,0
2025-08-27,SN Junction,16,63,0,0,0
2025-08-27,SN Junction,17,172,0,0,1
2025-08-27,SN Junction,18,209,0,0,1
2025-08-27,SN Junction,19,227,0,0,1
2025-08-27,SN Junction,20,185,0,0,1
2025-08-27,SN Junction,21,95,0,0,0
2025-08-27,SN Junction,22,89,0,0,0
2025-08-27,Tripunithura Terminal,6,63,0,0,0
2025-08-27,Tripunithura Terminal,7,78,0,0,0
2025-08-27,Tripunithura Terminal,8,177,0,1,0
2025-08-27,Tripunithura Terminal,9,179,0,1,0
2025-08-27,Tripunithura Terminal,10,215,0,1,0
2025-08-27,Tripunithura Terminal,11,72,0,0,0
2025-08-27,Tripunithura Terminal,12,92,0,0,0
2025-08-27,Tripunithura Terminal,13,64,0,0,0
2025-08-27,Tripunithura Terminal,14,75,0,0,0
2025-08-27,Tripunithura Terminal,15,86,0,0,0
2025-08-27,Tripunithura Terminal,16,73,0,0,0
2025-08-27,Tripunithura Terminal,17,211,0,0,1
2025-08-27,Tripunithura Terminal,18,212,0,0,1
2025-08-27,Tripunithura Terminal,19,211,0,0,1
2025-08-27,Tripunithura Terminal,20,204,0,0,1
2025-08-27,Tripunithura Terminal,21,70,0,0,0
2025-08-27,Tripunithura Terminal,22,72,0,0,0
2025-09-03,Aluva,6,205,0,0,0
2025-09-03,Aluva,7,203,0,0,0
2025-09-03,Aluva,8,476,0,1,0
2025-09-03,Aluva,9,502,0,1,0
2025-09-03,Aluva,10,518,0,1,0
2025-09-03,Aluva,11,169,0,0,0
2025-09-03,Aluva,12,213,0,0,0
2025-09-03,Aluva,13,213,0,0,0
2025-09-03,Aluva,14,197,0,0,0
2025-09-03,Aluva,15,207,0,0,0
2025-09-03,Aluva,16,180,0,0,0
2025-09-03,Aluva,17,454,0,0,1
2025-09-03,Aluva,18,452,0,0,1
2025-09-03,Aluva,19,491,0,0,1
2025-09-03,Aluva,20,487,0,0,1
2025-09-03,Aluva,21,200,0,0,0
2025-09-03,Aluva,22,207,0,0,0
2025-09-03,Pulinchodu,6,66,0,0,0
2025-09-03,Pulinchodu,7,76,0,0,0
2025-09-03,Pulinchodu,8,211,0,1,0
2025-09-03,Pulinchodu,9,195,0,1,0
2025-09-03,Pulinchodu,10,200,0,1,0
2025-09-03,Pulinchodu,11,74,0,0,0
2025-09-03,Pulinchodu,12,94,0,0,0
2025-09-03,Pulinchodu,13,67,0,0,0
2025-09-03,Pulinchodu,14,90,0,0,0
2025-09-03,Pulinchodu,15,91,0,0,0
2025-09-03,Pulinchodu,16,81,0,0,0
2025-09-03,Pulinchodu,17,197,0,0,1
2025-09-03,Pulinchodu,18,199,0,0,1
2025-09-03,Pulinchodu,19,198,0,0,1
2025-09-03,Pulinchodu,20,205,0,0,1
2025-09-03,Pulinchodu,21,71,0,0,0
2025-09-03,Pulinchodu,22,72,0,0,0
2025-09-03,Companypady,6,78,0,0,0
2025-09-03,Companypady,7,69,0,0,0
2025-09-03,Companypady,8,207,0,1,0
2025-09-03,Companypady,9,185,0,1,0
2025-09-03,Companypady,10,205,0,1,0
2025-09-03,Companypady,11,80,0,0,0
2025-09-03,Companypady,12,81,0,0,0
2025-09-03,Companypady,13,66,0,0,0
2025-09-03,Companypady,14,64,0,0,0
2025-09-03,Companypady,15,72,0,0,0
2025-09-03,Companypady,16,80,0,0,0
2025-09-03,Companypady,17,206,0,0,1
2025-09-03,Companypady,18,211,0,0,1
2025-09-03,Companypady,19,221,0,0,1
2025-09-03,Companypady,20,175,0,0,1
2025-09-03,Companypady,21,84,0,0,0
2025-09-03,Companypady,22,71,0,0,0
2025-09-03,Ambattukavu,6,84,0,0,0
2025-09-03,Ambattukavu,7,92,0,0,0
2025-09-03,Ambattukavu,8,184,0,1,0
2025-09-03,Ambattukavu,9,192,0,1,0
2025-09-03,Ambattukavu,10,201,0,1,0
2025-09-03,Ambattukavu,11,74,0,0,0
2025-09-03,Ambattukavu,12,79,0,0,0
2025-09-03,Ambattukavu,13,73,0,0,0
2025-09-03,Ambattukavu,14,81,0,0,0
2025-09-03,Ambattukavu,15,98,0,0,0
2025-09-03,Ambattukavu,16,84,0,0,0
2025-09-03,Ambattukavu,17,184,0,0,1
2025-09-03,Ambattukavu,18,220,0,0,1
2025-09-03,Ambattukavu,19,206,0,0,1
2025-09-03,Ambattukavu,20,188,0,0,1
2025-09-03,Ambattukavu,21,78,0,0,0
2025-09-03,Ambattukavu,22,81,0,0,0
2025-09-03,Muttom,6,93,0,0,0
2025-09-03,Muttom,7,82,0,0,0
2025-09-03,Muttom,8,195,0,1,0
2025-09-03,Muttom,9,210,0,1,0
2025-09-03,Muttom,10,244,0,1,0
2025-09-03,Muttom,11,90,0,0,0
2025-09-03,Muttom,12,83,0,0,0
2025-09-03,Muttom,13,92,0,0,0
2025-09-03,Muttom,14,80,0,0,0
2025-09-03,Muttom,15,70,0,0,0
2025-09-03,Muttom,16,80,0,0,0
2025-09-03,Muttom,17,191,0,0,1
2025-09-03,Muttom,18,217,0,0,1
2025-09-03,Muttom,19,188,0,0,1
2025-09-03,Muttom,20,191,0,0,1
2025-09-03,Muttom,21,65,0,0,0
2025-09-03,Muttom,22,73,0,0,0
2025-09-03,Kalamassery,6,191,0,0,0
2025-09-03,Kalamassery,7,191,0,0,0
2025-09-03,Kalamassery,8,478,0,1,0
2025-09-03,Kalamassery,9,525,0,1,0
2025-09-03,Kalamassery,10,500,0,1,0
2025-09-03,Kalamassery,11,207,0,0,0
2025-09-03,Kalamassery,12,203,0,0,0
2025-09-03,Kalamassery,13,210,0,0,0
2025-09-03,Kalamassery,14,196,0,0,0
2025-09-03,Kalamassery,15,233,0,0,0
2025-09-03,Kalamassery,16,191,0,0,0
2025-09-03,Kalamassery,17,552,0,0,1
2025-09-03,Kalamassery,18,452,0,0,1
2025-09-03,Kalamassery,19,517,0,0,1
2025-09-03,Kalamassery,20,478,0,0,1
2025-09-03,Kalamassery,21,214,0,0,0
2025-09-03,Kalamassery,22,193,0,0,0
2025-09-03,CUSAT,6,82,0,0,0
2025-09-03,CUSAT,7,86,0,0,0
2025-09-03,CUSAT,8,193,0,1,0
2025-09-03,CUSAT,9,210,0,1,0
2025-09-03,CUSAT,10,189,0,1,0
2025-09-03,CUSAT,11,91,0,0,0
2025-09-03,CUSAT,12,66,0,0,0
2025-09-03,CUSAT,13,65,0,0,0
2025-09-03,CUSAT,14,89,0,0,0
2025-09-03,CUSAT,15,83,0,0,0
2025-09-03,CUSAT,16,87,0,0,0
2025-09-03,CUSAT,17,204,0,0,1
2025-09-03,CUSAT,18,185,0,0,1
2025-09-03,CUSAT,19,196,0,0,1
2025-09-03,CUSAT,20,239,0,0,1
2025-09-03,CUSAT,21,85,0,0,0
2025-09-03,CUSAT,22,86,0,0,0
2025-09-03,Pathadipalam,6,92,0,0,0
2025-09-03,Pathadipalam,7,77,0,0,0
2025-09-03,Pathadipalam,8,194,0,1,0
2025-09-03,Pathadipalam,9,192,0,1,0
2025-09-03,Pathadipalam,10,202,0,1,0
2025-09-03,Pathadipalam,11,76,0,0,0
2025-09-03,Pathadipalam,12,74,0,0,0
2025-09-03,Pathadipalam,13,71,0,0,0
2025-09-03,Pathadipalam,14,82,0,0,0
2025-09-03,Pathadipalam,15,79,0,0,0
2025-09-03,Pathadipalam,16,76,0,0,0
2025-09-03,Pathadipalam,17,204,0,0,1
2025-09-03,Pathadipalam,18,209,0,0,1
2025-09-03,Pathadipalam,19,196,0,0,1
2025-09-03,Pathadipalam,20,196,0,0,1
2025-09-03,Pathadipalam,21,85,0,0,0
2025-09-03,Pathadipalam,22,78,0,0,0
2025-09-03,Edappally,6,194,0,0,0
2025-09-03,Edappally,7,208,0,0,0
2025-09-03,Edappally,8,488,0,1,0
2025-09-03,Edappally,9,524,0,1,0
2025-09-03,Edappally,10,498,0,1,0
2025-09-03,Edappally,11,189,0,0,0
2025-09-03,Edappally,12,185,0,0,0
2025-09-03,Edappally,13,203,0,0,0
2025-09-03,Edappally,14,198,0,0,0
2025-09-03,Edappally,15,233,0,0,0
2025-09-03,Edappally,16,200,0,0,0
2025-09-03,Edappally,17,467,0,0,1
2025-09-03,Edappally,18,557,0,0,1
2025-09-03,Edappally,19,498,0,0,1
2025-09-03,Edappally,20,477,0,0,1
2025-09-03,Edappally,21,203,0,0,0
2025-09-03,Edappally,22,210,0,0,0
2025-09-03,Changampuzha Park,6,88,0,0,0
2025-09-03,Changampuzha Park,7,88,0,0,0
2025-09-03,Changampuzha Park,8,195,0,1,0
2025-09-03,Changampuzha Park,9,198,0,1,0
2025-09-03,Changampuzha Park,10,194,0,1,0
2025-09-03,Changampuzha Park,11,102,0,0,0
2025-09-03,Changampuzha Park,12,69,0,0,0
2025-09-03,Changampuzha Park,13,92,0,0,0
2025-09-03,Changampuzha Park,14,82,0,0,0
2025-09-03,Changampuzha Park,15,88,0,0,0
2025-09-03,Changampuzha Park,16,66,0,0,0
2025-09-03,Changampuzha Park,17,199,0,0,1
2025-09-03,Changampuzha Park,18,197,0,0,1
2025-09-03,Changampuzha Park,19,195,0,0,1
2025-09-03,Changampuzha Park,20,208,0,0,1
2025-09-03,Changampuzha Park,21,94,0,0,0
2025-09-03,Changampuzha Park,22,80,0,0,0
2025-09-03,Palarivattom,6,85,0,0,0
2025-09-03,Palarivattom,7,93,0,0,0
2025-09-03,Palarivattom,8,198,0,1,0
2025-09-03,Palarivattom,9,211,0,1,0
2025-09-03,Palarivattom,10,201,0,1,0
2025-09-03,Palarivattom,11,73,0,0,0
2025-09-03,Palarivattom,12,83,0,0,0
2025-09-03,Palarivattom,13,75,0,0,0
2025-09-03,Palarivattom,14,89,0,0,0
2025-09-03,Palarivattom,15,80,0,0,0
2025-09-03,Palarivattom,16,74,0,0,0
2025-09-03,Palarivattom,17,202,0,0,1
2025-09-03,Palarivattom,18,198,0,0,1
2025-09-03,Palarivattom,19,196,0,0,1
2025-09-03,Palarivattom,20,219,0,0,1
2025-09-03,Palarivattom,21,86,0,0,0
2025-09-03,Palarivattom,22,77,0,0,0
2025-09-03,JLN Stadium,6,77,0,0,0
2025-09-03,JLN Stadium,7,93,0,0,0
2025-09-03,JLN Stadium,8,202,0,1,0
2025-09-03,JLN Stadium,9,199,0,1,0
2025-09-03,JLN Stadium,10,186,0,1,0
2025-09-03,JLN Stadium,11,91,0,0,0
2025-09-03,JLN Stadium,12,76,0,0,0
2025-09-03,JLN Stadium,13,86,0,0,0
2025-09-03,JLN Stadium,14,76,0,0,0
2025-09-03,JLN Stadium,15,83,0,0,0
2025-09-03,JLN Stadium,16,82,0,0,0
2025-09-03,JLN Stadium,17,209,0,0,1
2025-09-03,JLN Stadium,18,195,0,0,1
2025-09-03,JLN Stadium,19,230,0,0,1
2025-09-03,JLN Stadium,20,191,0,0,1
2025-09-03,JLN Stadium,21,99,0,0,0
2025-09-03,JLN Stadium,22,83,0,0,0
2025-09-03,Kaloor Town Hall,6,86,0,0,0
2025-09-03,Kaloor Town Hall,7,74,0,0,0
2025-09-03,Kaloor Town Hall,8,199,0,1,0
2025-09-03,Kaloor Town Hall,9,205,0,1,0
2025-09-03,Kaloor Town Hall,10,214,0,1,0
2025-09-03,Kaloor Town Hall,11,83,0,0,0
2025-09-03,Kaloor Town Hall,12,90,0,0,0
2025-09-03,Kaloor Town Hall,13,80,0,0,0
2025-09-03,Kaloor Town Hall,14,80,0,0,0
2025-09-03,Kaloor Town Hall,15,78,0,0,0
2025-09-03,Kaloor Town Hall,16,72,0,0,0
2025-09-03,Kaloor Town Hall,17,206,0,0,1
2025-09-03,Kaloor Town Hall,18,213,0,0,1
2025-09-03,Kaloor Town Hall,19,180,0,0,1
2025-09-03,Kaloor Town Hall,20,220,0,0,1
2025-09-03,Kaloor Town Hall,21,90,0,0,0
2025-09-03,Kaloor Town Hall,22,94,0,0,0
2025-09-03,MG Road,6,197,0,0,0
2025-09-03,MG Road,7,217,0,0,0
2025-09-03,MG Road,8,498,0,1,0
2025-09-03,MG Road,9,508,0,1,0
2025-09-03,MG Road,10,498,0,1,0
2025-09-03,MG Road,11,195,0,0,0
2025-09-03,MG Road,12,185,0,0,0
2025-09-03,MG Road,13,190,0,0,0
2025-09-03,MG Road,14,221,0,0,0
2025-09-03,MG Road,15,200,0,0,0
2025-09-03,MG Road,16,206,0,0,0
2025-09-03,MG Road,17,498,0,0,1
2025-09-03,MG Road,18,482,0,0,1
2025-09-03,MG Road,19,488,0,0,1
2025-09-03,MG Road,20,478,0,0,1
2025-09-03,MG Road,21,203,0,0,0
2025-09-03,MG Road,22,225,0,0,0
2025-09-03,Maharaja's College,6,69,0,0,0
2025-09-03,Maharaja's College,7,80,0,0,0
2025-09-03,Maharaja's College,8,190,0,1,0
2025-09-03,Maharaja's College,9,212,0,1,0
2025-09-03,Maharaja's College,10,189,0,1,0
2025-09-03,Maharaja's College,11,85,0,0,0
2025-09-03,Maharaja's College,12,83,0,0,0
2025-09-03,Maharaja's College,13,71,0,0,0
2025-09-03,Maharaja's College,14,80,0,0,0
2025-09-03,Maharaja's College,15,68,0,0,0
2025-09-03,Maharaja's College,16,81,0,0,0
2025-09-03,Maharaja's College,17,230,0,0,1
2025-09-03,Maharaja's College,18,202,0,0,1
2025-09-03,Maharaja's College,19,202,0,0,1
2025-09-03,Maharaja's College,20,181,0,0,1
2025-09-03,Maharaja's College,21,100,0,0,0
2025-09-03,Maharaja's College,22,78,0,0,0
2025-09-03,Ernakulam South,6,201,0,0,0
2025-09-03,Ernakulam South,7,232,0,0,0
2025-09-03,Ernakulam South,8,491,0,1,0
2025-09-03,Ernakulam South,9,529,0,1,0
2025-09-03,Ernakulam South,10,504,0,1,0
2025-09-03,Ernakulam South,11,178,0,0,0
2025-09-03,Ernakulam South,12,228,0,0,0
2025-09-03,Ernakulam South,13,194,0,0,0
2025-09-03,Ernakulam South,14,189,0,0,0
2025-09-03,Ernakulam South,15,189,0,0,0
2025-09-03,Ernakulam South,16,194,0,0,0
2025-09-03,Ernakulam South,17,508,0,0,1
2025-09-03,Ernakulam South,18,474,0,0,1
2025-09-03,Ernakulam South,19,451,0,0,1
2025-09-03,Ernakulam South,20,526,0,0,1
2025-09-03,Ernakulam South,21,196,0,0,0
2025-09-03,Ernakulam South,22,177,0,0,0
2025-09-03,Kadavanthra,6,87,0,0,0
2025-09-03,Kadavanthra,7,75,0,0,0
2025-09-03,Kadavanthra,8,195,0,1,0
2025-09-03,Kadavanthra,9,182,0,1,0
2025-09-03,Kadavanthra,10,183,0,1,0
2025-09-03,Kadavanthra,11,68,0,0,0
2025-09-03,Kadavanthra,12,77,0,0,0
2025-09-03,Kadavanthra,13,79,0,0,0
2025-09-03,Kadavanthra,14,78,0,0,0
2025-09-03,Kadavanthra,15,95,0,0,0
2025-09-03,Kadavanthra,16,62,0,0,0
2025-09-03,Kadavanthra,17,183,0,0,1
2025-09-03,Kadavanthra,18,210,0,0,1
2025-09-03,Kadavanthra,19,185,0,0,1
2025-09-03,Kadavanthra,20,188,0,0,1
2025-09-03,Kadavanthra,21,79,0,0,0
2025-09-03,Kadavanthra,22,72,0,0,0
2025-09-03,Elamkulam,6,81,0,0,0
2025-09-03,Elamkulam,7,89,0,0,0
2025-09-03,Elamkulam,8,197,0,1,0
2025-09-03,Elamkulam,9,171,0,1,0
2025-09-03,Elamkulam,10,192,0,1,0
2025-09-03,Elamkulam,11,80,0,0,0
2025-09-03,Elamkulam,12,93,0,0,0
2025-09-03,Elamkulam,13,94,0,0,0
2025-09-03,Elamkulam,14,88,0,0,0
2025-09-03,Elamkulam,15,89,0,0,0
2025-09-03,Elamkulam,16,88,0,0,0
2025-09-03,Elamkulam,17,180,0,0,1
2025-09-03,Elamkulam,18,208,0,0,1
2025-09-03,Elamkulam,19,178,0,0,1
2025-09-03,Elamkulam,20,212,0,0,1
2025-09-03,Elamkulam,21,101,0,0,0
2025-09-03,Elamkulam,22,62,0,0,0
2025-09-03,Vyttila,6,77,0,0,0
2025-09-03,Vyttila,7,86,0,0,0
2025-09-03,Vyttila,8,212,0,1,0
2025-09-03,Vyttila,9,202,0,1,0
2025-09-03,Vyttila,10,228,0,1,0
2025-09-03,Vyttila,11,75,0,0,0
2025-09-03,Vyttila,12,85,0,0,0
2025-09-03,Vyttila,13,81,0,0,0
2025-09-03,Vyttila,14,82,0,0,0
2025-09-03,Vyttila,15,88,0,0,0
2025-09-03,Vyttila,16,56,0,0,0
2025-09-03,Vyttila,17,192,0,0,1
2025-09-03,Vyttila,18,208,0,0,1
2025-09-03,Vyttila,19,212,0,0,1
2025-09-03,Vyttila,20,192,0,0,1
2025-09-03,Vyttila,21,75,0,0,0
2025-09-03,Vyttila,22,82,0,0,0
2025-09-03,Thaikoodam,6,72,0,0,0
2025-09-03,Thaikoodam,7,56,0,0,0
2025-09-03,Thaikoodam,8,194,0,1,0
2025-09-03,Thaikoodam,9,202,0,1,0
2025-09-03,Thaikoodam,10,206,0,1,0
2025-09-03,Thaikoodam,11,71,0,0,0
2025-09-03,Thaikoodam,12,65,0,0,0
2025-09-03,Thaikoodam,13,88,0,0,0
2025-09-03,Thaikoodam,14,82,0,0,0
2025-09-03,Thaikoodam,15,91,0,0,0
2025-09-03,Thaikoodam,16,77,0,0,0
2025-09-03,Thaikoodam,17,243,0,0,1
2025-09-03,Thaikoodam,18,205,0,0,1
2025-09-03,Thaikoodam,19,195,0,0,1
2025-09-03,Thaikoodam,20,179,0,0,1
2025-09-03,Thaikoodam,21,97,0,0,0
2025-09-03,Thaikoodam,22,79,0,0,0
2025-09-03,Petta,6,71,0,0,0
2025-09-03,Petta,7,97,0,0,0
2025-09-03,Petta,8,190,0,1,0
2025-09-03,Petta,9,210,0,1,0
2025-09-03,Petta,10,198,0,1,0
2025-09-03,Petta,11,91,0,0,0
2025-09-03,Petta,12,79,0,0,0
2025-09-03,Petta,13,93,0,0,0
2025-09-03,Petta,14,71,0,0,0
2025-09-03,Petta,15,82,0,0,0
2025-09-03,Petta,16,63,0,0,0
2025-09-03,Petta,17,190,0,0,1
2025-09-03,Petta,18,204,0,0,1
2025-09-03,Petta,19,218,0,0,1
2025-09-03,Petta,20,204,0,0,1
2025-09-03,Petta,21,96,0,0,0
2025-09-03,Petta,22,82,0,0,0
2025-09-03,Vadakkekotta,6,75,0,0,0
2025-09-03,Vadakkekotta,7,77,0,0,0
2025-09-03,Vadakkekotta,8,209,0,1,0
2025-09-03,Vadakkekotta,9,216,0,1,0
2025-09-03,Vadakkekotta,10,189,0,1,0
2025-09-03,Vadakkekotta,11,87,0,0,0
2025-09-03,Vadakkekotta,12,61,0,0,0
2025-09-03,Vadakkekotta,13,75,0,0,0
2025-09-03,Vadakkekotta,14,79,0,0,0
2025-09-03,Vadakkekotta,15,83,0,0,0
2025-09-03,Vadakkekotta,16,103,0,0,0
2025-09-03,Vadakkekotta,17,196,0,0,1
2025-09-03,Vadakkekotta,18,200,0,0,1
2025-09-03,Vadakkekotta,19,182,0,0,1
2025-09-03,Vadakkekotta,20,176,0,0,1
2025-09-03,Vadakkekotta,21,85,0,0,0
2025-09-03,Vadakkekotta,22,74,0,0,0
2025-09-03,SN Junction,6,89,0,0,0
2025-09-03,SN Junction,7,76,0,0,0
2025-09-03,SN Junction,8,185,0,1,0
2025-09-03,SN Junction,9,199,0,1,0
2025-09-03,SN Junction,10,201,0,1,0
2025-09-03,SN Junction,11,75,0,0,0
2025-09-03,SN Junction,12,68,0,0,0
2025-09-03,SN Junction,13,74,0,0,0
2025-09-03,SN Junction,14,84,0,0,0
2025-09-03,SN Junction,15,75,0,0,0
2025-09-03,SN Junction,16,74,0,0,0
2025-09-03,SN Junction,17,203,0,0,1
2025-09-03,SN Junction,18,204,0,0,1
2025-09-03,SN Junction,19,183,0,0,1
2025-09-03,SN Junction,20,208,0,0,1
2025-09-03,SN Junction,21,86,0,0,0
2025-09-03,SN Junction,22,86,0,0,0
2025-09-03,Tripunithura Terminal,6,78,0,0,0
2025-09-03,Tripunithura Terminal,7,79,0,0,0
2025-09-03,Tripunithura Terminal,8,193,0,1,0
2025-09-03,Tripunithura Terminal,9,205,0,1,0
2025-09-03,Tripunithura Terminal,10,192,0,1,0
2025-09-03,Tripunithura Terminal,11,83,0,0,0
2025-09-03,Tripunithura Terminal,12,58,0,0,0
2025-09-03,Tripunithura Terminal,13,72,0,0,0
2025-09-03,Tripunithura Terminal,14,77,0,0,0
2025-09-03,Tripunithura Terminal,15,86,0,0,0
2025-09-03,Tripunithura Terminal,16,94,0,0,0
2025-09-03,Tripunithura Terminal,17,209,0,0,1
2025-09-03,Tripunithura Terminal,18,205,0,0,1
2025-09-03,Tripunithura Terminal,19,196,0,0,1
2025-09-03,Tripunithura Terminal,20,193,0,0,1
2025-09-03,Tripunithura Terminal,21,67,0,0,0
2025-09-03,Tripunithura Terminal,22,72,0,0,0
2025-09-10,Aluva,6,208,0,0,0
2025-09-10,Aluva,7,193,0,0,0
2025-09-10,Aluva,8,510,0,1,0
2025-09-10,Aluva,9,465,0,1,0
2025-09-10,Aluva,10,496,0,1,0
2025-09-10,Aluva,11,203,0,0,0
2025-09-10,Aluva,12,187,0,0,0
2025-09-10,Aluva,13,188,0,0,0
2025-09-10,Aluva,14,199,0,0,0
2025-09-10,Aluva,15,218,0,0,0
2025-09-10,Aluva,16,220,0,0,0
2025-09-10,Aluva,17,527,0,0,1
2025-09-10,Aluva,18,463,0,0,1
2025-09-10,Aluva,19,531,0,0,1
2025-09-10,Aluva,20,514,0,0,1
2025-09-10,Aluva,21,227,0,0,0
2025-09-10,Aluva,22,205,0,0,0
2025-09-10,Pulinchodu,6,64,0,0,0
2025-09-10,Pulinchodu,7,68,0,0,0
2025-09-10,Pulinchodu,8,193,0,1,0
2025-09-10,Pulinchodu,9,196,0,1,0
2025-09-10,Pulinchodu,10,216,0,1,0
2025-09-10,Pulinchodu,11,76,0,0,0
2025-09-10,Pulinchodu,12,75,0,0,0
2025-09-10,Pulinchodu,13,70,0,0,0
2025-09-10,Pulinchodu,14,83,0,0,0
2025-09-10,Pulinchodu,15,71,0,0,0
2025-09-10,Pulinchodu,16,78,0,0,0
2025-09-10,Pulinchodu,17,203,0,0,1
2025-09-10,Pulinchodu,18,206,0,0,1
2025-09-10,Pulinchodu,19,219,0,0,1
2025-09-10,Pulinchodu,20,203,0,0,1
2025-09-10,Pulinchodu,21,86,0,0,0
2025-09-10,Pulinchodu,22,85,0,0,0
2025-09-10,Companypady,6,81,0,0,0
2025-09-10,Companypady,7,85,0,0,0
2025-09-10,Companypady,8,216,0,1,0
2025-09-10,Companypady,9,221,0,1,0
2025-09-10,Companypady,10,223,0,1,0
2025-09-10,Companypady,11,91,0,0,0
2025-09-10,Companypady,12,92,0,0,0
2025-09-10,Companypady,13,55,0,0,0
2025-09-10,Companypady,14,78,0,0,0
2025-09-10,Companypady,15,100,0,0,0
2025-09-10,Companypady,16,72,0,0,0
2025-09-10,Companypady,17,178,0,0,1
2025-09-10,Companypady,18,195,0,0,1
2025-09-10,Companypady,19,200,0,0,1
2025-09-10,Companypady,20,212,0,0,1
2025-09-10,Companypady,21,80,0,0,0
2025-09-10,Companypady,22,87,0,0,0
2025-09-10,Ambattukavu,6,84,0,0,0
2025-09-10,Ambattukavu,7,67,0,0,0
2025-09-10,Ambattukavu,8,210,0,1,0
2025-09-10,Ambattukavu,9,194,0,1,0
2025-09-10,Ambattukavu,10,194,0,1,0
2025-09-10,Ambattukavu,11,87,0,0,0
2025-09-10,Ambattukavu,12,84,0,0,0
2025-09-10,Ambattukavu,13,86,0,0,0
2025-09-10,Ambattukavu,14,84,0,0,0
2025-09-10,Ambattukavu,15,79,0,0,0
2025-09-10,Ambattukavu,16,84,0,0,0
2025-09-10,Ambattukavu,17,189,0,0,1
2025-09-10,Ambattukavu,18,217,0,0,1
2025-09-10,Ambattukavu,19,218,0,0,1
2025-09-10,Ambattukavu,20,217,0,0,1
2025-09-10,Ambattukavu,21,87,0,0,0
2025-09-10,Ambattukavu,22,80,0,0,0
2025-09-10,Muttom,6,85,0,0,0
2025-09-10,Muttom,7,73,0,0,0
2025-09-10,Muttom,8,193,0,1,0
2025-09-10,Muttom,9,235,0,1,0
2025-09-10,Muttom,10,208,0,1,0
2025-09-10,Muttom,11,82,0,0,0
2025-09-10,Muttom,12,87,0,0,0
2025-09-10,Muttom,13,71,0,0,0
2025-09-10,Muttom,14,86,0,0,0
2025-09-10,Muttom,15,72,0,0,0
2025-09-10,Muttom,16,77,0,0,0
2025-09-10,Muttom,17,195,0,0,1
2025-09-10,Muttom,18,187,0,0,1
2025-09-10,Muttom,19,218,0,0,1
2025-09-10,Muttom,20,175,0,0,1
2025-09-10,Muttom,21,64,0,0,0
2025-09-10,Muttom,22,74,0,0,0
2025-09-10,Kalamassery,6,199,0,0,0
2025-09-10,Kalamassery,7,198,0,0,0
2025-09-10,Kalamassery,8,529,0,1,0
2025-09-10,Kalamassery,9,482,0,1,0
2025-09-10,Kalamassery,10,532,0,1,0
2025-09-10,Kalamassery,11,203,0,0,0
2025-09-10,Kalamassery,12,199,0,0,0
2025-09-10,Kalamassery,13,193,0,0,0
2025-09-10,Kalamassery,14,180,0,0,0
2025-09-10,Kalamassery,15,186,0,0,0
2025-09-10,Kalamassery,16,192,0,0,0
2025-09-10,Kalamassery,17,503,0,0,1
2025-09-10,Kalamassery,18,496,0,0,1
2025-09-10,Kalamassery,19,477,0,0,1
2025-09-10,Kalamassery,20,535,0,0,1
2025-09-10,Kalamassery,21,189,0,0,0
2025-09-10,Kalamassery,22,220,0,0,0
2025-09-10,CUSAT,6,87,0,0,0
2025-09-10,CUSAT,7,86,0,0,0
2025-09-10,CUSAT,8,198,0,1,0
2025-09-10,CUSAT,9,207,0,1,0
2025-09-10,CUSAT,10,199,0,1,0
2025-09-10,CUSAT,11,82,0,0,0
2025-09-10,CUSAT,12,88,0,0,0
2025-09-10,CUSAT,13,82,0,0,0
2025-09-10,CUSAT,14,84,0,0,0
2025-09-10,CUSAT,15,72,0,0,0
2025-09-10,CUSAT,16,73,0,0,0
2025-09-10,CUSAT,17,217,0,0,1
2025-09-10,CUSAT,18,207,0,0,1
2025-09-10,CUSAT,19,195,0,0,1
2025-09-10,CUSAT,20,209,0,0,1
2025-09-10,CUSAT,21,84,0,0,0
2025-09-10,CUSAT,22,77,0,0,0
2025-09-10,Pathadipalam,6,82,0,0,0
2025-09-10,Pathadipalam,7,85,0,0,0
2025-09-10,Pathadipalam,8,202,0,1,0
2025-09-10,Pathadipalam,9,206,0,1,0
2025-09-10,Pathadipalam,10,188,0,1,0
2025-09-10,Pathadipalam,11,73,0,0,0
2025-09-10,Pathadipalam,12,86,0,0,0
2025-09-10,Pathadipalam,13,70,0,0,0
2025-09-10,Pathadipalam,14,91,0,0,0
2025-09-10,Pathadipalam,15,93,0,0,0
2025-09-10,Pathadipalam,16,86,0,0,0
2025-09-10,Pathadipalam,17,197,0,0,1
2025-09-10,Pathadipalam,18,217,0,0,1
2025-09-10,Pathadipalam,19,204,0,0,1
2025-09-10,Pathadipalam,20,178,0,0,1
2025-09-10,Pathadipalam,21,76,0,0,0
2025-09-10,Pathadipalam,22,75,0,0,0
2025-09-10,Edappally,6,194,0,0,0
2025-09-10,Edappally,7,209,0,0,0
2025-09-10,Edappally,8,491,0,1,0
2025-09-10,Edappally,9,526,0,1,0
2025-09-10,Edappally,10,506,0,1,0
2025-09-10,Edappally,11,182,0,0,0
2025-09-10,Edappally,12,210,0,0,0
2025-09-10,Edappally,13,215,0,0,0
2025-09-10,Edappally,14,209,0,0,0
2025-09-10,Edappally,15,192,0,0,0
2025-09-10,Edappally,16,187,0,0,0
2025-09-10,Edappally,17,492,0,0,1
2025-09-10,Edappally,18,460,0,0,1
2025-09-10,Edappally,19,495,0,0,1
2025-09-10,Edappally,20,551,0,0,1
2025-09-10,Edappally,21,171,0,0,0
2025-09-10,Edappally,22,182,0,0,0
2025-09-10,Changampuzha Park,6,74,0,0,0
2025-09-10,Changampuzha Park,7,79,0,0,0
2025-09-10,Changampuzha Park,8,190,0,1,0
2025-09-10,Changampuzha Park,9,219,0,1,0
2025-09-10,Changampuzha Park,10,187,0,1,0
2025-09-10,Changampuzha Park,11,87,0,0,0
2025-09-10,Changampuzha Park,12,92,0,0,0
2025-09-10,Changampuzha Park,13,68,0,0,0
2025-09-10,Changampuzha Park,14,91,0,0,0
2025-09-10,Changampuzha Park,15,92,0,0,0
2025-09-10,Changampuzha Park,16,73,0,0,0
2025-09-10,Changampuzha Park,17,214,0,0,1
2025-09-10,Changampuzha Park,18,183,0,0,1
2025-09-10,Changampuzha Park,19,208,0,0,1
2025-09-10,Changampuzha Park,20,209,0,0,1
2025-09-10,Changampuzha Park,21,89,0,0,0
2025-09-10,Changampuzha Park,22,89,0,0,0
2025-09-10,Palarivattom,6,74,0,0,0
2025-09-10,Palarivattom,7,75,0,0,0
2025-09-10,Palarivattom,8,201,0,1,0
2025-09-10,Palarivattom,9,197,0,1,0
2025-09-10,Palarivattom,10,193,0,1,0
2025-09-10,Palarivattom,11,90,0,0,0
2025-09-10,Palarivattom,12,88,0,0,0
2025-09-10,Palarivattom,13,65,0,0,0
2025-09-10,Palarivattom,14,78,0,0,0
2025-09-10,Palarivattom,15,86,0,0,0
2025-09-10,Palarivattom,16,82,0,0,0
2025-09-10,Palarivattom,17,209,0,0,1
2025-09-10,Palarivattom,18,214,0,0,1
2025-09-10,Palarivattom,19,203,0,0,1
2025-09-10,Palarivattom,20,180,0,0,1
2025-09-10,Palarivattom,21,79,0,0,0
2025-09-10,Palarivattom,22,91,0,0,0
2025-09-10,JLN Stadium,6,82,0,0,0
2025-09-10,JLN Stadium,7,71,0,0,0
2025-09-10,JLN Stadium,8,227,0,1,0
2025-09-10,JLN Stadium,9,223,0,1,0
2025-09-10,JLN Stadium,10,191,0,1,0
2025-09-10,JLN Stadium,11,81,0,0,0
2025-09-10,JLN Stadium,12,87,0,0,0
2025-09-10,JLN Stadium,13,73,0,0,0
2025-09-10,JLN Stadium,14,69,0,0,0
2025-09-10,JLN Stadium,15,83,0,0,0
2025-09-10,JLN Stadium,16,63,0,0,0
2025-09-10,JLN Stadium,17,192,0,0,1
2025-09-10,JLN Stadium,18,193,0,0,1
2025-09-10,JLN Stadium,19,236,0,0,1
2025-09-10,JLN Stadium,20,185,0,0,1
2025-09-10,JLN Stadium,21,81,0,0,0
2025-09-10,JLN Stadium,22,71,0,0,0
2025-09-10,Kaloor Town Hall,6,76,0,0,0
2025-09-10,Kaloor Town Hall,7,96,0,0,0
2025-09-10,Kaloor Town Hall,8,199,0,1,0
2025-09-10,Kaloor Town Hall,9,186,0,1,0
2025-09-10,Kaloor Town Hall,10,206,0,1,0
2025-09-10,Kaloor Town Hall,11,72,0,0,0
2025-09-10,Kaloor Town Hall,12,84,0,0,0
2025-09-10,Kaloor Town Hall,13,67,0,0,0
2025-09-10,Kaloor Town Hall,14,83,0,0,0
2025-09-10,Kaloor Town Hall,15,67,0,0,0
2025-09-10,Kaloor Town Hall,16,84,0,0,0
2025-09-10,Kaloor Town Hall,17,198,0,0,1
2025-09-10,Kaloor Town Hall,18,192,0,0,1
2025-09-10,Kaloor Town Hall,19,198,0,0,1
2025-09-10,Kaloor Town Hall,20,207,0,0,1
2025-09-10,Kaloor Town Hall,21,82,0,0,0
2025-09-10,Kaloor Town Hall,22,77,0,0,0
2025-09-10,MG Road,6,225,0,0,0
2025-09-10,MG Road,7,187,0,0,0
2025-09-10,MG Road,8,488,0,1,0
2025-09-10,MG Road,9,483,0,1,0
2025-09-10,MG Road,10,504,0,1,0
2025-09-10,MG Road,11,181,0,0,0
2025-09-10,MG Road,12,214,0,0,0
2025-09-10,MG Road,13,168,0,0,0
2025-09-10,MG Road,14,197,0,0,0
2025-09-10,MG Road,15,193,0,0,0
2025-09-10,MG Road,16,181,0,0,0
2025-09-10,MG Road,17,537,0,0,1
2025-09-10,MG Road,18,502,0,0,1
2025-09-10,MG Road,19,488,0,0,1
2025-09-10,MG Road,20,455,0,0,1
2025-09-10,MG Road,21,199,0,0,0
2025-09-10,MG Road,22,202,0,0,0
2025-09-10,Maharaja's College,6,85,0,0,0
2025-09-10,Maharaja's College,7,92,0,0,0
2025-09-10,Maharaja's College,8,205,0,1,0
2025-09-10,Maharaja's College,9,202,0,1,0
2025-09-10,Maharaja's College,10,215,0,1,0
2025-09-10,Maharaja's College,11,99,0,0,0
2025-09-10,Maharaja's College,12,64,0,0,0
2025-09-10,Maharaja's College,13,72,0,0,0
2025-09-10,Maharaja's College,14,69,0,0,0
2025-09-10,Maharaja's College,15,80,0,0,0
2025-09-10,Maharaja's College,16,83,0,0,0
2025-09-10,Maharaja's College,17,203,0,0,1
2025-09-10,Maharaja's College,18,200,0,0,1
2025-09-10,Maharaja's College,19,197,0,0,1
2025-09-10,Maharaja's College,20,226,0,0,1
2025-09-10,Maharaja's College,21,73,0,0,0
2025-09-10,Maharaja's College,22,84,0,0,0
2025-09-10,Ernakulam South,6,207,0,0,0
2025-09-10,Ernakulam South,7,187,0,0,0
2025-09-10,Ernakulam South,8,500,0,1,0
2025-09-10,Ernakulam South,9,470,0,1,0
2025-09-10,Ernakulam South,10,512,0,1,0
2025-09-10,Ernakulam South,11,211,0,0,0
2025-09-10,Ernakulam South,12,217,0,0,0
2025-09-10,Ernakulam South,13,187,0,0,0
2025-09-10,Ernakulam South,14,201,0,0,0
2025-09-10,Ernakulam South,15,183,0,0,0
2025-09-10,Ernakulam South,16,227,0,0,0
2025-09-10,Ernakulam South,17,470,0,0,1
2025-09-10,Ernakulam South,18,483,0,0,1
2025-09-10,Ernakulam South,19,509,0,0,1
2025-09-10,Ernakulam South,20,501,0,0,1
2025-09-10,Ernakulam South,21,192,0,0,0
2025-09-10,Ernakulam South,22,223,0,0,0
2025-09-10,Kadavanthra,6,89,0,0,0
2025-09-10,Kadavanthra,7,75,0,0,0
2025-09-10,Kadavanthra,8,218,0,1,0
2025-09-10,Kadavanthra,9,221,0,1,0
2025-09-10,Kadavanthra,10,215,0,1,0
2025-09-10,Kadavanthra,11,75,0,0,0
2025-09-10,Kadavanthra,12,83,0,0,0
2025-09-10,Kadavanthra,13,84,0,0,0
2025-09-10,Kadavanthra,14,86,0,0,0
2025-09-10,Kadavanthra,15,77,0,0,0
2025-09-10,Kadavanthra,16,79,0,0,0
2025-09-10,Kadavanthra,17,193,0,0,1
2025-09-10,Kadavanthra,18,180,0,0,1
2025-09-10,Kadavanthra,19,191,0,0,1
2025-09-10,Kadavanthra,20,191,0,0,1
2025-09-10,Kadavanthra,21,81,0,0,0
2025-09-10,Kadavanthra,22,79,0,0,0
2025-09-10,Elamkulam,6,89,0,0,0
2025-09-10,Elamkulam,7,80,0,0,0
2025-09-10,Elamkulam,8,178,0,1,0
2025-09-10,Elamkulam,9,209,0,1,0
2025-09-10,Elamkulam,10,223,0,1,0
2025-09-10,Elamkulam,11,81,0,0,0
2025-09-10,Elamkulam,12,77,0,0,0
2025-09-10,Elamkulam,13,74,0,0,0
2025-09-10,Elamkulam,14,80,0,0,0
2025-09-10,Elamkulam,15,82,0,0,0
2025-09-10,Elamkulam,16,69,0,0,0
2025-09-10,Elamkulam,17,196,0,0,1
2025-09-10,Elamkulam,18,213,0,0,1
2025-09-10,Elamkulam,19,196,0,0,1
2025-09-10,Elamkulam,20,186,0,0,1
2025-09-10,Elamkulam,21,77,0,0,0
2025-09-10,Elamkulam,22,70,0,0,0
2025-09-10,Vyttila,6,76,0,0,0
2025-09-10,Vyttila,7,87,0,0,0
2025-09-10,Vyttila,8,198,0,1,0
2025-09-10,Vyttila,9,212,0,1,0
2025-09-10,Vyttila,10,171,0,1,0
2025-09-10,Vyttila,11,68,0,0,0
2025-09-10,Vyttila,12,68,0,0,0
2025-09-10,Vyttila,13,65,0,0,0
2025-09-10,Vyttila,14,79,0,0,0
2025-09-10,Vyttila,15,80,0,0,0
2025-09-10,Vyttila,16,83,0,0,0
2025-09-10,Vyttila,17,214,0,0,1
2025-09-10,Vyttila,18,202,0,0,1
2025-09-10,Vyttila,19,194,0,0,1
2025-09-10,Vyttila,20,174,0,0,1
2025-09-10,Vyttila,21,83,0,0,0
2025-09-10,Vyttila,22,87,0,0,0
2025-09-10,Thaikoodam,6,87,0,0,0
2025-09-10,Thaikoodam,7,88,0,0,0
2025-09-10,Thaikoodam,8,192,0,1,0
2025-09-10,Thaikoodam,9,220,0,1,0
2025-09-10,Thaikoodam,10,225,0,1,0
2025-09-10,Thaikoodam,11,92,0,0,0
2025-09-10,Thaikoodam,12,89,0,0,0
2025-09-10,Thaikoodam,13,83,0,0,0
2025-09-10,Thaikoodam,14,94,0,0,0
2025-09-10,Thaikoodam,15,90,0,0,0
2025-09-10,Thaikoodam,16,81,0,0,0
2025-09-10,Thaikoodam,17,182,0,0,1
2025-09-10,Thaikoodam,18,195,0,0,1
2025-09-10,Thaikoodam,19,196,0,0,1
2025-09-10,Thaikoodam,20,213,0,0,1
2025-09-10,Thaikoodam,21,96,0,0,0
2025-09-10,Thaikoodam,22,80,0,0,0
2025-09-10,Petta,6,76,0,0,0
2025-09-10,Petta,7,78,0,0,0
2025-09-10,Petta,8,207,0,1,0
2025-09-10,Petta,9,190,0,1,0
2025-09-10,Petta,10,186,0,1,0
2025-09-10,Petta,11,76,0,0,0
2025-09-10,Petta,12,81,0,0,0
2025-09-10,Petta,13,74,0,0,0
2025-09-10,Petta,14,105,0,0,0
2025-09-10,Petta,15,78,0,0,0
2025-09-10,Petta,16,69,0,0,0
2025-09-10,Petta,17,202,0,0,1
2025-09-10,Petta,18,227,0,0,1
2025-09-10,Petta,19,201,0,0,1
2025-09-10,Petta,20,200,0,0,1
2025-09-10,Petta,21,86,0,0,0
2025-09-10,Petta,22,79,0,0,0
2025-09-10,Vadakkekotta,6,89,0,0,0
2025-09-10,Vadakkekotta,7,84,0,0,0
2025-09-10,Vadakkekotta,8,208,0,1,0
2025-09-10,Vadakkekotta,9,204,0,1,0
2025-09-10,Vadakkekotta,10,217,0,1,0
2025-09-10,Vadakkekotta,11,75,0,0,0
2025-09-10,Vadakkekotta,12,94,0,0,0
2025-09-10,Vadakkekotta,13,77,0,0,0
2025-09-10,Vadakkekotta,14,80,0,0,0
2025-09-10,Vadakkekotta,15,92,0,0,0
2025-09-10,Vadakkekotta,16,75,0,0,0
2025-09-10,Vadakkekotta,17,213,0,0,1
2025-09-10,Vadakkekotta,18,224,0,0,1
2025-09-10,Vadakkekotta,19,191,0,0,1
2025-09-10,Vadakkekotta,20,203,0,0,1
2025-09-10,Vadakkekotta,21,87,0,0,0
2025-09-10,Vadakkekotta,22,96,0,0,0
2025-09-10,SN Junction,6,86,0,0,0
2025-09-10,SN Junction,7,82,0,0,0
2025-09-10,SN Junction,8,176,0,1,0
2025-09-10,SN Junction,9,205,0,1,0
2025-09-10,SN Junction,10,214,0,1,0
2025-09-10,SN Junction,11,71,0,0,0
2025-09-10,SN Junction,12,80,0,0,0
2025-09-10,SN Junction,13,81,0,0,0
2025-09-10,SN Junction,14,89,0,0,0
2025-09-10,SN Junction,15,81,0,0,0
2025-09-10,SN Junction,16,80,0,0,0
2025-09-10,SN Junction,17,187,0,0,1
2025-09-10,SN Junction,18,182,0,0,1
2025-09-10,SN Junction,19,199,0,0,1
2025-09-10,SN Junction,20,194,0,0,1
2025-09-10,SN Junction,21,79,0,0,0
2025-09-10,SN Junction,22,74,0,0,0
2025-09-10,Tripunithura Terminal,6,73,0,0,0
2025-09-10,Tripunithura Terminal,7,77,0,0,0
2025-09-10,Tripunithura Terminal,8,181,0,1,0
2025-09-10,Tripunithura Terminal,9,181,0,1,0
2025-09-10,Tripunithura Terminal,10,198,0,1,0
2025-09-10,Tripunithura Terminal,11,82,0,0,0
2025-09-10,Tripunithura Terminal,12,84,0,0,0
2025-09-10,Tripunithura Terminal,13,93,0,0,0
2025-09-10,Tripunithura Terminal,14,105,0,0,0
2025-09-10,Tripunithura Terminal,15,87,0,0,0
2025-09-10,Tripunithura Terminal,16,82,0,0,0
2025-09-10,Tripunithura Terminal,17,195,0,0,1
2025-09-10,Tripunithura Terminal,18,213,0,0,1
2025-09-10,Tripunithura Terminal,19,159,0,0,1
2025-09-10,Tripunithura Terminal,20,212,0,0,1
2025-09-10,Tripunithura Terminal,21,85,0,0,0
2025-09-10,Tripunithura Terminal,22,74,0,0,0
2025-09-17,Aluva,6,186,0,0,0
2025-09-17,Aluva,7,194,0,0,0
2025-09-17,Aluva,8,501,0,1,0
2025-09-17,Aluva,9,501,0,1,0
2025-09-17,Aluva,10,518,0,1,0
2025-09-17,Aluva,11,202,0,0,0
2025-09-17,Aluva,12,220,0,0,0
2025-09-17,Aluva,13,177,0,0,0
2025-09-17,Aluva,14,191,0,0,0
2025-09-17,Aluva,15,210,0,0,0
2025-09-17,Aluva,16,208,0,0,0
2025-09-17,Aluva,17,491,0,0,1
2025-09-17,Aluva,18,474,0,0,1
2025-09-17,Aluva,19,468,0,0,1
2025-09-17,Aluva,20,513,0,0,1
2025-09-17,Aluva,21,185,0,0,0
2025-09-17,Aluva,22,212,0,0,0
2025-09-17,Pulinchodu,6,77,0,0,0
2025-09-17,Pulinchodu,7,72,0,0,0
2025-09-17,Pulinchodu,8,186,0,1,0
2025-09-17,Pulinchodu,9,215,0,1,0
2025-09-17,Pulinchodu,10,190,0,1,0
2025-09-17,Pulinchodu,11,92,0,0,0
2025-09-17,Pulinchodu,12,56,0,0,0
2025-09-17,Pulinchodu,13,72,0,0,0
2025-09-17,Pulinchodu,14,79,0,0,0
2025-09-17,Pulinchodu,15,63,0,0,0
2025-09-17,Pulinchodu,16,68,0,0,0
2025-09-17,Pulinchodu,17,184,0,0,1
2025-09-17,Pulinchodu,18,216,0,0,1
2025-09-17,Pulinchodu,19,211,0,0,1
2025-09-17,Pulinchodu,20,207,0,0,1
2025-09-17,Pulinchodu,21,75,0,0,0
2025-09-17,Pulinchodu,22,68,0,0,0
2025-09-17,Companypady,6,72,0,0,0
2025-09-17,Companypady,7,75,0,0,0
2025-09-17,Companypady,8,207,0,1,0
2025-09-17,Companypady,9,216,0,1,0
2025-09-17,Companypady,10,192,0,1,0
2025-09-17,Companypady,11,71,0,0,0
2025-09-17,Companypady,12,77,0,0,0
2025-09-17,Companypady,13,77,0,0,0
2025-09-17,Companypady,14,65,0,0,0
2025-09-17,Companypady,15,103,0,0,0
2025-09-17,Companypady,16,68,0,0,0
2025-09-17,Companypady,17,216,0,0,1
2025-09-17,Companypady,18,202,0,0,1
2025-09-17,Companypady,19,202,0,0,1
2025-09-17,Companypady,20,215,0,0,1
2025-09-17,Companypady,21,66,0,0,0
2025-09-17,Companypady,22,85,0,0,0
2025-09-17,Ambattukavu,6,92,0,0,0
2025-09-17,Ambattukavu,7,84,0,0,0
2025-09-17,Ambattukavu,8,221,0,1,0
2025-09-17,Ambattukavu,9,188,0,1,0
2025-09-17,Ambattukavu,10,221,0,1,0
2025-09-17,Ambattukavu,11,79,0,0,0
2025-09-17,Ambattukavu,12,82,0,0,0
2025-09-17,Ambattukavu,13,92,0,0,0
2025-09-17,Ambattukavu,14,79,0,0,0
2025-09-17,Ambattukavu,15,86,0,0,0
2025-09-17,Ambattukavu,16,80,0,0,0
2025-09-17,Ambattukavu,17,221,0,0,1
2025-09-17,Ambattukavu,18,203,0,0,1
2025-09-17,Ambattukavu,19,202,0,0,1
2025-09-17,Ambattukavu,20,198,0,0,1
2025-09-17,Ambattukavu,21,78,0,0,0
2025-09-17,Ambattukavu,22,78,0,0,0
2025-09-17,Muttom,6,72,0,0,0
2025-09-17,Muttom,7,86,0,0,0
2025-09-17,Muttom,8,199,0,1,0
2025-09-17,Muttom,9,184,0,1,0
2025-09-17,Muttom,10,191,0,1,0
2025-09-17,Muttom,11,80,0,0,0
2025-09-17,Muttom,12,69,0,0,0
2025-09-17,Muttom,13,74,0,0,0
2025-09-17,Muttom,14,87,0,0,0
2025-09-17,Muttom,15,64,0,0,0
2025-09-17,Muttom,16,94,0,0,0
2025-09-17,Muttom,17,224,0,0,1
2025-09-17,Muttom,18,171,0,0,1
2025-09-17,Muttom,19,222,0,0,1
2025-09-17,Muttom,20,179,0,0,1
2025-09-17,Muttom,21,67,0,0,0
2025-09-17,Muttom,22,82,0,0,0
2025-09-17,Kalamassery,6,208,0,0,0
2025-09-17,Kalamassery,7,200,0,0,0
2025-09-17,Kalamassery,8,514,0,1,0
2025-09-17,Kalamassery,9,490,0,1,0
2025-09-17,Kalamassery,10,544,0,1,0
2025-09-17,Kalamassery,11,222,0,0,0
2025-09-17,Kalamassery,12,187,0,0,0
2025-09-17,Kalamassery,13,218,0,0,0
2025-09-17,Kalamassery,14,206,0,0,0
2025-09-17,Kalamassery,15,189,0,0,0
2025-09-17,Kalamassery,16,216,0,0,0
2025-09-17,Kalamassery,17,522,0,0,1
2025-09-17,Kalamassery,18,523,0,0,1
2025-09-17,Kalamassery,19,464,0,0,1
2025-09-17,Kalamassery,20,510,0,0,1
2025-09-17,Kalamassery,21,196,0,0,0
2025-09-17,Kalamassery,22,194,0,0,0
2025-09-17,CUSAT,6,73,0,0,0
2025-09-17,CUSAT,7,91,0,0,0
2025-09-17,CUSAT,8,223,0,1,0
2025-09-17,CUSAT,9,201,0,1,0
2025-09-17,CUSAT,10,199,0,1,0
2025-09-17,CUSAT,11,89,0,0,0
2025-09-17,CUSAT,12,80,0,0,0
2025-09-17,CUSAT,13,83,0,0,0
2025-09-17,CUSAT,14,85,0,0,0
2025-09-17,CUSAT,15,58,0,0,0
2025-09-17,CUSAT,16,90,0,0,0
2025-09-17,CUSAT,17,195,0,0,1
2025-09-17,CUSAT,18,194,0,0,1
2025-09-17,CUSAT,19,206,0,0,1
2025-09-17,CUSAT,20,199,0,0,1
2025-09-17,CUSAT,21,85,0,0,0
2025-09-17,CUSAT,22,70,0,0,0
2025-09-17,Pathadipalam,6,76,0,0,0
2025-09-17,Pathadipalam,7,82,0,0,0
2025-09-17,Pathadipalam,8,195,0,1,0
2025-09-17,Pathadipalam,9,192,0,1,0
2025-09-17,Pathadipalam,10,198,0,1,0
2025-09-17,Pathadipalam,11,81,0,0,0
2025-09-17,Pathadipalam,12,74,0,0,0
2025-09-17,Pathadipalam,13,97,0,0,0
2025-09-17,Pathadipalam,14,96,0,0,0
2025-09-17,Pathadipalam,15,64,0,0,0
2025-09-17,Pathadipalam,16,89,0,0,0
2025-09-17,Pathadipalam,17,194,0,0,1
2025-09-17,Pathadipalam,18,197,0,0,1
2025-09-17,Pathadipalam,19,199,0,0,1
2025-09-17,Pathadipalam,20,215,0,0,1
2025-09-17,Pathadipalam,21,69,0,0,0
2025-09-17,Pathadipalam,22,87,0,0,0
2025-09-17,Edappally,6,211,0,0,0
2025-09-17,Edappally,7,171,0,0,0
2025-09-17,Edappally,8,514,0,1,0
2025-09-17,Edappally,9,514,0,1,0
2025-09-17,Edappally,10,505,0,1,0
2025-09-17,Edappally,11,165,0,0,0
2025-09-17,Edappally,12,207,0,0,0
2025-09-17,Edappally,13,195,0,0,0
2025-09-17,Edappally,14,194,0,0,0
2025-09-17,Edappally,15,203,0,0,0
2025-09-17,Edappally,16,212,0,0,0
2025-09-17,Edappally,17,537,0,0,1
2025-09-17,Edappally,18,456,0,0,1
2025-09-17,Edappally,19,484,0,0,1
2025-09-17,Edappally,20,512,0,0,1
2025-09-17,Edappally,21,189,0,0,0
2025-09-17,Edappally,22,194,0,0,0
2025-09-17,Changampuzha Park,6,77,0,0,0
2025-09-17,Changampuzha Park,7,77,0,0,0
2025-09-17,Changampuzha Park,8,189,0,1,0
2025-09-17,Changampuzha Park,9,184,0,1,0
2025-09-17,Changampuzha Park,10,207,0,1,0
2025-09-17,Changampuzha Park,11,66,0,0,0
2025-09-17,Changampuzha Park,12,91,0,0,0
2025-09-17,Changampuzha Park,13,60,0,0,0
2025-09-17,Changampuzha Park,14,77,0,0,0
2025-09-17,Changampuzha Park,15,66,0,0,0
2025-09-17,Changampuzha Park,16,94,0,0,0
2025-09-17,Changampuzha Park,17,181,0,0,1
2025-09-17,Changampuzha Park,18,194,0,0,1
2025-09-17,Changampuzha Park,19,189,0,0,1
2025-09-17,Changampuzha Park,20,215,0,0,1
2025-09-17,Changampuzha Park,21,69,0,0,0
2025-09-17,Changampuzha Park,22,75,0,0,0
2025-09-17,Palarivattom,6,71,0,0,0
2025-09-17,Palarivattom,7,78,0,0,0
2025-09-17,Palarivattom,8,208,0,1,0
2025-09-17,Palarivattom,9,178,0,1,0
2025-09-17,Palarivattom,10,207,0,1,0
2025-09-17,Palarivattom,11,80,0,0,0
2025-09-17,Palarivattom,12,70,0,0,0
2025-09-17,Palarivattom,13,82,0,0,0
2025-09-17,Palarivattom,14,90,0,0,0
2025-09-17,Palarivattom,15,67,0,0,0
2025-09-17,Palarivattom,16,76,0,0,0
2025-09-17,Palarivattom,17,191,0,0,1
2025-09-17,Palarivattom,18,219,0,0,1
2025-09-17,Palarivattom,19,197,0,0,1
2025-09-17,Palarivattom,20,190,0,0,1
2025-09-17,Palarivattom,21,76,0,0,0
2025-09-17,Palarivattom,22,74,0,0,0
2025-09-17,JLN Stadium,6,89,0,0,0
2025-09-17,JLN Stadium,7,78,0,0,0
2025-09-17,JLN Stadium,8,201,0,1,0
2025-09-17,JLN Stadium,9,202,0,1,0
2025-09-17,JLN Stadium,10,199,0,1,0
2025-09-17,JLN Stadium,11,89,0,0,0
2025-09-17,JLN Stadium,12,77,0,0,0
2025-09-17,JLN Stadium,13,94,0,0,0
2025-09-17,JLN Stadium,14,62,0,0,0
2025-09-17,JLN Stadium,15,85,0,0,0
2025-09-17,JLN Stadium,16,81,0,0,0
2025-09-17,JLN Stadium,17,216,0,0,1
2025-09-17,JLN Stadium,18,200,0,0,1
2025-09-17,JLN Stadium,19,204,0,0,1
2025-09-17,JLN Stadium,20,198,0,0,1
2025-09-17,JLN Stadium,21,96,0,0,0
2025-09-17,JLN Stadium,22,77,0,0,0
2025-09-17,Kaloor Town Hall,6,72,0,0,0
2025-09-17,Kaloor Town Hall,7,94,0,0,0
2025-09-17,Kaloor Town Hall,8,186,0,1,0
2025-09-17,Kaloor Town Hall,9,199,0,1,0
2025-09-17,Kaloor Town Hall,10,201,0,1,0
2025-09-17,Kaloor Town Hall,11,91,0,0,0
2025-09-17,Kaloor Town Hall,12,93,0,0,0
2025-09-17,Kaloor Town Hall,13,84,0,0,0
2025-09-17,Kaloor Town Hall,14,85,0,0,0
2025-09-17,Kaloor Town Hall,15,66,0,0,0
2025-09-17,Kaloor Town Hall,16,81,0,0,0
2025-09-17,Kaloor Town Hall,17,192,0,0,1
2025-09-17,Kaloor Town Hall,18,188,0,0,1
2025-09-17,Kaloor Town Hall,19,187,0,0,1
2025-09-17,Kaloor Town Hall,20,191,0,0,1
2025-09-17,Kaloor Town Hall,21,71,0,0,0
2025-09-17,Kaloor Town Hall,22,80,0,0,0
2025-09-17,MG Road,6,200,0,0,0
2025-09-17,MG Road,7,193,0,0,0
2025-09-17,MG Road,8,487,0,1,0
2025-09-17,MG Road,9,487,0,1,0
2025-09-17,MG Road,10,541,0,1,0
2025-09-17,MG Road,11,206,0,0,0
2025-09-17,MG Road,12,192,0,0,0
2025-09-17,MG Road,13,183,0,0,0
2025-09-17,MG Road,14,177,0,0,0
2025-09-17,MG Road,15,202,0,0,0
2025-09-17,MG Road,16,192,0,0,0
2025-09-17,MG Road,17,504,0,0,1
2025-09-17,MG Road,18,519,0,0,1
2025-09-17,MG Road,19,496,0,0,1
2025-09-17,MG Road,20,520,0,0,1
2025-09-17,MG Road,21,221,0,0,0
2025-09-17,MG Road,22,210,0,0,0
2025-09-17,Maharaja's College,6,82,0,0,0
2025-09-17,Maharaja's College,7,81,0,0,0
2025-09-17,Maharaja's College,8,229,0,1,0
2025-09-17,Maharaja's College,9,202,0,1,0
2025-09-17,Maharaja's College,10,198,0,1,0
2025-09-17,Maharaja's College,11,81,0,0,0
2025-09-17,Maharaja's College,12,75,0,0,0
2025-09-17,Maharaja's College,13,93,0,0,0
2025-09-17,Maharaja's College,14,59,0,0,0
2025-09-17,Maharaja's College,15,73,0,0,0
2025-09-17,Maharaja's College,16,95,0,0,0
2025-09-17,Maharaja's College,17,214,0,0,1
2025-09-17,Maharaja's College,18,206,0,0,1
2025-09-17,Maharaja's College,19,198,0,0,1
2025-09-17,Maharaja's College,20,200,0,0,1
2025-09-17,Maharaja's College,21,80,0,0,0
2025-09-17,Maharaja's College,22,69,0,0,0
2025-09-17,Ernakulam South,6,221,0,0,0
2025-09-17,Ernakulam South,7,181,0,0,0
2025-09-17,Ernakulam South,8,466,0,1,0
2025-09-17,Ernakulam South,9,443,0,1,0
2025-09-17,Ernakulam South,10,522,0,1,0
2025-09-17,Ernakulam South,11,215,0,0,0
2025-09-17,Ernakulam South,12,207,0,0,0
2025-09-17,Ernakulam South,13,190,0,0,0
2025-09-17,Ernakulam South,14,231,0,0,0
2025-09-17,Ernakulam South,15,183,0,0,0
2025-09-17,Ernakulam South,16,182,0,0,0
2025-09-17,Ernakulam South,17,520,0,0,1
2025-09-17,Ernakulam South,18,516,0,0,1
2025-09-17,Ernakulam South,19,479,0,0,1
2025-09-17,Ernakulam South,20,469,0,0,1
2025-09-17,Ernakulam South,21,209,0,0,0
2025-09-17,Ernakulam South,22,206,0,0,0
2025-09-17,Kadavanthra,6,102,0,0,0
2025-09-17,Kadavanthra,7,86,0,0,0
2025-09-17,Kadavanthra,8,213,0,1,0
2025-09-17,Kadavanthra,9,219,0,1,0
2025-09-17,Kadavanthra,10,200,0,1,0
2025-09-17,Kadavanthra,11,90,0,0,0
2025-09-17,Kadavanthra,12,80,0,0,0
2025-09-17,Kadavanthra,13,80,0,0,0
2025-09-17,Kadavanthra,14,92,0,0,0
2025-09-17,Kadavanthra,15,86,0,0,0
2025-09-17,Kadavanthra,16,80,0,0,0
2025-09-17,Kadavanthra,17,201,0,0,1
2025-09-17,Kadavanthra,18,209,0,0,1
2025-09-17,Kadavanthra,19,204,0,0,1
2025-09-17,Kadavanthra,20,212,0,0,1
2025-09-17,Kadavanthra,21,81,0,0,0
2025-09-17,Kadavanthra,22,65,0,0,0
2025-09-17,Elamkulam,6,60,0,0,0
2025-09-17,Elamkulam,7,69,0,0,0
2025-09-17,Elamkulam,8,201,0,1,0
2025-09-17,Elamkulam,9,207,0,1,0
2025-09-17,Elamkulam,10,180,0,1,0
2025-09-17,Elamkulam,11,71,0,0,0
2025-09-17,Elamkulam,12,80,0,0,0
2025-09-17,Elamkulam,13,81,0,0,0
2025-09-17,Elamkulam,14,63,0,0,0
2025-09-17,Elamkulam,15,74,0,0,0
2025-09-17,Elamkulam,16,63,0,0,0
2025-09-17,Elamkulam,17,209,0,0,1
2025-09-17,Elamkulam,18,228,0,0,1
2025-09-17,Elamkulam,19,189,0,0,1
2025-09-17,Elamkulam,20,205,0,0,1
2025-09-17,Elamkulam,21,80,0,0,0
2025-09-17,Elamkulam,22,81,0,0,0
2025-09-17,Vyttila,6,83,0,0,0
2025-09-17,Vyttila,7,74,0,0,0
2025-09-17,Vyttila,8,174,0,1,0
2025-09-17,Vyttila,9,191,0,1,0
2025-09-17,Vyttila,10,201,0,1,0
2025-09-17,Vyttila,11,80,0,0,0
2025-09-17,Vyttila,12,81,0,0,0
2025-09-17,Vyttila,13,73,0,0,0
2025-09-17,Vyttila,14,76,0,0,0
2025-09-17,Vyttila,15,75,0,0,0
2025-09-17,Vyttila,16,76,0,0,0
2025-09-17,Vyttila,17,202,0,0,1
2025-09-17,Vyttila,18,208,0,0,1
2025-09-17,Vyttila,19,212,0,0,1
2025-09-17,Vyttila,20,200,0,0,1
2025-09-17,Vyttila,21,85,0,0,0
2025-09-17,Vyttila,22,88,0,0,0
2025-09-17,Thaikoodam,6,94,0,0,0
2025-09-17,Thaikoodam,7,71,0,0,0
2025-09-17,Thaikoodam,8,217,0,1,0
2025-09-17,Thaikoodam,9,206,0,1,0
2025-09-17,Thaikoodam,10,227,0,1,0
2025-09-17,Thaikoodam,11,73,0,0,0
2025-09-17,Thaikoodam,12,92,0,0,0
2025-09-17,Thaikoodam,13,78,0,0,0
2025-09-17,Thaikoodam,14,85,0,0,0
2025-09-17,Thaikoodam,15,93,0,0,0
2025-09-17,Thaikoodam,16,72,0,0,0
2025-09-17,Thaikoodam,17,208,0,0,1
2025-09-17,Thaikoodam,18,177,0,0,1
2025-09-17,Thaikoodam,19,210,0,0,1
2025-09-17,Thaikoodam,20,172,0,0,1
2025-09-17,Thaikoodam,21,93,0,0,0
2025-09-17,Thaikoodam,22,75,0,0,0
2025-09-17,Petta,6,83,0,0,0
2025-09-17,Petta,7,87,0,0,0
2025-09-17,Petta,8,206,0,1,0
2025-09-17,Petta,9,210,0,1,0
2025-09-17,Petta,10,218,0,1,0
2025-09-17,Petta,11,75,0,0,0
2025-09-17,Petta,12,68,0,0,0
2025-09-17,Petta,13,91,0,0,0
2025-09-17,Petta,14,73,0,0,0
2025-09-17,Petta,15,64,0,0,0
2025-09-17,Petta,16,80,0,0,0
2025-09-17,Petta,17,213,0,0,1
2025-09-17,Petta,18,192,0,0,1
2025-09-17,Petta,19,219,0,0,1
2025-09-17,Petta,20,222,0,0,1
2025-09-17,Petta,21,89,0,0,0
2025-09-17,Petta,22,81,0,0,0
2025-09-17,Vadakkekotta,6,71,0,0,0
2025-09-17,Vadakkekotta,7,84,0,0,0
2025-09-17,Vadakkekotta,8,203,0,1,0
2025-09-17,Vadakkekotta,9,209,0,1,0
2025-09-17,Vadakkekotta,10,216,0,1,0
2025-09-17,Vadakkekotta,11,91,0,0,0
2025-09-17,Vadakkekotta,12,82,0,0,0
2025-09-17,Vadakkekotta,13,80,0,0,0
2025-09-17,Vadakkekotta,14,75,0,0,0
2025-09-17,Vadakkekotta,15,62,0,0,0
2025-09-17,Vadakkekotta,16,73,0,0,0
2025-09-17,Vadakkekotta,17,193,0,0,1
2025-09-17,Vadakkekotta,18,198,0,0,1
2025-09-17,Vadakkekotta,19,184,0,0,1
2025-09-17,Vadakkekotta,20,214,0,0,1
2025-09-17,Vadakkekotta,21,82,0,0,0
2025-09-17,Vadakkekotta,22,92,0,0,0
2025-09-17,SN Junction,6,74,0,0,0
2025-09-17,SN Junction,7,74,0,0,0
2025-09-17,SN Junction,8,206,0,1,0
2025-09-17,SN Junction,9,190,0,1,0
2025-09-17,SN Junction,10,197,0,1,0
2025-09-17,SN Junction,11,75,0,0,0
2025-09-17,SN Junction,12,81,0,0,0
2025-09-17,SN Junction,13,80,0,0,0
2025-09-17,SN Junction,14,85,0,0,0
2025-09-17,SN Junction,15,81,0,0,0
2025-09-17,SN Junction,16,71,0,0,0
2025-09-17,SN Junction,17,194,0,0,1
2025-09-17,SN Junction,18,208,0,0,1
2025-09-17,SN Junction,19,184,0,0,1
2025-09-17,SN Junction,20,175,0,0,1
2025-09-17,SN Junction,21,81,0,0,0
2025-09-17,SN Junction,22,70,0,0,0
2025-09-17,Tripunithura Terminal,6,84,0,0,0
2025-09-17,Tripunithura Terminal,7,95,0,0,0
2025-09-17,Tripunithura Terminal,8,198,0,1,0
2025-09-17,Tripunithura Terminal,9,222,0,1,0
2025-09-17,Tripunithura Terminal,10,193,0,1,0
2025-09-17,Tripunithura Terminal,11,88,0,0,0
2025-09-17,Tripunithura Terminal,12,68,0,0,0
2025-09-17,Tripunithura Terminal,13,81,0,0,0
2025-09-17,Tripunithura Terminal,14,91,0,0,0
2025-09-17,Tripunithura Terminal,15,100,0,0,0
2025-09-17,Tripunithura Terminal,16,87,0,0,0
2025-09-17,Tripunithura Terminal,17,213,0,0,1
2025-09-17,Tripunithura Terminal,18,199,0,0,1
2025-09-17,Tripunithura Terminal,19,202,0,0,1
2025-09-17,Tripunithura Terminal,20,185,0,0,1
2025-09-17,Tripunithura Terminal,21,67,0,0,0
2025-09-17,Tripunithura Terminal,22,68,0,0,0
2025-09-24,Aluva,6,224,0,0,0
2025-09-24,Aluva,7,200,0,0,0
2025-09-24,Aluva,8,534,0,1,0
2025-09-24,Aluva,9,497,0,1,0
2025-09-24,Aluva,10,542,0,1,0
2025-09-24,Aluva,11,181,0,0,0
2025-09-24,Aluva,12,193,0,0,0
2025-09-24,Aluva,13,223,0,0,0
2025-09-24,Aluva,14,209,0,0,0
2025-09-24,Aluva,15,205,0,0,0
2025-09-24,Aluva,16,189,0,0,0
2025-09-24,Aluva,17,512,0,0,1
2025-09-24,Aluva,18,483,0,0,1
2025-09-24,Aluva,19,492,0,0,1
2025-09-24,Aluva,20,452,0,0,1
2025-09-24,Aluva,21,185,0,0,0
2025-09-24,Aluva,22,189,0,0,0
2025-09-24,Pulinchodu,6,69,0,0,0
2025-09-24,Pulinchodu,7,70,0,0,0
2025-09-24,Pulinchodu,8,183,0,1,0
2025-09-24,Pulinchodu,9,180,0,1,0
2025-09-24,Pulinchodu,10,200,0,1,0
2025-09-24,Pulinchodu,11,99,0,0,0
2025-09-24,Pulinchodu,12,70,0,0,0
2025-09-24,Pulinchodu,13,78,0,0,0
2025-09-24,Pulinchodu,14,79,0,0,0
2025-09-24,Pulinchodu,15,77,0,0,0
2025-09-24,Pulinchodu,16,82,0,0,0
2025-09-24,Pulinchodu,17,175,0,0,1
2025-09-24,Pulinchodu,18,227,0,0,1
2025-09-24,Pulinchodu,19,200,0,0,1
2025-09-24,Pulinchodu,20,203,0,0,1
2025-09-24,Pulinchodu,21,82,0,0,0
2025-09-24,Pulinchodu,22,80,0,0,0
2025-09-24,Companypady,6,78,0,0,0
2025-09-24,Companypady,7,72,0,0,0
2025-09-24,Companypady,8,217,0,1,0
2025-09-24,Companypady,9,209,0,1,0
2025-09-24,Companypady,10,221,0,1,0
2025-09-24,Companypady,11,71,0,0,0
2025-09-24,Companypady,12,89,0,0,0
2025-09-24,Companypady,13,73,0,0,0
2025-09-24,Companypady,14,74,0,0,0
2025-09-24,Companypady,15,73,0,0,0
2025-09-24,Companypady,16,95,0,0,0
2025-09-24,Companypady,17,193,0,0,1
2025-09-24,Companypady,18,209,0,0,1
2025-09-24,Companypady,19,187,0,0,1
2025-09-24,Companypady,20,212,0,0,1
2025-09-24,Companypady,21,90,0,0,0
2025-09-24,Companypady,22,80,0,0,0
2025-09-24,Ambattukavu,6,101,0,0,0
2025-09-24,Ambattukavu,7,85,0,0,0
2025-09-24,Ambattukavu,8,185,0,1,0
2025-09-24,Ambattukavu,9,198,0,1,0
2025-09-24,Ambattukavu,10,199,0,1,0
2025-09-24,Ambattukavu,11,75,0,0,0
2025-09-24,Ambattukavu,12,91,0,0,0
2025-09-24,Ambattukavu,13,70,0,0,0
2025-09-24,Ambattukavu,14,84,0,0,0
2025-09-24,Ambattukavu,15,97,0,0,0
2025-09-24,Ambattukavu,16,71,0,0,0
2025-09-24,Ambattukavu,17,183,0,0,1
2025-09-24,Ambattukavu,18,172,0,0,1
2025-09-24,Ambattukavu,19,185,0,0,1
2025-09-24,Ambattukavu,20,205,0,0,1
2025-09-24,Ambattukavu,21,78,0,0,0
2025-09-24,Ambattukavu,22,81,0,0,0
2025-09-24,Muttom,6,81,0,0,0
2025-09-24,Muttom,7,82,0,0,0
2025-09-24,Muttom,8,206,0,1,0
2025-09-24,Muttom,9,182,0,1,0
2025-09-24,Muttom,10,221,0,1,0
2025-09-24,Muttom,11,69,0,0,0
2025-09-24,Muttom,12,81,0,0,0
2025-09-24,Muttom,13,70,0,0,0
2025-09-24,Muttom,14,85,0,0,0
2025-09-24,Muttom,15,80,0,0,0
2025-09-24,Muttom,16,72,0,0,0
2025-09-24,Muttom,17,198,0,0,1
2025-09-24,Muttom,18,204,0,0,1
2025-09-24,Muttom,19,197,0,0,1
2025-09-24,Muttom,20,208,0,0,1
2025-09-24,Muttom,21,77,0,0,0
2025-09-24,Muttom,22,69,0,0,0
2025-09-24,Kalamassery,6,225,0,0,0
2025-09-24,Kalamassery,7,218,0,0,0
2025-09-24,Kalamassery,8,488,0,1,0
2025-09-24,Kalamassery,9,508,0,1,0
2025-09-24,Kalamassery,10,485,0,1,0
2025-09-24,Kalamassery,11,177,0,0,0
2025-09-24,Kalamassery,12,179,0,0,0
2025-09-24,Kalamassery,13,222,0,0,0
2025-09-24,Kalamassery,14,186,0,0,0
2025-09-24,Kalamassery,15,201,0,0,0
2025-09-24,Kalamassery,16,200,0,0,0
2025-09-24,Kalamassery,17,515,0,0,1
2025-09-24,Kalamassery,18,518,0,0,1
2025-09-24,Kalamassery,19,519,0,0,1
2025-09-24,Kalamassery,20,481,0,0,1
2025-09-24,Kalamassery,21,209,0,0,0
2025-09-24,Kalamassery,22,208,0,0,0
2025-09-24,CUSAT,6,79,0,0,0
2025-09-24,CUSAT,7,87,0,0,0
2025-09-24,CUSAT,8,190,0,1,0
2025-09-24,CUSAT,9,187,0,1,0
2025-09-24,CUSAT,10,179,0,1,0
2025-09-24,CUSAT,11,89,0,0,0
2025-09-24,CUSAT,12,89,0,0,0
2025-09-24,CUSAT,13,95,0,0,0
2025-09-24,CUSAT,14,85,0,0,0
2025-09-24,CUSAT,15,75,0,0,0
2025-09-24,CUSAT,16,77,0,0,0
2025-09-24,CUSAT,17,200,0,0,1
2025-09-24,CUSAT,18,207,0,0,1
2025-09-24,CUSAT,19,214,0,0,1
2025-09-24,CUSAT,20,207,0,0,1
2025-09-24,CUSAT,21,75,0,0,0
2025-09-24,CUSAT,22,92,0,0,0
2025-09-24,Pathadipalam,6,86,0,0,0
2025-09-24,Pathadipalam,7,67,0,0,0
2025-09-24,Pathadipalam,8,195,0,1,0
2025-09-24,Pathadipalam,9,200,0,1,0
2025-09-24,Pathadipalam,10,190,0,1,0
2025-09-24,Pathadipalam,11,83,0,0,0
2025-09-24,Pathadipalam,12,89,0,0,0
2025-09-24,Pathadipalam,13,90,0,0,0
2025-09-24,Pathadipalam,14,83,0,0,0
2025-09-24,Pathadipalam,15,75,0,0,0
2025-09-24,Pathadipalam,16,79,0,0,0
2025-09-24,Pathadipalam,17,193,0,0,1
2025-09-24,Pathadipalam,18,211,0,0,1
2025-09-24,Pathadipalam,19,234,0,0,1
2025-09-24,Pathadipalam,20,227,0,0,1
2025-09-24,Pathadipalam,21,89,0,0,0
2025-09-24,Pathadipalam,22,87,0,0,0
2025-09-24,Edappally,6,205,0,0,0
2025-09-24,Edappally,7,198,0,0,0
2025-09-24,Edappally,8,501,0,1,0
2025-09-24,Edappally,9,444,0,1,0
2025-09-24,Edappally,10,510,0,1,0
2025-09-24,Edappally,11,211,0,0,0
2025-09-24,Edappally,12,208,0,0,0
2025-09-24,Edappally,13,205,0,0,0
2025-09-24,Edappally,14,222,0,0,0
2025-09-24,Edappally,15,195,0,0,0
2025-09-24,Edappally,16,206,0,0,0
2025-09-24,Edappally,17,496,0,0,1
2025-09-24,Edappally,18,493,0,0,1
2025-09-24,Edappally,19,467,0,0,1
2025-09-24,Edappally,20,489,0,0,1
2025-09-24,Edappally,21,188,0,0,0
2025-09-24,Edappally,22,212,0,0,0
2025-09-24,Changampuzha Park,6,75,0,0,0
2025-09-24,Changampuzha Park,7,79,0,0,0
2025-09-24,Changampuzha Park,8,193,0,1,0
2025-09-24,Changampuzha Park,9,207,0,1,0
2025-09-24,Changampuzha Park,10,185,0,1,0
2025-09-24,Changampuzha Park,11,75,0,0,0
2025-09-24,Changampuzha Park,12,97,0,0,0
2025-09-24,Changampuzha Park,13,71,0,0,0
2025-09-24,Changampuzha Park,14,83,0,0,0
2025-09-24,Changampuzha Park,15,79,0,0,0
2025-09-24,Changampuzha Park,16,92,0,0,0
2025-09-24,Changampuzha Park,17,194,0,0,1
2025-09-24,Changampuzha Park,18,199,0,0,1
2025-09-24,Changampuzha Park,19,209,0,0,1
2025-09-24,Changampuzha Park,20,196,0,0,1
2025-09-24,Changampuzha Park,21,86,0,0,0
2025-09-24,Changampuzha Park,22,96,0,0,0
2025-09-24,Palarivattom,6,81,0,0,0
2025-09-24,Palarivattom,7,82,0,0,0
2025-09-24,Palarivattom,8,186,0,1,0
2025-09-24,Palarivattom,9,199,0,1,0
2025-09-24,Palarivattom,10,200,0,1,0
2025-09-24,Palarivattom,11,88,0,0,0
2025-09-24,Palarivattom,12,68,0,0,0
2025-09-24,Palarivattom,13,89,0,0,0
2025-09-24,Palarivattom,14,88,0,0,0
2025-09-24,Palarivattom,15,73,0,0,0
2025-09-24,Palarivattom,16,80,0,0,0
2025-09-24,Palarivattom,17,196,0,0,1
2025-09-24,Palarivattom,18,212,0,0,1
2025-09-24,Palarivattom,19,199,0,0,1
2025-09-24,Palarivattom,20,203,0,0,1
2025-09-24,Palarivattom,21,92,0,0,0
2025-09-24,Palarivattom,22,71,0,0,0
2025-09-24,JLN Stadium,6,75,0,0,0
2025-09-24,JLN Stadium,7,73,0,0,0
2025-09-24,JLN Stadium,8,201,0,1,0
2025-09-24,JLN Stadium,9,193,0,1,0
2025-09-24,JLN Stadium,10,224,0,1,0
2025-09-24,JLN Stadium,11,68,0,0,0
2025-09-24,JLN Stadium,12,75,0,0,0
2025-09-24,JLN Stadium,13,98,0,0,0
2025-09-24,JLN Stadium,14,78,0,0,0
2025-09-24,JLN Stadium,15,81,0,0,0
2025-09-24,JLN Stadium,16,76,0,0,0
2025-09-24,JLN Stadium,17,190,0,0,1
2025-09-24,JLN Stadium,18,219,0,0,1
2025-09-24,JLN Stadium,19,201,0,0,1
2025-09-24,JLN Stadium,20,203,0,0,1
2025-09-24,JLN Stadium,21,78,0,0,0
2025-09-24,JLN Stadium,22,78,0,0,0
2025-09-24,Kaloor Town Hall,6,81,0,0,0
2025-09-24,Kaloor Town Hall,7,66,0,0,0
2025-09-24,Kaloor Town Hall,8,221,0,1,0
2025-09-24,Kaloor Town Hall,9,199,0,1,0
2025-09-24,Kaloor Town Hall,10,196,0,1,0
2025-09-24,Kaloor Town Hall,11,73,0,0,0
2025-09-24,Kaloor Town Hall,12,65,0,0,0
2025-09-24,Kaloor Town Hall,13,89,0,0,0
2025-09-24,Kaloor Town Hall,14,66,0,0,0
2025-09-24,Kaloor Town Hall,15,83,0,0,0
2025-09-24,Kaloor Town Hall,16,68,0,0,0
2025-09-24,Kaloor Town Hall,17,192,0,0,1
2025-09-24,Kaloor Town Hall,18,201,0,0,1
2025-09-24,Kaloor Town Hall,19,196,0,0,1
2025-09-24,Kaloor Town Hall,20,206,0,0,1
2025-09-24,Kaloor Town Hall,21,88,0,0,0
2025-09-24,Kaloor Town Hall,22,75,0,0,0
2025-09-24,MG Road,6,201,0,0,0
2025-09-24,MG Road,7,198,0,0,0
2025-09-24,MG Road,8,521,0,1,0
2025-09-24,MG Road,9,520,0,1,0
2025-09-24,MG Road,10,506,0,1,0
2025-09-24,MG Road,11,198,0,0,0
2025-09-24,MG Road,12,226,0,0,0
2025-09-24,MG Road,13,192,0,0,0
2025-09-24,MG Road,14,201,0,0,0
2025-09-24,MG Road,15,202,0,0,0
2025-09-24,MG Road,16,186,0,0,0
2025-09-24,MG Road,17,462,0,0,1
2025-09-24,MG Road,18,497,0,0,1
2025-09-24,MG Road,19,526,0,0,1
2025-09-24,MG Road,20,454,0,0,1
2025-09-24,MG Road,21,168,0,0,0
2025-09-24,MG Road,22,199,0,0,0
2025-09-24,Maharaja's College,6,85,0,0,0
2025-09-24,Maharaja's College,7,69,0,0,0
2025-09-24,Maharaja's College,8,180,0,1,0
2025-09-24,Maharaja's College,9,199,0,1,0
2025-09-24,Maharaja's College,10,183,0,1,0
2025-09-24,Maharaja's College,11,88,0,0,0
2025-09-24,Maharaja's College,12,83,0,0,0
2025-09-24,Maharaja's College,13,78,0,0,0
2025-09-24,Maharaja's College,14,98,0,0,0
2025-09-24,Maharaja's College,15,73,0,0,0
2025-09-24,Maharaja's College,16,81,0,0,0
2025-09-24,Maharaja's College,17,204,0,0,1
2025-09-24,Maharaja's College,18,184,0,0,1
2025-09-24,Maharaja's College,19,172,0,0,1
2025-09-24,Maharaja's College,20,188,0,0,1
2025-09-24,Maharaja's College,21,93,0,0,0
2025-09-24,Maharaja's College,22,72,0,0,0
2025-09-24,Ernakulam South,6,183,0,0,0
2025-09-24,Ernakulam South,7,192,0,0,0
2025-09-24,Ernakulam South,8,486,0,1,0
2025-09-24,Ernakulam South,9,500,0,1,0
2025-09-24,Ernakulam South,10,483,0,1,0
2025-09-24,Ernakulam South,11,213,0,0,0
2025-09-24,Ernakulam South,12,195,0,0,0
2025-09-24,Ernakulam South,13,185,0,0,0
2025-09-24,Ernakulam South,14,213,0,0,0
2025-09-24,Ernakulam South,15,206,0,0,0
2025-09-24,Ernakulam South,16,207,0,0,0
2025-09-24,Ernakulam South,17,478,0,0,1
2025-09-24,Ernakulam South,18,510,0,0,1
2025-09-24,Ernakulam South,19,490,0,0,1
2025-09-24,Ernakulam South,20,491,0,0,1
2025-09-24,Ernakulam South,21,197,0,0,0
2025-09-24,Ernakulam South,22,216,0,0,0
2025-09-24,Kadavanthra,6,72,0,0,0
2025-09-24,Kadavanthra,7,94,0,0,0
2025-09-24,Kadavanthra,8,183,0,1,0
2025-09-24,Kadavanthra,9,211,0,1,0
2025-09-24,Kadavanthra,10,185,0,1,0
2025-09-24,Kadavanthra,11,79,0,0,0
2025-09-24,Kadavanthra,12,70,0,0,0
2025-09-24,Kadavanthra,13,63,0,0,0
2025-09-24,Kadavanthra,14,80,0,0,0
2025-09-24,Kadavanthra,15,81,0,0,0
2025-09-24,Kadavanthra,16,84,0,0,0
2025-09-24,Kadavanthra,17,197,0,0,1
2025-09-24,Kadavanthra,18,210,0,0,1
2025-09-24,Kadavanthra,19,194,0,0,1
2025-09-24,Kadavanthra,20,214,0,0,1
2025-09-24,Kadavanthra,21,67,0,0,0
2025-09-24,Kadavanthra,22,78,0,0,0
2025-09-24,Elamkulam,6,99,0,0,0
2025-09-24,Elamkulam,7,74,0,0,0
2025-09-24,Elamkulam,8,219,0,1,0
2025-09-24,Elamkulam,9,202,0,1,0
2025-09-24,Elamkulam,10,203,0,1,0
2025-09-24,Elamkulam,11,83,0,0,0
2025-09-24,Elamkulam,12,68,0,0,0
2025-09-24,Elamkulam,13,78,0,0,0
2025-09-24,Elamkulam,14,67,0,0,0
2025-09-24,Elamkulam,15,87,0,0,0
2025-09-24,Elamkulam,16,77,0,0,0
2025-09-24,Elamkulam,17,193,0,0,1
2025-09-24,Elamkulam,18,195,0,0,1
2025-09-24,Elamkulam,19,183,0,0,1
2025-09-24,Elamkulam,20,211,0,0,1
2025-09-24,Elamkulam,21,71,0,0,0
2025-09-24,Elamkulam,22,98,0,0,0
2025-09-24,Vyttila,6,78,0,0,0
2025-09-24,Vyttila,7,68,0,0,0
2025-09-24,Vyttila,8,191,0,1,0
2025-09-24,Vyttila,9,197,0,1,0
2025-09-24,Vyttila,10,202,0,1,0
2025-09-24,Vyttila,11,84,0,0,0
2025-09-24,Vyttila,12,73,0,0,0
2025-09-24,Vyttila,13,81,0,0,0
2025-09-24,Vyttila,14,86,0,0,0
2025-09-24,Vyttila,15,84,0,0,0
2025-09-24,Vyttila,16,84,0,0,0
2025-09-24,Vyttila,17,215,0,0,1
2025-09-24,Vyttila,18,185,0,0,1
2025-09-24,Vyttila,19,190,0,0,1
2025-09-24,Vyttila,20,181,0,0,1
2025-09-24,Vyttila,21,81,0,0,0
2025-09-24,Vyttila,22,79,0,0,0
2025-09-24,Thaikoodam,6,75,0,0,0
2025-09-24,Thaikoodam,7,86,0,0,0
2025-09-24,Thaikoodam,8,194,0,1,0
2025-09-24,Thaikoodam,9,192,0,1,0
2025-09-24,Thaikoodam,10,223,0,1,0
2025-09-24,Thaikoodam,11,78,0,0,0
2025-09-24,Thaikoodam,12,84,0,0,0
2025-09-24,Thaikoodam,13,94,0,0,0
2025-09-24,Thaikoodam,14,79,0,0,0
2025-09-24,Thaikoodam,15,78,0,0,0
2025-09-24,Thaikoodam,16,68,0,0,0
2025-09-24,Thaikoodam,17,215,0,0,1
2025-09-24,Thaikoodam,18,194,0,0,1
2025-09-24,Thaikoodam,19,211,0,0,1
2025-09-24,Thaikoodam,20,220,0,0,1
2025-09-24,Thaikoodam,21,73,0,0,0
2025-09-24,Thaikoodam,22,71,0,0,0
2025-09-24,Petta,6,66,0,0,0
2025-09-24,Petta,7,75,0,0,0
2025-09-24,Petta,8,192,0,1,0
2025-09-24,Petta,9,242,0,1,0
2025-09-24,Petta,10,189,0,1,0
2025-09-24,Petta,11,82,0,0,0
2025-09-24,Petta,12,78,0,0,0
2025-09-24,Petta,13,67,0,0,0
2025-09-24,Petta,14,86,0,0,0
2025-09-24,Petta,15,86,0,0,0
2025-09-24,Petta,16,71,0,0,0
2025-09-24,Petta,17,209,0,0,1
2025-09-24,Petta,18,185,0,0,1
2025-09-24,Petta,19,197,0,0,1
2025-09-24,Petta,20,193,0,0,1
2025-09-24,Petta,21,83,0,0,0
2025-09-24,Petta,22,93,0,0,0
2025-09-24,Vadakkekotta,6,70,0,0,0
2025-09-24,Vadakkekotta,7,83,0,0,0
2025-09-24,Vadakkekotta,8,198,0,1,0
2025-09-24,Vadakkekotta,9,194,0,1,0
2025-09-24,Vadakkekotta,10,217,0,1,0
2025-09-24,Vadakkekotta,11,71,0,0,0
2025-09-24,Vadakkekotta,12,87,0,0,0
2025-09-24,Vadakkekotta,13,60,0,0,0
2025-09-24,Vadakkekotta,14,88,0,0,0
2025-09-24,Vadakkekotta,15,87,0,0,0
2025-09-24,Vadakkekotta,16,84,0,0,0
2025-09-24,Vadakkekotta,17,208,0,0,1
2025-09-24,Vadakkekotta,18,223,0,0,1
2025-09-24,Vadakkekotta,19,212,0,0,1
2025-09-24,Vadakkekotta,20,203,0,0,1
2025-09-24,Vadakkekotta,21,89,0,0,0
2025-09-24,Vadakkekotta,22,76,0,0,0
2025-09-24,SN Junction,6,73,0,0,0
2025-09-24,SN Junction,7,101,0,0,0
2025-09-24,SN Junction,8,204,0,1,0
2025-09-24,SN Junction,9,197,0,1,0
2025-09-24,SN Junction,10,225,0,1,0
2025-09-24,SN Junction,11,80,0,0,0
2025-09-24,SN Junction,12,79,0,0,0
2025-09-24,SN Junction,13,83,0,0,0
2025-09-24,SN Junction,14,90,0,0,0
2025-09-24,SN Junction,15,77,0,0,0
2025-09-24,SN Junction,16,81,0,0,0
2025-09-24,SN Junction,17,222,0,0,1
2025-09-24,SN Junction,18,201,0,0,1
2025-09-24,SN Junction,19,201,0,0,1
2025-09-24,SN Junction,20,208,0,0,1
2025-09-24,SN Junction,21,81,0,0,0
2025-09-24,SN Junction,22,73,0,0,0
2025-09-24,Tripunithura Terminal,6,81,0,0,0
2025-09-24,Tripunithura Terminal,7,83,0,0,0
2025-09-24,Tripunithura Terminal,8,197,0,1,0
2025-09-24,Tripunithura Terminal,9,217,0,1,0
2025-09-24,Tripunithura Terminal,10,206,0,1,0
2025-09-24,Tripunithura Terminal,11,66,0,0,0
2025-09-24,Tripunithura Terminal,12,82,0,0,0
2025-09-24,Tripunithura Terminal,13,77,0,0,0
2025-09-24,Tripunithura Terminal,14,67,0,0,0
2025-09-24,Tripunithura Terminal,15,83,0,0,0
2025-09-24,Tripunithura Terminal,16,68,0,0,0
2025-09-24,Tripunithura Terminal,17,188,0,0,1
2025-09-24,Tripunithura Terminal,18,186,0,0,1
2025-09-24,Tripunithura Terminal,19,182,0,0,1
2025-09-24,Tripunithura Terminal,20,175,0,0,1
2025-09-24,Tripunithura Terminal,21,83,0,0,0
2025-09-24,Tripunithura Terminal,22,75,0,0,0
2025-10-01,Aluva,6,209,0,0,0
2025-10-01,Aluva,7,216,0,0,0
2025-10-01,Aluva,8,520,0,1,0
2025-10-01,Aluva,9,509,0,1,0
2025-10-01,Aluva,10,524,0,1,0
2025-10-01,Aluva,11,199,0,0,0
2025-10-01,Aluva,12,196,0,0,0
2025-10-01,Aluva,13,194,0,0,0
2025-10-01,Aluva,14,197,0,0,0
2025-10-01,Aluva,15,212,0,0,0
2025-10-01,Aluva,16,220,0,0,0
2025-10-01,Aluva,17,504,0,0,1
2025-10-01,Aluva,18,524,0,0,1
2025-10-01,Aluva,19,499,0,0,1
2025-10-01,Aluva,20,518,0,0,1
2025-10-01,Aluva,21,182,0,0,0
2025-10-01,Aluva,22,219,0,0,0
2025-10-01,Pulinchodu,6,84,0,0,0
2025-10-01,Pulinchodu,7,80,0,0,0
2025-10-01,Pulinchodu,8,201,0,1,0
2025-10-01,Pulinchodu,9,202,0,1,0
2025-10-01,Pulinchodu,10,193,0,1,0
2025-10-01,Pulinchodu,11,81,0,0,0
2025-10-01,Pulinchodu,12,88,0,0,0
2025-10-01,Pulinchodu,13,77,0,0,0
2025-10-01,Pulinchodu,14,80,0,0,0
2025-10-01,Pulinchodu,15,88,0,0,0
2025-10-01,Pulinchodu,16,86,0,0,0
2025-10-01,Pulinchodu,17,202,0,0,1
2025-10-01,Pulinchodu,18,206,0,0,1
2025-10-01,Pulinchodu,19,199,0,0,1
2025-10-01,Pulinchodu,20,205,0,0,1
2025-10-01,Pulinchodu,21,79,0,0,0
2025-10-01,Pulinchodu,22,86,0,0,0
2025-10-01,Companypady,6,81,0,0,0
2025-10-01,Companypady,7,84,0,0,0
2025-10-01,Companypady,8,211,0,1,0
2025-10-01,Companypady,9,207,0,1,0
2025-10-01,Companypady,10,219,0,1,0
2025-10-01,Companypady,11,85,0,0,0
2025-10-01,Companypady,12,82,0,0,0
2025-10-01,Companypady,13,92,0,0,0
2025-10-01,Companypady,14,75,0,0,0
2025-10-01,Companypady,15,80,0,0,0
2025-10-01,Companypady,16,78,0,0,0
2025-10-01,Companypady,17,192,0,0,1
2025-10-01,Companypady,18,183,0,0,1
2025-10-01,Companypady,19,199,0,0,1
2025-10-01,Companypady,20,204,0,0,1
2025-10-01,Companypady,21,71,0,0,0
2025-10-01,Companypady,22,83,0,0,0
2025-10-01,Ambattukavu,6,72,0,0,0
2025-10-01,Ambattukavu,7,85,0,0,0
2025-10-01,Ambattukavu,8,193,0,1,0
2025-10-01,Ambattukavu,9,209,0,1,0
2025-10-01,Ambattukavu,10,191,0,1,0
2025-10-01,Ambattukavu,11,73,0,0,0
2025-10-01,Ambattukavu,12,61,0,0,0
2025-10-01,Ambattukavu,13,78,0,0,0
2025-10-01,Ambattukavu,14,75,0,0,0
2025-10-01,Ambattukavu,15,98,0,0,0
2025-10-01,Ambattukavu,16,77,0,0,0
2025-10-01,Ambattukavu,17,201,0,0,1
2025-10-01,Ambattukavu,18,189,0,0,1
2025-10-01,Ambattukavu,19,198,0,0,1
2025-10-01,Ambattukavu,20,220,0,0,1
2025-10-01,Ambattukavu,21,83,0,0,0
2025-10-01,Ambattukavu,22,77,0,0,0
2025-10-01,Muttom,6,71,0,0,0
2025-10-01,Muttom,7,76,0,0,0
2025-10-01,Muttom,8,221,0,1,0
2025-10-01,Muttom,9,207,0,1,0
2025-10-01,Muttom,10,198,0,1,0
2025-10-01,Muttom,11,79,0,0,0
2025-10-01,Muttom,12,89,0,0,0
2025-10-01,Muttom,13,88,0,0,0
2025-10-01,Muttom,14,95,0,0,0
2025-10-01,Muttom,15,81,0,0,0
2025-10-01,Muttom,16,79,0,0,0
2025-10-01,Muttom,17,208,0,0,1
2025-10-01,Muttom,18,194,0,0,1
2025-10-01,Muttom,19,187,0,0,1
2025-10-01,Muttom,20,195,0,0,1
2025-10-01,Muttom,21,69,0,0,0
2025-10-01,Muttom,22,74,0,0,0
2025-10-01,Kalamassery,6,215,0,0,0
2025-10-01,Kalamassery,7,203,0,0,0
2025-10-01,Kalamassery,8,509,0,1,0
2025-10-01,Kalamassery,9,473,0,1,0
2025-10-01,Kalamassery,10,501,0,1,0
2025-10-01,Kalamassery,11,217,0,0,0
2025-10-01,Kalamassery,12,195,0,0,0
2025-10-01,Kalamassery,13,199,0,0,0
2025-10-01,Kalamassery,14,214,0,0,0
2025-10-01,Kalamassery,15,152,0,0,0
2025-10-01,Kalamassery,16,189,0,0,0
2025-10-01,Kalamassery,17,486,0,0,1
2025-10-01,Kalamassery,18,512,0,0,1
2025-10-01,Kalamassery,19,534,0,0,1
2025-10-01,Kalamassery,20,498,0,0,1
2025-10-01,Kalamassery,21,224,0,0,0
2025-10-01,Kalamassery,22,190,0,0,0
2025-10-01,CUSAT,6,96,0,0,0
2025-10-01,CUSAT,7,81,0,0,0
2025-10-01,CUSAT,8,197,0,1,0
2025-10-01,CUSAT,9,178,0,1,0
2025-10-01,CUSAT,10,216,0,1,0
2025-10-01,CUSAT,11,90,0,0,0
2025-10-01,CUSAT,12,71,0,0,0
2025-10-01,CUSAT,13,81,0,0,0
2025-10-01,CUSAT,14,68,0,0,0
2025-10-01,CUSAT,15,81,0,0,0
2025-10-01,CUSAT,16,74,0,0,0
2025-10-01,CUSAT,17,205,0,0,1
2025-10-01,CUSAT,18,220,0,0,1
2025-10-01,CUSAT,19,185,0,0,1
2025-10-01,CUSAT,20,197,0,0,1
2025-10-01,CUSAT,21,81,0,0,0
2025-10-01,CUSAT,22,85,0,0,0
2025-10-01,Pathadipalam,6,78,0,0,0
2025-10-01,Pathadipalam,7,80,0,0,0
2025-10-01,Pathadipalam,8,219,0,1,0
2025-10-01,Pathadipalam,9,184,0,1,0
2025-10-01,Pathadipalam,10,183,0,1,0
2025-10-01,Pathadipalam,11,80,0,0,0
2025-10-01,Pathadipalam,12,87,0,0,0
2025-10-01,Pathadipalam,13,68,0,0,0
2025-10-01,Pathadipalam,14,79,0,0,0
2025-10-01,Pathadipalam,15,83,0,0,0
2025-10-01,Pathadipalam,16,84,0,0,0
2025-10-01,Pathadipalam,17,202,0,0,1
2025-10-01,Pathadipalam,18,196,0,0,1
2025-10-01,Pathadipalam,19,209,0,0,1
2025-10-01,Pathadipalam,20,198,0,0,1
2025-10-01,Pathadipalam,21,77,0,0,0
2025-10-01,Pathadipalam,22,84,0,0,0
2025-10-01,Edappally,6,230,0,0,0
2025-10-01,Edappally,7,182,0,0,0
2025-10-01,Edappally,8,497,0,1,0
2025-10-01,Edappally,9,504,0,1,0
2025-10-01,Edappally,10,530,0,1,0
2025-10-01,Edappally,11,212,0,0,0
2025-10-01,Edappally,12,191,0,0,0
2025-10-01,Edappally,13,207,0,0,0
2025-10-01,Edappally,14,186,0,0,0
2025-10-01,Edappally,15,183,0,0,0
2025-10-01,Edappally,16,202,0,0,0
2025-10-01,Edappally,17,473,0,0,1
2025-10-01,Edappally,18,526,0,0,1
2025-10-01,Edappally,19,461,0,0,1
2025-10-01,Edappally,20,491,0,0,1
2025-10-01,Edappally,21,206,0,0,0
2025-10-01,Edappally,22,211,0,0,0
2025-10-01,Changampuzha Park,6,81,0,0,0
2025-10-01,Changampuzha Park,7,74,0,0,0
2025-10-01,Changampuzha Park,8,194,0,1,0
2025-10-01,Changampuzha Park,9,193,0,1,0
2025-10-01,Changampuzha Park,10,185,0,1,0
2025-10-01,Changampuzha Park,11,86,0,0,0
2025-10-01,Changampuzha Park,12,86,0,0,0
2025-10-01,Changampuzha Park,13,77,0,0,0
2025-10-01,Changampuzha Park,14,80,0,0,0
2025-10-01,Changampuzha Park,15,82,0,0,0
2025-10-01,Changampuzha Park,16,76,0,0,0
2025-10-01,Changampuzha Park,17,208,0,0,1
2025-10-01,Changampuzha Park,18,186,0,0,1
2025-10-01,Changampuzha Park,19,191,0,0,1
2025-10-01,Changampuzha Park,20,180,0,0,1
2025-10-01,Changampuzha Park,21,88,0,0,0
2025-10-01,Changampuzha Park,22,80,0,0,0
2025-10-01,Palarivattom,6,63,0,0,0
2025-10-01,Palarivattom,7,88,0,0,0
2025-10-01,Palarivattom,8,188,0,1,0
2025-10-01,Palarivattom,9,215,0,1,0
2025-10-01,Palarivattom,10,218,0,1,0
2025-10-01,Palarivattom,11,78,0,0,0
2025-10-01,Palarivattom,12,91,0,0,0
2025-10-01,Palarivattom,13,80,0,0,0
2025-10-01,Palarivattom,14,91,0,0,0
2025-10-01,Palarivattom,15,99,0,0,0
2025-10-01,Palarivattom,16,96,0,0,0
2025-10-01,Palarivattom,17,207,0,0,1
2025-10-01,Palarivattom,18,199,0,0,1
2025-10-01,Palarivattom,19,193,0,0,1
2025-10-01,Palarivattom,20,183,0,0,1
2025-10-01,Palarivattom,21,71,0,0,0
2025-10-01,Palarivattom,22,82,0,0,0
2025-10-01,JLN Stadium,6,88,0,0,0
2025-10-01,JLN Stadium,7,85,0,0,0
2025-10-01,JLN Stadium,8,191,0,1,0
2025-10-01,JLN Stadium,9,185,0,1,0
2025-10-01,JLN Stadium,10,186,0,1,0
2025-10-01,JLN Stadium,11,91,0,0,0
2025-10-01,JLN Stadium,12,77,0,0,0
2025-10-01,JLN Stadium,13,66,0,0,0
2025-10-01,JLN Stadium,14,73,0,0,0
2025-10-01,JLN Stadium,15,100,0,0,0
2025-10-01,JLN Stadium,16,73,0,0,0
2025-10-01,JLN Stadium,17,181,0,0,1
2025-10-01,JLN Stadium,18,221,0,0,1
2025-10-01,JLN Stadium,19,206,0,0,1
2025-10-01,JLN Stadium,20,201,0,0,1
2025-10-01,JLN Stadium,21,78,0,0,0
2025-10-01,JLN Stadium,22,83,0,0,0
2025-10-01,Kaloor Town Hall,6,79,0,0,0
2025-10-01,Kaloor Town Hall,7,76,0,0,0
2025-10-01,Kaloor Town Hall,8,202,0,1,0
2025-10-01,Kaloor Town Hall,9,204,0,1,0
2025-10-01,Kaloor Town Hall,10,198,0,1,0
2025-10-01,Kaloor Town Hall,11,70,0,0,0
2025-10-01,Kaloor Town Hall,12,84,0,0,0
2025-10-01,Kaloor Town Hall,13,75,0,0,0
2025-10-01,Kaloor Town Hall,14,85,0,0,0
2025-10-01,Kaloor Town Hall,15,78,0,0,0
2025-10-01,Kaloor Town Hall,16,79,0,0,0
2025-10-01,Kaloor Town Hall,17,214,0,0,1
2025-10-01,Kaloor Town Hall,18,185,0,0,1
2025-10-01,Kaloor Town Hall,19,188,0,0,1
2025-10-01,Kaloor Town Hall,20,207,0,0,1
2025-10-01,Kaloor Town Hall,21,72,0,0,0
2025-10-01,Kaloor Town Hall,22,74,0,0,0
2025-10-01,MG Road,6,177,0,0,0
2025-10-01,MG Road,7,208,0,0,0
2025-10-01,MG Road,8,520,0,1,0
2025-10-01,MG Road,9,488,0,1,0
2025-10-01,MG Road,10,482,0,1,0
2025-10-01,MG Road,11,186,0,0,0
2025-10-01,MG Road,12,166,0,0,0
2025-10-01,MG Road,13,209,0,0,0
2025-10-01,MG Road,14,182,0,0,0
2025-10-01,MG Road,15,184,0,0,0
2025-10-01,MG Road,16,190,0,0,0
2025-10-01,MG Road,17,470,0,0,1
2025-10-01,MG Road,18,484,0,0,1
2025-10-01,MG Road,19,486,0,0,1
2025-10-01,MG Road,20,509,0,0,1
2025-10-01,MG Road,21,203,0,0,0
2025-10-01,MG Road,22,224,0,0,0
2025-10-01,Maharaja's College,6,79,0,0,0
2025-10-01,Maharaja's College,7,59,0,0,0
2025-10-01,Maharaja's College,8,215,0,1,0
2025-10-01,Maharaja's College,9,189,0,1,0
2025-10-01,Maharaja's College,10,231,0,1,0
2025-10-01,Maharaja's College,11,83,0,0,0
2025-10-01,Maharaja's College,12,76,0,0,0
2025-10-01,Maharaja's College,13,82,0,0,0
2025-10-01,Maharaja's College,14,79,0,0,0
2025-10-01,Maharaja's College,15,77,0,0,0
2025-10-01,Maharaja's College,16,79,0,0,0
2025-10-01,Maharaja's College,17,203,0,0,1
2025-10-01,Maharaja's College,18,191,0,0,1
2025-10-01,Maharaja's College,19,184,0,0,1
2025-10-01,Maharaja's College,20,210,0,0,1
2025-10-01,Maharaja's College,21,87,0,0,0
2025-10-01,Maharaja's College,22,69,0,0,0
2025-10-01,Ernakulam South,6,196,0,0,0
2025-10-01,Ernakulam South,7,198,0,0,0
2025-10-01,Ernakulam South,8,509,0,1,0
2025-10-01,Ernakulam South,9,500,0,1,0
2025-10-01,Ernakulam South,10,505,0,1,0
2025-10-01,Ernakulam South,11,172,0,0,0
2025-10-01,Ernakulam South,12,209,0,0,0
2025-10-01,Ernakulam South,13,192,0,0,0
2025-10-01,Ernakulam South,14,198,0,0,0
2025-10-01,Ernakulam South,15,206,0,0,0
2025-10-01,Ernakulam South,16,197,0,0,0
2025-10-01,Ernakulam South,17,513,0,0,1
2025-10-01,Ernakulam South,18,513,0,0,1
2025-10-01,Ernakulam South,19,517,0,0,1
2025-10-01,Ernakulam South,20,516,0,0,1
2025-10-01,Ernakulam South,21,182,0,0,0
2025-10-01,Ernakulam South,22,177,0,0,0
2025-10-01,Kadavanthra,6,80,0,0,0
2025-10-01,Kadavanthra,7,78,0,0,0
2025-10-01,Kadavanthra,8,186,0,1,0
2025-10-01,Kadavanthra,9,204,0,1,0
2025-10-01,Kadavanthra,10,203,0,1,0
2025-10-01,Kadavanthra,11,74,0,0,0
2025-10-01,Kadavanthra,12,79,0,0,0
2025-10-01,Kadavanthra,13,86,0,0,0
2025-10-01,Kadavanthra,14,89,0,0,0
2025-10-01,Kadavanthra,15,98,0,0,0
2025-10-01,Kadavanthra,16,87,0,0,0
2025-10-01,Kadavanthra,17,192,0,0,1
2025-10-01,Kadavanthra,18,201,0,0,1
2025-10-01,Kadavanthra,19,210,0,0,1
2025-10-01,Kadavanthra,20,198,0,0,1
2025-10-01,Kadavanthra,21,78,0,0,0
2025-10-01,Kadavanthra,22,83,0,0,0
2025-10-01,Elamkulam,6,88,0,0,0
2025-10-01,Elamkulam,7,84,0,0,0
2025-10-01,Elamkulam,8,204,0,1,0
2025-10-01,Elamkulam,9,227,0,1,0
2025-10-01,Elamkulam,10,209,0,1,0
2025-10-01,Elamkulam,11,76,0,0,0
2025-10-01,Elamkulam,12,63,0,0,0
2025-10-01,Elamkulam,13,78,0,0,0
2025-10-01,Elamkulam,14,85,0,0,0
2025-10-01,Elamkulam,15,69,0,0,0
2025-10-01,Elamkulam,16,72,0,0,0
2025-10-01,Elamkulam,17,212,0,0,1
2025-10-01,Elamkulam,18,202,0,0,1
2025-10-01,Elamkulam,19,211,0,0,1
2025-10-01,Elamkulam,20,192,0,0,1
2025-10-01,Elamkulam,21,73,0,0,0
2025-10-01,Elamkulam,22,77,0,0,0
2025-10-01,Vyttila,6,78,0,0,0
2025-10-01,Vyttila,7,82,0,0,0
2025-10-01,Vyttila,8,191,0,1,0
2025-10-01,Vyttila,9,197,0,1,0
2025-10-01,Vyttila,10,189,0,1,0
2025-10-01,Vyttila,11,88,0,0,0
2025-10-01,Vyttila,12,69,0,0,0
2025-10-01,Vyttila,13,70,0,0,0
2025-10-01,Vyttila,14,87,0,0,0
2025-10-01,Vyttila,15,73,0,0,0
2025-10-01,Vyttila,16,69,0,0,0
2025-10-01,Vyttila,17,183,0,0,1
2025-10-01,Vyttila,18,210,0,0,1
2025-10-01,Vyttila,19,183,0,0,1
2025-10-01,Vyttila,20,208,0,0,1
2025-10-01,Vyttila,21,93,0,0,0
2025-10-01,Vyttila,22,84,0,0,0
2025-10-01,Thaikoodam,6,76,0,0,0
2025-10-01,Thaikoodam,7,74,0,0,0
2025-10-01,Thaikoodam,8,191,0,1,0
2025-10-01,Thaikoodam,9,212,0,1,0
2025-10-01,Thaikoodam,10,186,0,1,0
2025-10-01,Thaikoodam,11,79,0,0,0
2025-10-01,Thaikoodam,12,77,0,0,0
2025-10-01,Thaikoodam,13,88,0,0,0
2025-10-01,Thaikoodam,14,88,0,0,0
2025-10-01,Thaikoodam,15,87,0,0,0
2025-10-01,Thaikoodam,16,90,0,0,0
2025-10-01,Thaikoodam,17,220,0,0,1
2025-10-01,Thaikoodam,18,207,0,0,1
2025-10-01,Thaikoodam,19,222,0,0,1
2025-10-01,Thaikoodam,20,194,0,0,1
2025-10-01,Thaikoodam,21,81,0,0,0
2025-10-01,Thaikoodam,22,82,0,0,0
2025-10-01,Petta,6,71,0,0,0
2025-10-01,Petta,7,70,0,0,0
2025-10-01,Petta,8,204,0,1,0
2025-10-01,Petta,9,194,0,1,0
2025-10-01,Petta,10,218,0,1,0
2025-10-01,Petta,11,92,0,0,0
2025-10-01,Petta,12,77,0,0,0
2025-10-01,Petta,13,65,0,0,0
2025-10-01,Petta,14,86,0,0,0
2025-10-01,Petta,15,75,0,0,0
2025-10-01,Petta,16,75,0,0,0
2025-10-01,Petta,17,205,0,0,1
2025-10-01,Petta,18,208,0,0,1
2025-10-01,Petta,19,222,0,0,1
2025-10-01,Petta,20,204,0,0,1
2025-10-01,Petta,21,89,0,0,0
2025-10-01,Petta,22,91,0,0,0
2025-10-01,Vadakkekotta,6,78,0,0,0
2025-10-01,Vadakkekotta,7,75,0,0,0
2025-10-01,Vadakkekotta,8,199,0,1,0
2025-10-01,Vadakkekotta,9,198,0,1,0
2025-10-01,Vadakkekotta,10,188,0,1,0
2025-10-01,Vadakkekotta,11,81,0,0,0
2025-10-01,Vadakkekotta,12,84,0,0,0
2025-10-01,Vadakkekotta,13,90,0,0,0
2025-10-01,Vadakkekotta,14,73,0,0,0
2025-10-01,Vadakkekotta,15,71,0,0,0
2025-10-01,Vadakkekotta,16,94,0,0,0
2025-10-01,Vadakkekotta,17,182,0,0,1
2025-10-01,Vadakkekotta,18,213,0,0,1
2025-10-01,Vadakkekotta,19,188,0,0,1
2025-10-01,Vadakkekotta,20,206,0,0,1
2025-10-01,Vadakkekotta,21,91,0,0,0
2025-10-01,Vadakkekotta,22,88,0,0,0
2025-10-01,SN Junction,6,79,0,0,0
2025-10-01,SN Junction,7,57,0,0,0
2025-10-01,SN Junction,8,214,0,1,0
2025-10-01,SN Junction,9,198,0,1,0
2025-10-01,SN Junction,10,212,0,1,0
2025-10-01,SN Junction,11,80,0,0,0
2025-10-01,SN Junction,12,82,0,0,0
2025-10-01,SN Junction,13,94,0,0,0
2025-10-01,SN Junction,14,74,0,0,0
2025-10-01,SN Junction,15,83,0,0,0
2025-10-01,SN Junction,16,93,0,0,0
2025-10-01,SN Junction,17,194,0,0,1
2025-10-01,SN Junction,18,185,0,0,1
2025-10-01,SN Junction,19,197,0,0,1
2025-10-01,SN Junction,20,194,0,0,1
2025-10-01,SN Junction,21,80,0,0,0
2025-10-01,SN Junction,22,83,0,0,0
2025-10-01,Tripunithura Terminal,6,77,0,0,0
2025-10-01,Tripunithura Terminal,7,86,0,0,0
2025-10-01,Tripunithura Terminal,8,206,0,1,0
2025-10-01,Tripunithura Terminal,9,196,0,1,0
2025-10-01,Tripunithura Terminal,10,186,0,1,0
2025-10-01,Tripunithura Terminal,11,85,0,0,0
2025-10-01,Tripunithura Terminal,12,75,0,0,0
2025-10-01,Tripunithura Terminal,13,77,0,0,0
2025-10-01,Tripunithura Terminal,14,88,0,0,0
2025-10-01,Tripunithura Terminal,15,82,0,0,0
2025-10-01,Tripunithura Terminal,16,85,0,0,0
2025-10-01,Tripunithura Terminal,17,174,0,0,1
2025-10-01,Tripunithura Terminal,18,207,0,0,1
2025-10-01,Tripunithura Terminal,19,225,0,0,1
2025-10-01,Tripunithura Terminal,20,218,0,0,1
2025-10-01,Tripunithura Terminal,21,72,0,0,0
2025-10-01,Tripunithura Terminal,22,102,0,0,0
2025-10-08,Aluva,6,200,0,0,0
2025-10-08,Aluva,7,184,0,0,0
2025-10-08,Aluva,8,518,0,1,0
2025-10-08,Aluva,9,504,0,1,0
2025-10-08,Aluva,10,466,0,1,0
2025-10-08,Aluva,11,184,0,0,0
2025-10-08,Aluva,12,203,0,0,0
2025-10-08,Aluva,13,197,0,0,0
2025-10-08,Aluva,14,209,0,0,0
2025-10-08,Aluva,15,216,0,0,0
2025-10-08,Aluva,16,181,0,0,0
2025-10-08,Aluva,17,501,0,0,1
2025-10-08,Aluva,18,518,0,0,1
2025-10-08,Aluva,19,515,0,0,1
2025-10-08,Aluva,20,506,0,0,1
2025-10-08,Aluva,21,194,0,0,0
2025-10-08,Aluva,22,184,0,0,0
2025-10-08,Pulinchodu,6,74,0,0,0
2025-10-08,Pulinchodu,7,73,0,0,0
2025-10-08,Pulinchodu,8,189,0,1,0
2025-10-08,Pulinchodu,9,200,0,1,0
2025-10-08,Pulinchodu,10,209,0,1,0
2025-10-08,Pulinchodu,11,72,0,0,0
2025-10-08,Pulinchodu,12,89,0,0,0
2025-10-08,Pulinchodu,13,74,0,0,0
2025-10-08,Pulinchodu,14,97,0,0,0
2025-10-08,Pulinchodu,15,91,0,0,0
2025-10-08,Pulinchodu,16,83,0,0,0
2025-10-08,Pulinchodu,17,217,0,0,1
2025-10-08,Pulinchodu,18,183,0,0,1
2025-10-08,Pulinchodu,19,185,0,0,1
2025-10-08,Pulinchodu,20,203,0,0,1
2025-10-08,Pulinchodu,21,82,0,0,0
2025-10-08,Pulinchodu,22,95,0,0,0
2025-10-08,Companypady,6,85,0,0,0
2025-10-08,Companypady,7,75,0,0,0
2025-10-08,Companypady,8,188,0,1,0
2025-10-08,Companypady,9,215,0,1,0
2025-10-08,Companypady,10,162,0,1,0
2025-10-08,Companypady,11,79,0,0,0
2025-10-08,Companypady,12,63,0,0,0
2025-10-08,Companypady,13,70,0,0,0
2025-10-08,Companypady,14,91,0,0,0
2025-10-08,Companypady,15,81,0,0,0
2025-10-08,Companypady,16,72,0,0,0
2025-10-08,Companypady,17,181,0,0,1
2025-10-08,Companypady,18,178,0,0,1
2025-10-08,Companypady,19,180,0,0,1
2025-10-08,Companypady,20,190,0,0,1
2025-10-08,Companypady,21,79,0,0,0
2025-10-08,Companypady,22,85,0,0,0
2025-10-08,Ambattukavu,6,72,0,0,0
2025-10-08,Ambattukavu,7,60,0,0,0
2025-10-08,Ambattukavu,8,209,0,1,0
2025-10-08,Ambattukavu,9,183,0,1,0
2025-10-08,Ambattukavu,10,172,0,1,0
2025-10-08,Ambattukavu,11,73,0,0,0
2025-10-08,Ambattukavu,12,75,0,0,0
2025-10-08,Ambattukavu,13,73,0,0,0
2025-10-08,Ambattukavu,14,83,0,0,0
2025-10-08,Ambattukavu,15,64,0,0,0
2025-10-08,Ambattukavu,16,75,0,0,0
2025-10-08,Ambattukavu,17,193,0,0,1
2025-10-08,Ambattukavu,18,200,0,0,1
2025-10-08,Ambattukavu,19,185,0,0,1
2025-10-08,Ambattukavu,20,193,0,0,1
2025-10-08,Ambattukavu,21,83,0,0,0
2025-10-08,Ambattukavu,22,72,0,0,0
2025-10-08,Muttom,6,84,0,0,0
2025-10-08,Muttom,7,72,0,0,0
2025-10-08,Muttom,8,190,0,1,0
2025-10-08,Muttom,9,201,0,1,0
2025-10-08,Muttom,10,218,0,1,0
2025-10-08,Muttom,11,74,0,0,0
2025-10-08,Muttom,12,78,0,0,0
2025-10-08,Muttom,13,94,0,0,0
2025-10-08,Muttom,14,75,0,0,0
2025-10-08,Muttom,15,90,0,0,0
2025-10-08,Muttom,16,74,0,0,0
2025-10-08,Muttom,17,194,0,0,1
2025-10-08,Muttom,18,217,0,0,1
2025-10-08,Muttom,19,177,0,0,1
2025-10-08,Muttom,20,192,0,0,1
2025-10-08,Muttom,21,87,0,0,0
2025-10-08,Muttom,22,84,0,0,0
2025-10-08,Kalamassery,6,209,0,0,0
2025-10-08,Kalamassery,7,207,0,0,0
2025-10-08,Kalamassery,8,515,0,1,0
2025-10-08,Kalamassery,9,494,0,1,0
2025-10-08,Kalamassery,10,542,0,1,0
2025-10-08,Kalamassery,11,225,0,0,0
2025-10-08,Kalamassery,12,207,0,0,0
2025-10-08,Kalamassery,13,197,0,0,0
2025-10-08,Kalamassery,14,215,0,0,0
2025-10-08,Kalamassery,15,197,0,0,0
2025-10-08,Kalamassery,16,193,0,0,0
2025-10-08,Kalamassery,17,528,0,0,1
2025-10-08,Kalamassery,18,496,0,0,1
2025-10-08,Kalamassery,19,496,0,0,1
2025-10-08,Kalamassery,20,480,0,0,1
2025-10-08,Kalamassery,21,208,0,0,0
2025-10-08,Kalamassery,22,197,0,0,0
2025-10-08,CUSAT,6,83,0,0,0
2025-10-08,CUSAT,7,85,0,0,0
2025-10-08,CUSAT,8,211,0,1,0
2025-10-08,CUSAT,9,192,0,1,0
2025-10-08,CUSAT,10,226,0,1,0
2025-10-08,CUSAT,11,87,0,0,0
2025-10-08,CUSAT,12,82,0,0,0
2025-10-08,CUSAT,13,76,0,0,0
2025-10-08,CUSAT,14,78,0,0,0
2025-10-08,CUSAT,15,77,0,0,0
2025-10-08,CUSAT,16,98,0,0,0
2025-10-08,CUSAT,17,201,0,0,1
2025-10-08,CUSAT,18,192,0,0,1
2025-10-08,CUSAT,19,186,0,0,1
2025-10-08,CUSAT,20,204,0,0,1
2025-10-08,CUSAT,21,69,0,0,0
2025-10-08,CUSAT,22,65,0,0,0
2025-10-08,Pathadipalam,6,85,0,0,0
2025-10-08,Pathadipalam,7,75,0,0,0
2025-10-08,Pathadipalam,8,190,0,1,0
2025-10-08,Pathadipalam,9,191,0,1,0
2025-10-08,Pathadipalam,10,196,0,1,0
2025-10-08,Pathadipalam,11,91,0,0,0
2025-10-08,Pathadipalam,12,80,0,0,0
2025-10-08,Pathadipalam,13,70,0,0,0
2025-10-08,Pathadipalam,14,92,0,0,0
2025-10-08,Pathadipalam,15,99,0,0,0
2025-10-08,Pathadipalam,16,84,0,0,0
2025-10-08,Pathadipalam,17,200,0,0,1
2025-10-08,Pathadipalam,18,180,0,0,1
2025-10-08,Pathadipalam,19,217,0,0,1
2025-10-08,Pathadipalam,20,218,0,0,1
2025-10-08,Pathadipalam,21,85,0,0,0
2025-10-08,Pathadipalam,22,70,0,0,0
2025-10-08,Edappally,6,198,0,0,0
2025-10-08,Edappally,7,215,0,0,0
2025-10-08,Edappally,8,471,0,1,0
2025-10-08,Edappally,9,525,0,1,0
2025-10-08,Edappally,10,479,0,1,0
2025-10-08,Edappally,11,192,0,0,0
2025-10-08,Edappally,12,199,0,0,0
2025-10-08,Edappally,13,190,0,0,0
2025-10-08,Edappally,14,193,0,0,0
2025-10-08,Edappally,15,187,0,0,0
2025-10-08,Edappally,16,204,0,0,0
2025-10-08,Edappally,17,520,0,0,1
2025-10-08,Edappally,18,480,0,0,1
2025-10-08,Edappally,19,522,0,0,1
2025-10-08,Edappally,20,487,0,0,1
2025-10-08,Edappally,21,207,0,0,0
2025-10-08,Edappally,22,218,0,0,0
2025-10-08,Changampuzha Park,6,74,0,0,0
2025-10-08,Changampuzha Park,7,72,0,0,0
2025-10-08,Changampuzha Park,8,180,0,1,0
2025-10-08,Changampuzha Park,9,205,0,1,0
2025-10-08,Changampuzha Park,10,203,0,1,0
2025-10-08,Changampuzha Park,11,76,0,0,0
2025-10-08,Changampuzha Park,12,98,0,0,0
2025-10-08,Changampuzha Park,13,80,0,0,0
2025-10-08,Changampuzha Park,14,89,0,0,0
2025-10-08,Changampuzha Park,15,71,0,0,0
2025-10-08,Changampuzha Park,16,80,0,0,0
2025-10-08,Changampuzha Park,17,222,0,0,1
2025-10-08,Changampuzha Park,18,190,0,0,1
2025-10-08,Changampuzha Park,19,184,0,0,1
2025-10-08,Changampuzha Park,20,200,0,0,1
2025-10-08,Changampuzha Park,21,87,0,0,0
2025-10-08,Changampuzha Park,22,66,0,0,0
2025-10-08,Palarivattom,6,79,0,0,0
2025-10-08,Palarivattom,7,84,0,0,0
2025-10-08,Palarivattom,8,188,0,1,0
2025-10-08,Palarivattom,9,195,0,1,0
2025-10-08,Palarivattom,10,209,0,1,0
2025-10-08,Palarivattom,11,80,0,0,0
2025-10-08,Palarivattom,12,79,0,0,0
2025-10-08,Palarivattom,13,86,0,0,0
2025-10-08,Palarivattom,14,85,0,0,0
2025-10-08,Palarivattom,15,81,0,0,0
2025-10-08,Palarivattom,16,87,0,0,0
2025-10-08,Palarivattom,17,223,0,0,1
2025-10-08,Palarivattom,18,206,0,0,1
2025-10-08,Palarivattom,19,188,0,0,1
2025-10-08,Palarivattom,20,202,0,0,1
2025-10-08,Palarivattom,21,78,0,0,0
2025-10-08,Palarivattom,22,91,0,0,0
2025-10-08,JLN Stadium,6,65,0,0,0
2025-10-08,JLN Stadium,7,85,0,0,0
2025-10-08,JLN Stadium,8,190,0,1,0
2025-10-08,JLN Stadium,9,196,0,1,0
2025-10-08,JLN Stadium,10,202,0,1,0
2025-10-08,JLN Stadium,11,94,0,0,0
2025-10-08,JLN Stadium,12,83,0,0,0
2025-10-08,JLN Stadium,13,78,0,0,0
2025-10-08,JLN Stadium,14,81,0,0,0
2025-10-08,JLN Stadium,15,94,0,0,0
2025-10-08,JLN Stadium,16,78,0,0,0
2025-10-08,JLN Stadium,17,211,0,0,1
2025-10-08,JLN Stadium,18,194,0,0,1
2025-10-08,JLN Stadium,19,203,0,0,1
2025-10-08,JLN Stadium,20,190,0,0,1
2025-10-08,JLN Stadium,21,96,0,0,0
2025-10-08,JLN Stadium,22,73,0,0,0
2025-10-08,Kaloor Town Hall,6,86,0,0,0
2025-10-08,Kaloor Town Hall,7,82,0,0,0
2025-10-08,Kaloor Town Hall,8,207,0,1,0
2025-10-08,Kaloor Town Hall,9,187,0,1,0
2025-10-08,Kaloor Town Hall,10,218,0,1,0
2025-10-08,Kaloor Town Hall,11,92,0,0,0
2025-10-08,Kaloor Town Hall,12,75,0,0,0
2025-10-08,Kaloor Town Hall,13,99,0,0,0
2025-10-08,Kaloor Town Hall,14,84,0,0,0
2025-10-08,Kaloor Town Hall,15,99,0,0,0
2025-10-08,Kaloor Town Hall,16,70,0,0,0
2025-10-08,Kaloor Town Hall,17,195,0,0,1
2025-10-08,Kaloor Town Hall,18,211,0,0,1
2025-10-08,Kaloor Town Hall,19,194,0,0,1
2025-10-08,Kaloor Town Hall,20,194,0,0,1
2025-10-08,Kaloor Town Hall,21,84,0,0,0
2025-10-08,Kaloor Town Hall,22,64,0,0,0
2025-10-08,MG Road,6,196,0,0,0
2025-10-08,MG Road,7,193,0,0,0
2025-10-08,MG Road,8,503,0,1,0
2025-10-08,MG Road,9,523,0,1,0
2025-10-08,MG Road,10,528,0,1,0
2025-10-08,MG Road,11,175,0,0,0
2025-10-08,MG Road,12,228,0,0,0
2025-10-08,MG Road,13,197,0,0,0
2025-10-08,MG Road,14,208,0,0,0
2025-10-08,MG Road,15,220,0,0,0
2025-10-08,MG Road,16,189,0,0,0
2025-10-08,MG Road,17,507,0,0,1
2025-10-08,MG Road,18,503,0,0,1
2025-10-08,MG Road,19,498,0,0,1
2025-10-08,MG Road,20,480,0,0,1
2025-10-08,MG Road,21,225,0,0,0
2025-10-08,MG Road,22,179,0,0,0
2025-10-08,Maharaja's College,6,94,0,0,0
2025-10-08,Maharaja's College,7,96,0,0,0
2025-10-08,Maharaja's College,8,205,0,1,0
2025-10-08,Maharaja's College,9,202,0,1,0
2025-10-08,Maharaja's College,10,196,0,1,0
2025-10-08,Maharaja's College,11,76,0,0,0
2025-10-08,Maharaja's College,12,78,0,0,0
2025-10-08,Maharaja's College,13,75,0,0,0
2025-10-08,Maharaja's College,14,74,0,0,0
2025-10-08,Maharaja's College,15,74,0,0,0
2025-10-08,Maharaja's College,16,94,0,0,0
2025-10-08,Maharaja's College,17,193,0,0,1
2025-10-08,Maharaja's College,18,190,0,0,1
2025-10-08,Maharaja's College,19,220,0,0,1
2025-10-08,Maharaja's College,20,210,0,0,1
2025-10-08,Maharaja's College,21,89,0,0,0
2025-10-08,Maharaja's College,22,78,0,0,0
2025-10-08,Ernakulam South,6,222,0,0,0
2025-10-08,Ernakulam South,7,203,0,0,0
2025-10-08,Ernakulam South,8,542,0,1,0
2025-10-08,Ernakulam South,9,493,0,1,0
2025-10-08,Ernakulam South,10,516,0,1,0
2025-10-08,Ernakulam South,11,192,0,0,0
2025-10-08,Ernakulam South,12,187,0,0,0
2025-10-08,Ernakulam South,13,199,0,0,0
2025-10-08,Ernakulam South,14,223,0,0,0
2025-10-08,Ernakulam South,15,203,0,0,0
2025-10-08,Ernakulam South,16,205,0,0,0
2025-10-08,Ernakulam South,17,507,0,0,1
2025-10-08,Ernakulam South,18,511,0,0,1
2025-10-08,Ernakulam South,19,507,0,0,1
2025-10-08,Ernakulam South,20,482,0,0,1
2025-10-08,Ernakulam South,21,194,0,0,0
2025-10-08,Ernakulam South,22,207,0,0,0
2025-10-08,Kadavanthra,6,78,0,0,0
2025-10-08,Kadavanthra,7,79,0,0,0
2025-10-08,Kadavanthra,8,191,0,1,0
2025-10-08,Kadavanthra,9,216,0,1,0
2025-10-08,Kadavanthra,10,214,0,1,0
2025-10-08,Kadavanthra,11,77,0,0,0
2025-10-08,Kadavanthra,12,70,0,0,0
2025-10-08,Kadavanthra,13,92,0,0,0
2025-10-08,Kadavanthra,14,79,0,0,0
2025-10-08,Kadavanthra,15,89,0,0,0
2025-10-08,Kadavanthra,16,98,0,0,0
2025-10-08,Kadavanthra,17,186,0,0,1
2025-10-08,Kadavanthra,18,189,0,0,1
2025-10-08,Kadavanthra,19,185,0,0,1
2025-10-08,Kadavanthra,20,184,0,0,1
2025-10-08,Kadavanthra,21,88,0,0,0
2025-10-08,Kadavanthra,22,79,0,0,0
2025-10-08,Elamkulam,6,71,0,0,0
2025-10-08,Elamkulam,7,85,0,0,0
2025-10-08,Elamkulam,8,186,0,1,0
2025-10-08,Elamkulam,9,197,0,1,0
2025-10-08,Elamkulam,10,221,0,1,0
2025-10-08,Elamkulam,11,87,0,0,0
2025-10-08,Elamkulam,12,76,0,0,0
2025-10-08,Elamkulam,13,97,0,0,0
2025-10-08,Elamkulam,14,65,0,0,0
2025-10-08,Elamkulam,15,66,0,0,0
2025-10-08,Elamkulam,16,76,0,0,0
2025-10-08,Elamkulam,17,189,0,0,1
2025-10-08,Elamkulam,18,197,0,0,1
2025-10-08,Elamkulam,19,186,0,0,1
2025-10-08,Elamkulam,20,197,0,0,1
2025-10-08,Elamkulam,21,94,0,0,0
2025-10-08,Elamkulam,22,77,0,0,0
2025-10-08,Vyttila,6,67,0,0,0
2025-10-08,Vyttila,7,89,0,0,0
2025-10-08,Vyttila,8,211,0,1,0
2025-10-08,Vyttila,9,224,0,1,0
2025-10-08,Vyttila,10,235,0,1,0
2025-10-08,Vyttila,11,90,0,0,0
2025-10-08,Vyttila,12,91,0,0,0
2025-10-08,Vyttila,13,66,0,0,0
2025-10-08,Vyttila,14,69,0,0,0
2025-10-08,Vyttila,15,100,0,0,0
2025-10-08,Vyttila,16,64,0,0,0
2025-10-08,Vyttila,17,187,0,0,1
2025-10-08,Vyttila,18,207,0,0,1
2025-10-08,Vyttila,19,195,0,0,1
2025-10-08,Vyttila,20,194,0,0,1
2025-10-08,Vyttila,21,82,0,0,0
2025-10-08,Vyttila,22,57,0,0,0
2025-10-08,Thaikoodam,6,68,0,0,0
2025-10-08,Thaikoodam,7,66,0,0,0
2025-10-08,Thaikoodam,8,186,0,1,0
2025-10-08,Thaikoodam,9,203,0,1,0
2025-10-08,Thaikoodam,10,214,0,1,0
2025-10-08,Thaikoodam,11,67,0,0,0
2025-10-08,Thaikoodam,12,67,0,0,0
2025-10-08,Thaikoodam,13,80,0,0,0
2025-10-08,Thaikoodam,14,81,0,0,0
2025-10-08,Thaikoodam,15,71,0,0,0
2025-10-08,Thaikoodam,16,80,0,0,0
2025-10-08,Thaikoodam,17,194,0,0,1
2025-10-08,Thaikoodam,18,189,0,0,1
2025-10-08,Thaikoodam,19,190,0,0,1
2025-10-08,Thaikoodam,20,203,0,0,1
2025-10-08,Thaikoodam,21,92,0,0,0
2025-10-08,Thaikoodam,22,71,0,0,0
2025-10-08,Petta,6,86,0,0,0
2025-10-08,Petta,7,67,0,0,0
2025-10-08,Petta,8,199,0,1,0
2025-10-08,Petta,9,204,0,1,0
2025-10-08,Petta,10,186,0,1,0
2025-10-08,Petta,11,68,0,0,0
2025-10-08,Petta,12,85,0,0,0
2025-10-08,Petta,13,96,0,0,0
2025-10-08,Petta,14,80,0,0,0
2025-10-08,Petta,15,78,0,0,0
2025-10-08,Petta,16,85,0,0,0
2025-10-08,Petta,17,178,0,0,1
2025-10-08,Petta,18,208,0,0,1
2025-10-08,Petta,19,186,0,0,1
2025-10-08,Petta,20,200,0,0,1
2025-10-08,Petta,21,76,0,0,0
2025-10-08,Petta,22,85,0,0,0
2025-10-08,Vadakkekotta,6,83,0,0,0
2025-10-08,Vadakkekotta,7,67,0,0,0
2025-10-08,Vadakkekotta,8,209,0,1,0
2025-10-08,Vadakkekotta,9,213,0,1,0
2025-10-08,Vadakkekotta,10,204,0,1,0
2025-10-08,Vadakkekotta,11,81,0,0,0
2025-10-08,Vadakkekotta,12,72,0,0,0
2025-10-08,Vadakkekotta,13,84,0,0,0
2025-10-08,Vadakkekotta,14,67,0,0,0
2025-10-08,Vadakkekotta,15,77,0,0,0
2025-10-08,Vadakkekotta,16,83,0,0,0
2025-10-08,Vadakkekotta,17,232,0,0,1
2025-10-08,Vadakkekotta,18,186,0,0,1
2025-10-08,Vadakkekotta,19,189,0,0,1
2025-10-08,Vadakkekotta,20,208,0,0,1
2025-10-08,Vadakkekotta,21,79,0,0,0
2025-10-08,Vadakkekotta,22,80,0,0,0
2025-10-08,SN Junction,6,72,0,0,0
2025-10-08,SN Junction,7,78,0,0,0
2025-10-08,SN Junction,8,207,0,1,0
2025-10-08,SN Junction,9,196,0,1,0
2025-10-08,SN Junction,10,205,0,1,0
2025-10-08,SN Junction,11,85,0,0,0
2025-10-08,SN Junction,12,68,0,0,0
2025-10-08,SN Junction,13,73,0,0,0
2025-10-08,SN Junction,14,87,0,0,0
2025-10-08,SN Junction,15,75,0,0,0
2025-10-08,SN Junction,16,81,0,0,0
2025-10-08,SN Junction,17,182,0,0,1
2025-10-08,SN Junction,18,193,0,0,1
2025-10-08,SN Junction,19,224,0,0,1
2025-10-08,SN Junction,20,197,0,0,1
2025-10-08,SN Junction,21,79,0,0,0
2025-10-08,SN Junction,22,90,0,0,0
2025-10-08,Tripunithura Terminal,6,83,0,0,0
2025-10-08,Tripunithura Terminal,7,77,0,0,0
2025-10-08,Tripunithura Terminal,8,212,0,1,0
2025-10-08,Tripunithura Terminal,9,197,0,1,0
2025-10-08,Tripunithura Terminal,10,212,0,1,0
2025-10-08,Tripunithura Terminal,11,83,0,0,0
2025-10-08,Tripunithura Terminal,12,65,0,0,0
2025-10-08,Tripunithura Terminal,13,73,0,0,0
2025-10-08,Tripunithura Terminal,14,88,0,0,0
2025-10-08,Tripunithura Terminal,15,82,0,0,0
2025-10-08,Tripunithura Terminal,16,101,0,0,0
2025-10-08,Tripunithura Terminal,17,189,0,0,1
2025-10-08,Tripunithura Terminal,18,199,0,0,1
2025-10-08,Tripunithura Terminal,19,220,0,0,1
2025-10-08,Tripunithura Terminal,20,177,0,0,1
2025-10-08,Tripunithura Terminal,21,71,0,0,0
2025-10-08,Tripunithura Terminal,22,89,0,0,0
2025-10-15,Aluva,6,177,0,0,0
2025-10-15,Aluva,7,203,0,0,0
2025-10-15,Aluva,8,491,0,1,0
2025-10-15,Aluva,9,501,0,1,0
2025-10-15,Aluva,10,477,0,1,0
2025-10-15,Aluva,11,203,0,0,0
2025-10-15,Aluva,12,194,0,0,0
2025-10-15,Aluva,13,189,0,0,0
2025-10-15,Aluva,14,175,0,0,0
2025-10-15,Aluva,15,209,0,0,0
2025-10-15,Aluva,16,207,0,0,0
2025-10-15,Aluva,17,482,0,0,1
2025-10-15,Aluva,18,474,0,0,1
2025-10-15,Aluva,19,536,0,0,1
2025-10-15,Aluva,20,505,0,0,1
2025-10-15,Aluva,21,225,0,0,0
2025-10-15,Aluva,22,174,0,0,0
2025-10-15,Pulinchodu,6,70,0,0,0
2025-10-15,Pulinchodu,7,74,0,0,0
2025-10-15,Pulinchodu,8,181,0,1,0
2025-10-15,Pulinchodu,9,202,0,1,0
2025-10-15,Pulinchodu,10,205,0,1,0
2025-10-15,Pulinchodu,11,66,0,0,0
2025-10-15,Pulinchodu,12,80,0,0,0
2025-10-15,Pulinchodu,13,66,0,0,0
2025-10-15,Pulinchodu,14,92,0,0,0
2025-10-15,Pulinchodu,15,74,0,0,0
2025-10-15,Pulinchodu,16,66,0,0,0
2025-10-15,Pulinchodu,17,200,0,0,1
2025-10-15,Pulinchodu,18,209,0,0,1
2025-10-15,Pulinchodu,19,222,0,0,1
2025-10-15,Pulinchodu,20,203,0,0,1
2025-10-15,Pulinchodu,21,77,0,0,0
2025-10-15,Pulinchodu,22,83,0,0,0
2025-10-15,Companypady,6,77,0,0,0
2025-10-15,Companypady,7,82,0,0,0
2025-10-15,Companypady,8,198,0,1,0
2025-10-15,Companypady,9,206,0,1,0
2025-10-15,Companypady,10,213,0,1,0
2025-10-15,Companypady,11,77,0,0,0
2025-10-15,Companypady,12,69,0,0,0
2025-10-15,Companypady,13,83,0,0,0
2025-10-15,Companypady,14,72,0,0,0
2025-10-15,Companypady,15,88,0,0,0
2025-10-15,Companypady,16,88,0,0,0
2025-10-15,Companypady,17,177,0,0,1
2025-10-15,Companypady,18,174,0,0,1
2025-10-15,Companypady,19,205,0,0,1
2025-10-15,Companypady,20,185,0,0,1
2025-10-15,Companypady,21,77,0,0,0
2025-10-15,Companypady,22,84,0,0,0
2025-10-15,Ambattukavu,6,84,0,0,0
2025-10-15,Ambattukavu,7,82,0,0,0
2025-10-15,Ambattukavu,8,201,0,1,0
2025-10-15,Ambattukavu,9,205,0,1,0
2025-10-15,Ambattukavu,10,206,0,1,0
2025-10-15,Ambattukavu,11,74,0,0,0
2025-10-15,Ambattukavu,12,65,0,0,0
2025-10-15,Ambattukavu,13,83,0,0,0
2025-10-15,Ambattukavu,14,75,0,0,0
2025-10-15,Ambattukavu,15,89,0,0,0
2025-10-15,Ambattukavu,16,72,0,0,0
2025-10-15,Ambattukavu,17,193,0,0,1
2025-10-15,Ambattukavu,18,198,0,0,1
2025-10-15,Ambattukavu,19,227,0,0,1
2025-10-15,Ambattukavu,20,189,0,0,1
2025-10-15,Ambattukavu,21,71,0,0,0
2025-10-15,Ambattukavu,22,81,0,0,0
2025-10-15,Muttom,6,81,0,0,0
2025-10-15,Muttom,7,71,0,0,0
2025-10-15,Muttom,8,224,0,1,0
2025-10-15,Muttom,9,215,0,1,0
2025-10-15,Muttom,10,217,0,1,0
2025-10-15,Muttom,11,77,0,0,0
2025-10-15,Muttom,12,87,0,0,0
2025-10-15,Muttom,13,86,0,0,0
2025-10-15,Muttom,14,66,0,0,0
2025-10-15,Muttom,15,62,0,0,0
2025-10-15,Muttom,16,64,0,0,0
2025-10-15,Muttom,17,194,0,0,1
2025-10-15,Muttom,18,186,0,0,1
2025-10-15,Muttom,19,209,0,0,1
2025-10-15,Muttom,20,205,0,0,1
2025-10-15,Muttom,21,79,0,0,0
2025-10-15,Muttom,22,73,0,0,0
2025-10-15,Kalamassery,6,203,0,0,0
2025-10-15,Kalamassery,7,176,0,0,0
2025-10-15,Kalamassery,8,451,0,1,0
2025-10-15,Kalamassery,9,506,0,1,0
2025-10-15,Kalamassery,10,523,0,1,0
2025-10-15,Kalamassery,11,177,0,0,0
2025-10-15,Kalamassery,12,199,0,0,0
2025-10-15,Kalamassery,13,199,0,0,0
2025-10-15,Kalamassery,14,210,0,0,0
2025-10-15,Kalamassery,15,177,0,0,0
2025-10-15,Kalamassery,16,220,0,0,0
2025-10-15,Kalamassery,17,483,0,0,1
2025-10-15,Kalamassery,18,517,0,0,1
2025-10-15,Kalamassery,19,532,0,0,1
2025-10-15,Kalamassery,20,506,0,0,1
2025-10-15,Kalamassery,21,177,0,0,0
2025-10-15,Kalamassery,22,204,0,0,0
2025-10-15,CUSAT,6,66,0,0,0
2025-10-15,CUSAT,7,80,0,0,0
2025-10-15,CUSAT,8,201,0,1,0
2025-10-15,CUSAT,9,201,0,1,0
2025-10-15,CUSAT,10,208,0,1,0
2025-10-15,CUSAT,11,81,0,0,0
2025-10-15,CUSAT,12,88,0,0,0
2025-10-15,CUSAT,13,90,0,0,0
2025-10-15,CUSAT,14,72,0,0,0
2025-10-15,CUSAT,15,87,0,0,0
2025-10-15,CUSAT,16,70,0,0,0
2025-10-15,CUSAT,17,190,0,0,1
2025-10-15,CUSAT,18,183,0,0,1
2025-10-15,CUSAT,19,187,0,0,1
2025-10-15,CUSAT,20,180,0,0,1
2025-10-15,CUSAT,21,61,0,0,0
2025-10-15,CUSAT,22,68,0,0,0
2025-10-15,Pathadipalam,6,73,0,0,0
2025-10-15,Pathadipalam,7,94,0,0,0
2025-10-15,Pathadipalam,8,173,0,1,0
2025-10-15,Pathadipalam,9,207,0,1,0
2025-10-15,Pathadipalam,10,198,0,1,0
2025-10-15,Pathadipalam,11,94,0,0,0
2025-10-15,Pathadipalam,12,70,0,0,0
2025-10-15,Pathadipalam,13,84,0,0,0
2025-10-15,Pathadipalam,14,83,0,0,0
2025-10-15,Pathadipalam,15,68,0,0,0
2025-10-15,Pathadipalam,16,77,0,0,0
2025-10-15,Pathadipalam,17,170,0,0,1
2025-10-15,Pathadipalam,18,201,0,0,1
2025-10-15,Pathadipalam,19,221,0,0,1
2025-10-15,Pathadipalam,20,187,0,0,1
2025-10-15,Pathadipalam,21,75,0,0,0
2025-10-15,Pathadipalam,22,88,0,0,0
2025-10-15,Edappally,6,212,0,0,0
2025-10-15,Edappally,7,207,0,0,0
2025-10-15,Edappally,8,518,0,1,0
2025-10-15,Edappally,9,484,0,1,0
2025-10-15,Edappally,10,473,0,1,0
2025-10-15,Edappally,11,249,0,0,0
2025-10-15,Edappally,12,206,0,0,0
2025-10-15,Edappally,13,185,0,0,0
2025-10-15,Edappally,14,180,0,0,0
2025-10-15,Edappally,15,218,0,0,0
2025-10-15,Edappally,16,185,0,0,0
2025-10-15,Edappally,17,501,0,0,1
2025-10-15,Edappally,18,480,0,0,1
2025-10-15,Edappally,19,531,0,0,1
2025-10-15,Edappally,20,500,0,0,1
2025-10-15,Edappally,21,231,0,0,0
2025-10-15,Edappally,22,223,0,0,0
2025-10-15,Changampuzha Park,6,95,0,0,0
2025-10-15,Changampuzha Park,7,72,0,0,0
2025-10-15,Changampuzha Park,8,218,0,1,0
2025-10-15,Changampuzha Park,9,191,0,1,0
2025-10-15,Changampuzha Park,10,193,0,1,0
2025-10-15,Changampuzha Park,11,80,0,0,0
2025-10-15,Changampuzha Park,12,85,0,0,0
2025-10-15,Changampuzha Park,13,83,0,0,0
2025-10-15,Changampuzha Park,14,78,0,0,0
2025-10-15,Changampuzha Park,15,73,0,0,0
2025-10-15,Changampuzha Park,16,66,0,0,0
2025-10-15,Changampuzha Park,17,196,0,0,1
2025-10-15,Changampuzha Park,18,196,0,0,1
2025-10-15,Changampuzha Park,19,169,0,0,1
2025-10-15,Changampuzha Park,20,175,0,0,1
2025-10-15,Changampuzha Park,21,61,0,0,0
2025-10-15,Changampuzha Park,22,76,0,0,0
2025-10-15,Palarivattom,6,81,0,0,0
2025-10-15,Palarivattom,7,77,0,0,0
2025-10-15,Palarivattom,8,197,0,1,0
2025-10-15,Palarivattom,9,187,0,1,0
2025-10-15,Palarivattom,10,222,0,1,0
2025-10-15,Palarivattom,11,99,0,0,0
2025-10-15,Palarivattom,12,78,0,0,0
2025-10-15,Palarivattom,13,93,0,0,0
2025-10-15,Palarivattom,14,91,0,0,0
2025-10-15,Palarivattom,15,79,0,0,0
2025-10-15,Palarivattom,16,91,0,0,0
2025-10-15,Palarivattom,17,183,0,0,1
2025-10-15,Palarivattom,18,215,0,0,1
2025-10-15,Palarivattom,19,200,0,0,1
2025-10-15,Palarivattom,20,196,0,0,1
2025-10-15,Palarivattom,21,76,0,0,0
2025-10-15,Palarivattom,22,85,0,0,0
2025-10-15,JLN Stadium,6,81,0,0,0
2025-10-15,JLN Stadium,7,84,0,0,0
2025-10-15,JLN Stadium,8,183,0,1,0
2025-10-15,JLN Stadium,9,218,0,1,0
2025-10-15,JLN Stadium,10,203,0,1,0
2025-10-15,JLN Stadium,11,86,0,0,0
2025-10-15,JLN Stadium,12,70,0,0,0
2025-10-15,JLN Stadium,13,66,0,0,0
2025-10-15,JLN Stadium,14,87,0,0,0
2025-10-15,JLN Stadium,15,71,0,0,0
2025-10-15,JLN Stadium,16,77,0,0,0
2025-10-15,JLN Stadium,17,190,0,0,1
2025-10-15,JLN Stadium,18,200,0,0,1
2025-10-15,JLN Stadium,19,184,0,0,1
2025-10-15,JLN Stadium,20,207,0,0,1
2025-10-15,JLN Stadium,21,86,0,0,0
2025-10-15,JLN Stadium,22,85,0,0,0
2025-10-15,Kaloor Town Hall,6,73,0,0,0
2025-10-15,Kaloor Town Hall,7,93,0,0,0
2025-10-15,Kaloor Town Hall,8,201,0,1,0
2025-10-15,Kaloor Town Hall,9,212,0,1,0
2025-10-15,Kaloor Town Hall,10,188,0,1,0
2025-10-15,Kaloor Town Hall,11,92,0,0,0
2025-10-15,Kaloor Town Hall,12,76,0,0,0
2025-10-15,Kaloor Town Hall,13,92,0,0,0
2025-10-15,Kaloor Town Hall,14,58,0,0,0
2025-10-15,Kaloor Town Hall,15,73,0,0,0
2025-10-15,Kaloor Town Hall,16,78,0,0,0
2025-10-15,Kaloor Town Hall,17,205,0,0,1
2025-10-15,Kaloor Town Hall,18,219,0,0,1
2025-10-15,Kaloor Town Hall,19,190,0,0,1
2025-10-15,Kaloor Town Hall,20,216,0,0,1
2025-10-15,Kaloor Town Hall,21,78,0,0,0
2025-10-15,Kaloor Town Hall,22,77,0,0,0
2025-10-15,MG Road,6,187,0,0,0
2025-10-15,MG Road,7,184,0,0,0
2025-10-15,MG Road,8,463,0,1,0
2025-10-15,MG Road,9,547,0,1,0
2025-10-15,MG Road,10,523,0,1,0
2025-10-15,MG Road,11,176,0,0,0
2025-10-15,MG Road,12,201,0,0,0
2025-10-15,MG Road,13,223,0,0,0
2025-10-15,MG Road,14,190,0,0,0
2025-10-15,MG Road,15,185,0,0,0
2025-10-15,MG Road,16,229,0,0,0
2025-10-15,MG Road,17,488,0,0,1
2025-10-15,MG Road,18,525,0,0,1
2025-10-15,MG Road,19,512,0,0,1
2025-10-15,MG Road,20,493,0,0,1
2025-10-15,MG Road,21,213,0,0,0
2025-10-15,MG Road,22,206,0,0,0
2025-10-15,Maharaja's College,6,72,0,0,0
2025-10-15,Maharaja's College,7,94,0,0,0
2025-10-15,Maharaja's College,8,208,0,1,0
2025-10-15,Maharaja's College,9,200,0,1,0
2025-10-15,Maharaja's College,10,204,0,1,0
2025-10-15,Maharaja's College,11,69,0,0,0
2025-10-15,Maharaja's College,12,77,0,0,0
2025-10-15,Maharaja's College,13,76,0,0,0
2025-10-15,Maharaja's College,14,72,0,0,0
2025-10-15,Maharaja's College,15,98,0,0,0
2025-10-15,Maharaja's College,16,78,0,0,0
2025-10-15,Maharaja's College,17,194,0,0,1
2025-10-15,Maharaja's College,18,181,0,0,1
2025-10-15,Maharaja's College,19,222,0,0,1
2025-10-15,Maharaja's College,20,204,0,0,1
2025-10-15,Maharaja's College,21,78,0,0,0
2025-10-15,Maharaja's College,22,79,0,0,0
2025-10-15,Ernakulam South,6,190,0,0,0
2025-10-15,Ernakulam South,7,194,0,0,0
2025-10-15,Ernakulam South,8,474,0,1,0
2025-10-15,Ernakulam South,9,484,0,1,0
2025-10-15,Ernakulam South,10,509,0,1,0
2025-10-15,Ernakulam South,11,205,0,0,0
2025-10-15,Ernakulam South,12,177,0,0,0
2025-10-15,Ernakulam South,13,216,0,0,0
2025-10-15,Ernakulam South,14,222,0,0,0
2025-10-15,Ernakulam South,15,193,0,0,0
2025-10-15,Ernakulam South,16,196,0,0,0
2025-10-15,Ernakulam South,17,484,0,0,1
2025-10-15,Ernakulam South,18,510,0,0,1
2025-10-15,Ernakulam South,19,510,0,0,1
2025-10-15,Ernakulam South,20,501,0,0,1
2025-10-15,Ernakulam South,21,203,0,0,0
2025-10-15,Ernakulam South,22,211,0,0,0
2025-10-15,Kadavanthra,6,82,0,0,0
2025-10-15,Kadavanthra,7,91,0,0,0
2025-10-15,Kadavanthra,8,208,0,1,0
2025-10-15,Kadavanthra,9,207,0,1,0
2025-10-15,Kadavanthra,10,221,0,1,0
2025-10-15,Kadavanthra,11,82,0,0,0
2025-10-15,Kadavanthra,12,71,0,0,0
2025-10-15,Kadavanthra,13,81,0,0,0
2025-10-15,Kadavanthra,14,90,0,0,0
2025-10-15,Kadavanthra,15,83,0,0,0
2025-10-15,Kadavanthra,16,83,0,0,0
2025-10-15,Kadavanthra,17,178,0,0,1
2025-10-15,Kadavanthra,18,192,0,0,1
2025-10-15,Kadavanthra,19,201,0,0,1
2025-10-15,Kadavanthra,20,184,0,0,1
2025-10-15,Kadavanthra,21,84,0,0,0
2025-10-15,Kadavanthra,22,79,0,0,0
2025-10-15,Elamkulam,6,89,0,0,0
2025-10-15,Elamkulam,7,74,0,0,0
2025-10-15,Elamkulam,8,200,0,1,0
2025-10-15,Elamkulam,9,194,0,1,0
2025-10-15,Elamkulam,10,203,0,1,0
2025-10-15,Elamkulam,11,73,0,0,0
2025-10-15,Elamkulam,12,94,0,0,0
2025-10-15,Elamkulam,13,67,0,0,0
2025-10-15,Elamkulam,14,81,0,0,0
2025-10-15,Elamkulam,15,62,0,0,0
2025-10-15,Elamkulam,16,82,0,0,0
2025-10-15,Elamkulam,17,180,0,0,1
2025-10-15,Elamkulam,18,230,0,0,1
2025-10-15,Elamkulam,19,217,0,0,1
2025-10-15,Elamkulam,20,227,0,0,1
2025-10-15,Elamkulam,21,69,0,0,0
2025-10-15,Elamkulam,22,83,0,0,0
2025-10-15,Vyttila,6,75,0,0,0
2025-10-15,Vyttila,7,62,0,0,0
2025-10-15,Vyttila,8,212,0,1,0
2025-10-15,Vyttila,9,234,0,1,0
2025-10-15,Vyttila,10,214,0,1,0
2025-10-15,Vyttila,11,69,0,0,0
2025-10-15,Vyttila,12,86,0,0,0
2025-10-15,Vyttila,13,73,0,0,0
2025-10-15,Vyttila,14,85,0,0,0
2025-10-15,Vyttila,15,75,0,0,0
2025-10-15,Vyttila,16,75,0,0,0
2025-10-15,Vyttila,17,202,0,0,1
2025-10-15,Vyttila,18,204,0,0,1
2025-10-15,Vyttila,19,214,0,0,1
2025-10-15,Vyttila,20,191,0,0,1
2025-10-15,Vyttila,21,77,0,0,0
2025-10-15,Vyttila,22,84,0,0,0
2025-10-15,Thaikoodam,6,88,0,0,0
2025-10-15,Thaikoodam,7,79,0,0,0
2025-10-15,Thaikoodam,8,178,0,1,0
2025-10-15,Thaikoodam,9,192,0,1,0
2025-10-15,Thaikoodam,10,201,0,1,0
2025-10-15,Thaikoodam,11,77,0,0,0
2025-10-15,Thaikoodam,12,66,0,0,0
2025-10-15,Thaikoodam,13,88,0,0,0
2025-10-15,Thaikoodam,14,79,0,0,0
2025-10-15,Thaikoodam,15,87,0,0,0
2025-10-15,Thaikoodam,16,70,0,0,0
2025-10-15,Thaikoodam,17,211,0,0,1
2025-10-15,Thaikoodam,18,198,0,0,1
2025-10-15,Thaikoodam,19,197,0,0,1
2025-10-15,Thaikoodam,20,196,0,0,1
2025-10-15,Thaikoodam,21,81,0,0,0
2025-10-15,Thaikoodam,22,76,0,0,0
2025-10-15,Petta,6,90,0,0,0
2025-10-15,Petta,7,91,0,0,0
2025-10-15,Petta,8,166,0,1,0
2025-10-15,Petta,9,201,0,1,0
2025-10-15,Petta,10,187,0,1,0
2025-10-15,Petta,11,92,0,0,0
2025-10-15,Petta,12,85,0,0,0
2025-10-15,Petta,13,81,0,0,0
2025-10-15,Petta,14,77,0,0,0
2025-10-15,Petta,15,87,0,0,0
2025-10-15,Petta,16,79,0,0,0
2025-10-15,Petta,17,207,0,0,1
2025-10-15,Petta,18,220,0,0,1
2025-10-15,Petta,19,173,0,0,1
2025-10-15,Petta,20,196,0,0,1
2025-10-15,Petta,21,91,0,0,0
2025-10-15,Petta,22,92,0,0,0
2025-10-15,Vadakkekotta,6,71,0,0,0
2025-10-15,Vadakkekotta,7,82,0,0,0
2025-10-15,Vadakkekotta,8,190,0,1,0
2025-10-15,Vadakkekotta,9,204,0,1,0
2025-10-15,Vadakkekotta,10,235,0,1,0
2025-10-15,Vadakkekotta,11,76,0,0,0
2025-10-15,Vadakkekotta,12,83,0,0,0
2025-10-15,Vadakkekotta,13,74,0,0,0
2025-10-15,Vadakkekotta,14,79,0,0,0
2025-10-15,Vadakkekotta,15,71,0,0,0
2025-10-15,Vadakkekotta,16,77,0,0,0
2025-10-15,Vadakkekotta,17,205,0,0,1
2025-10-15,Vadakkekotta,18,189,0,0,1
2025-10-15,Vadakkekotta,19,193,0,0,1
2025-10-15,Vadakkekotta,20,208,0,0,1
2025-10-15,Vadakkekotta,21,96,0,0,0
2025-10-15,Vadakkekotta,22,89,0,0,0
2025-10-15,SN Junction,6,65,0,0,0
2025-10-15,SN Junction,7,81,0,0,0
2025-10-15,SN Junction,8,196,0,1,0
2025-10-15,SN Junction,9,207,0,1,0
2025-10-15,SN Junction,10,184,0,1,0
2025-10-15,SN Junction,11,97,0,0,0
2025-10-15,SN Junction,12,81,0,0,0
2025-10-15,SN Junction,13,63,0,0,0
2025-10-15,SN Junction,14,71,0,0,0
2025-10-15,SN Junction,15,79,0,0,0
2025-10-15,SN Junction,16,87,0,0,0
2025-10-15,SN Junction,17,216,0,0,1
2025-10-15,SN Junction,18,225,0,0,1
2025-10-15,SN Junction,19,205,0,0,1
2025-10-15,SN Junction,20,192,0,0,1
2025-10-15,SN Junction,21,87,0,0,0
2025-10-15,SN Junction,22,90,0,0,0
2025-10-15,Tripunithura Terminal,6,83,0,0,0
2025-10-15,Tripunithura Terminal,7,72,0,0,0
2025-10-15,Tripunithura Terminal,8,208,0,1,0
2025-10-15,Tripunithura Terminal,9,199,0,1,0
2025-10-15,Tripunithura Terminal,10,193,0,1,0
2025-10-15,Tripunithura Terminal,11,98,0,0,0
2025-10-15,Tripunithura Terminal,12,81,0,0,0
2025-10-15,Tripunithura Terminal,13,79,0,0,0
2025-10-15,Tripunithura Terminal,14,88,0,0,0
2025-10-15,Tripunithura Terminal,15,77,0,0,0
2025-10-15,Tripunithura Terminal,16,79,0,0,0
2025-10-15,Tripunithura Terminal,17,173,0,0,1
2025-10-15,Tripunithura Terminal,18,202,0,0,1
2025-10-15,Tripunithura Terminal,19,192,0,0,1
2025-10-15,Tripunithura Terminal,20,207,0,0,1
2025-10-15,Tripunithura Terminal,21,57,0,0,0
2025-10-15,Tripunithura Terminal,22,72,0,0,0
2025-10-22,Aluva,6,222,0,0,0
2025-10-22,Aluva,7,220,0,0,0
2025-10-22,Aluva,8,489,0,1,0
2025-10-22,Aluva,9,465,0,1,0
2025-10-22,Aluva,10,505,0,1,0
2025-10-22,Aluva,11,222,0,0,0
2025-10-22,Aluva,12,202,0,0,0
2025-10-22,Aluva,13,198,0,0,0
2025-10-22,Aluva,14,201,0,0,0
2025-10-22,Aluva,15,208,0,0,0
2025-10-22,Aluva,16,191,0,0,0
2025-10-22,Aluva,17,505,0,0,1
2025-10-22,Aluva,18,487,0,0,1
2025-10-22,Aluva,19,511,0,0,1
2025-10-22,Aluva,20,559,0,0,1
2025-10-22,Aluva,21,210,0,0,0
2025-10-22,Aluva,22,182,0,0,0
2025-10-22,Pulinchodu,6,83,0,0,0
2025-10-22,Pulinchodu,7,79,0,0,0
2025-10-22,Pulinchodu,8,220,0,1,0
2025-10-22,Pulinchodu,9,198,0,1,0
2025-10-22,Pulinchodu,10,166,0,1,0
2025-10-22,Pulinchodu,11,81,0,0,0
2025-10-22,Pulinchodu,12,81,0,0,0
2025-10-22,Pulinchodu,13,81,0,0,0
2025-10-22,Pulinchodu,14,84,0,0,0
2025-10-22,Pulinchodu,15,70,0,0,0
2025-10-22,Pulinchodu,16,69,0,0,0
2025-10-22,Pulinchodu,17,203,0,0,1
2025-10-22,Pulinchodu,18,198,0,0,1
2025-10-22,Pulinchodu,19,197,0,0,1
2025-10-22,Pulinchodu,20,203,0,0,1
2025-10-22,Pulinchodu,21,89,0,0,0
2025-10-22,Pulinchodu,22,76,0,0,0
2025-10-22,Companypady,6,76,0,0,0
2025-10-22,Companypady,7,83,0,0,0
2025-10-22,Companypady,8,196,0,1,0
2025-10-22,Companypady,9,175,0,1,0
2025-10-22,Companypady,10,200,0,1,0
2025-10-22,Companypady,11,111,0,0,0
2025-10-22,Companypady,12,91,0,0,0
2025-10-22,Companypady,13,77,0,0,0
2025-10-22,Companypady,14,58,0,0,0
2025-10-22,Companypady,15,79,0,0,0
2025-10-22,Companypady,16,89,0,0,0
2025-10-22,Companypady,17,190,0,0,1
2025-10-22,Companypady,18,219,0,0,1
2025-10-22,Companypady,19,215,0,0,1
2025-10-22,Companypady,20,229,0,0,1
2025-10-22,Companypady,21,87,0,0,0
2025-10-22,Companypady,22,79,0,0,0
2025-10-22,Ambattukavu,6,89,0,0,0
2025-10-22,Ambattukavu,7,89,0,0,0
2025-10-22,Ambattukavu,8,195,0,1,0
2025-10-22,Ambattukavu,9,200,0,1,0
2025-10-22,Ambattukavu,10,210,0,1,0
2025-10-22,Ambattukavu,11,59,0,0,0
2025-10-22,Ambattukavu,12,88,0,0,0
2025-10-22,Ambattukavu,13,68,0,0,0
2025-10-22,Ambattukavu,14,80,0,0,0
2025-10-22,Ambattukavu,15,72,0,0,0
2025-10-22,Ambattukavu,16,91,0,0,0
2025-10-22,Ambattukavu,17,201,0,0,1
2025-10-22,Ambattukavu,18,183,0,0,1
2025-10-22,Ambattukavu,19,193,0,0,1
2025-10-22,Ambattukavu,20,203,0,0,1
2025-10-22,Ambattukavu,21,66,0,0,0
2025-10-22,Ambattukavu,22,77,0,0,0
2025-10-22,Muttom,6,78,0,0,0
2025-10-22,Muttom,7,78,0,0,0
2025-10-22,Muttom,8,202,0,1,0
2025-10-22,Muttom,9,184,0,1,0
2025-10-22,Muttom,10,209,0,1,0
2025-10-22,Muttom,11,77,0,0,0
2025-10-22,Muttom,12,92,0,0,0
2025-10-22,Muttom,13,91,0,0,0
2025-10-22,Muttom,14,78,0,0,0
2025-10-22,Muttom,15,74,0,0,0
2025-10-22,Muttom,16,92,0,0,0
2025-10-22,Muttom,17,220,0,0,1
2025-10-22,Muttom,18,220,0,0,1
2025-10-22,Muttom,19,204,0,0,1
2025-10-22,Muttom,20,194,0,0,1
2025-10-22,Muttom,21,95,0,0,0
2025-10-22,Muttom,22,69,0,0,0
2025-10-22,Kalamassery,6,215,0,0,0
2025-10-22,Kalamassery,7,194,0,0,0
2025-10-22,Kalamassery,8,504,0,1,0
2025-10-22,Kalamassery,9,504,0,1,0
2025-10-22,Kalamassery,10,481,0,1,0
2025-10-22,Kalamassery,11,200,0,0,0
2025-10-22,Kalamassery,12,190,0,0,0
2025-10-22,Kalamassery,13,194,0,0,0
2025-10-22,Kalamassery,14,202,0,0,0
2025-10-22,Kalamassery,15,187,0,0,0
2025-10-22,Kalamassery,16,185,0,0,0
2025-10-22,Kalamassery,17,514,0,0,1
2025-10-22,Kalamassery,18,507,0,0,1
2025-10-22,Kalamassery,19,465,0,0,1
2025-10-22,Kalamassery,20,521,0,0,1
2025-10-22,Kalamassery,21,208,0,0,0
2025-10-22,Kalamassery,22,215,0,0,0
2025-10-22,CUSAT,6,78,0,0,0
2025-10-22,CUSAT,7,86,0,0,0
2025-10-22,CUSAT,8,205,0,1,0
2025-10-22,CUSAT,9,226,0,1,0
2025-10-22,CUSAT,10,210,0,1,0
2025-10-22,CUSAT,11,89,0,0,0
2025-10-22,CUSAT,12,74,0,0,0
2025-10-22,CUSAT,13,61,0,0,0
2025-10-22,CUSAT,14,80,0,0,0
2025-10-22,CUSAT,15,85,0,0,0
2025-10-22,CUSAT,16,74,0,0,0
2025-10-22,CUSAT,17,204,0,0,1
2025-10-22,CUSAT,18,219,0,0,1
2025-10-22,CUSAT,19,200,0,0,1
2025-10-22,CUSAT,20,189,0,0,1
2025-10-22,CUSAT,21,89,0,0,0
2025-10-22,CUSAT,22,77,0,0,0
2025-10-22,Pathadipalam,6,81,0,0,0
2025-10-22,Pathadipalam,7,83,0,0,0
2025-10-22,Pathadipalam,8,192,0,1,0
2025-10-22,Pathadipalam,9,245,0,1,0
2025-10-22,Pathadipalam,10,215,0,1,0
2025-10-22,Pathadipalam,11,101,0,0,0
2025-10-22,Pathadipalam,12,76,0,0,0
2025-10-22,Pathadipalam,13,76,0,0,0
2025-10-22,Pathadipalam,14,89,0,0,0
2025-10-22,Pathadipalam,15,93,0,0,0
2025-10-22,Pathadipalam,16,71,0,0,0
2025-10-22,Pathadipalam,17,208,0,0,1
2025-10-22,Pathadipalam,18,207,0,0,1
2025-10-22,Pathadipalam,19,175,0,0,1
2025-10-22,Pathadipalam,20,204,0,0,1
2025-10-22,Pathadipalam,21,78,0,0,0
2025-10-22,Pathadipalam,22,66,0,0,0
2025-10-22,Edappally,6,191,0,0,0
2025-10-22,Edappally,7,189,0,0,0
2025-10-22,Edappally,8,505,0,1,0
2025-10-22,Edappally,9,470,0,1,0
2025-10-22,Edappally,10,496,0,1,0
2025-10-22,Edappally,11,198,0,0,0
2025-10-22,Edappally,12,170,0,0,0
2025-10-22,Edappally,13,190,0,0,0
2025-10-22,Edappally,14,197,0,0,0
2025-10-22,Edappally,15,212,0,0,0
2025-10-22,Edappally,16,189,0,0,0
2025-10-22,Edappally,17,489,0,0,1
2025-10-22,Edappally,18,521,0,0,1
2025-10-22,Edappally,19,502,0,0,1
2025-10-22,Edappally,20,516,0,0,1
2025-10-22,Edappally,21,212,0,0,0
2025-10-22,Edappally,22,205,0,0,0
2025-10-22,Changampuzha Park,6,81,0,0,0
2025-10-22,Changampuzha Park,7,93,0,0,0
2025-10-22,Changampuzha Park,8,205,0,1,0
2025-10-22,Changampuzha Park,9,202,0,1,0
2025-10-22,Changampuzha Park,10,193,0,1,0
2025-10-22,Changampuzha Park,11,85,0,0,0
2025-10-22,Changampuzha Park,12,90,0,0,0
2025-10-22,Changampuzha Park,13,69,0,0,0
2025-10-22,Changampuzha Park,14,76,0,0,0
2025-10-22,Changampuzha Park,15,84,0,0,0
2025-10-22,Changampuzha Park,16,75,0,0,0
2025-10-22,Changampuzha Park,17,201,0,0,1
2025-10-22,Changampuzha Park,18,183,0,0,1
2025-10-22,Changampuzha Park,19,185,0,0,1
2025-10-22,Changampuzha Park,20,195,0,0,1
2025-10-22,Changampuzha Park,21,88,0,0,0
2025-10-22,Changampuzha Park,22,90,0,0,0
2025-10-22,Palarivattom,6,82,0,0,0
2025-10-22,Palarivattom,7,95,0,0,0
2025-10-22,Palarivattom,8,224,0,1,0
2025-10-22,Palarivattom,9,196,0,1,0
2025-10-22,Palarivattom,10,220,0,1,0
2025-10-22,Palarivattom,11,83,0,0,0
2025-10-22,Palarivattom,12,92,0,0,0
2025-10-22,Palarivattom,13,78,0,0,0
2025-10-22,Palarivattom,14,73,0,0,0
2025-10-22,Palarivattom,15,73,0,0,0
2025-10-22,Palarivattom,16,89,0,0,0
2025-10-22,Palarivattom,17,214,0,0,1
2025-10-22,Palarivattom,18,173,0,0,1
2025-10-22,Palarivattom,19,183,0,0,1
2025-10-22,Palarivattom,20,207,0,0,1
2025-10-22,Palarivattom,21,82,0,0,0
2025-10-22,Palarivattom,22,78,0,0,0
2025-10-22,JLN Stadium,6,80,0,0,0
2025-10-22,JLN Stadium,7,74,0,0,0
2025-10-22,JLN Stadium,8,205,0,1,0
2025-10-22,JLN Stadium,9,217,0,1,0
2025-10-22,JLN Stadium,10,227,0,1,0
2025-10-22,JLN Stadium,11,73,0,0,0
2025-10-22,JLN Stadium,12,87,0,0,0
2025-10-22,JLN Stadium,13,65,0,0,0
2025-10-22,JLN Stadium,14,72,0,0,0
2025-10-22,JLN Stadium,15,63,0,0,0
2025-10-22,JLN Stadium,16,68,0,0,0
2025-10-22,JLN Stadium,17,201,0,0,1
2025-10-22,JLN Stadium,18,195,0,0,1
2025-10-22,JLN Stadium,19,192,0,0,1
2025-10-22,JLN Stadium,20,198,0,0,1
2025-10-22,JLN Stadium,21,79,0,0,0
2025-10-22,JLN Stadium,22,82,0,0,0
2025-10-22,Kaloor Town Hall,6,77,0,0,0
2025-10-22,Kaloor Town Hall,7,85,0,0,0
2025-10-22,Kaloor Town Hall,8,211,0,1,0
2025-10-22,Kaloor Town Hall,9,189,0,1,0
2025-10-22,Kaloor Town Hall,10,205,0,1,0
2025-10-22,Kaloor Town Hall,11,78,0,0,0
2025-10-22,Kaloor Town Hall,12,92,0,0,0
2025-10-22,Kaloor Town Hall,13,81,0,0,0
2025-10-22,Kaloor Town Hall,14,80,0,0,0
2025-10-22,Kaloor Town Hall,15,90,0,0,0
2025-10-22,Kaloor Town Hall,16,83,0,0,0
2025-10-22,Kaloor Town Hall,17,196,0,0,1
2025-10-22,Kaloor Town Hall,18,206,0,0,1
2025-10-22,Kaloor Town Hall,19,198,0,0,1
2025-10-22,Kaloor Town Hall,20,223,0,0,1
2025-10-22,Kaloor Town Hall,21,87,0,0,0
2025-10-22,Kaloor Town Hall,22,97,0,0,0
2025-10-22,MG Road,6,187,0,0,0
2025-10-22,MG Road,7,203,0,0,0
2025-10-22,MG Road,8,527,0,1,0
2025-10-22,MG Road,9,486,0,1,0
2025-10-22,MG Road,10,502,0,1,0
2025-10-22,MG Road,11,198,0,0,0
2025-10-22,MG Road,12,186,0,0,0
2025-10-22,MG Road,13,184,0,0,0
2025-10-22,MG Road,14,202,0,0,0
2025-10-22,MG Road,15,227,0,0,0
2025-10-22,MG Road,16,215,0,0,0
2025-10-22,MG Road,17,517,0,0,1
2025-10-22,MG Road,18,501,0,0,1
2025-10-22,MG Road,19,477,0,0,1
2025-10-22,MG Road,20,478,0,0,1
2025-10-22,MG Road,21,217,0,0,0
2025-10-22,MG Road,22,217,0,0,0
2025-10-22,Maharaja's College,6,89,0,0,0
2025-10-22,Maharaja's College,7,79,0,0,0
2025-10-22,Maharaja's College,8,189,0,1,0
2025-10-22,Maharaja's College,9,180,0,1,0
2025-10-22,Maharaja's College,10,216,0,1,0
2025-10-22,Maharaja's College,11,81,0,0,0
2025-10-22,Maharaja's College,12,62,0,0,0
2025-10-22,Maharaja's College,13,69,0,0,0
2025-10-22,Maharaja's College,14,67,0,0,0
2025-10-22,Maharaja's College,15,77,0,0,0
2025-10-22,Maharaja's College,16,71,0,0,0
2025-10-22,Maharaja's College,17,191,0,0,1
2025-10-22,Maharaja's College,18,186,0,0,1
2025-10-22,Maharaja's College,19,180,0,0,1
2025-10-22,Maharaja's College,20,198,0,0,1
2025-10-22,Maharaja's College,21,87,0,0,0
2025-10-22,Maharaja's College,22,80,0,0,0
2025-10-22,Ernakulam South,6,178,0,0,0
2025-10-22,Ernakulam South,7,198,0,0,0
2025-10-22,Ernakulam South,8,502,0,1,0
2025-10-22,Ernakulam South,9,490,0,1,0
2025-10-22,Ernakulam South,10,492,0,1,0
2025-10-22,Ernakulam South,11,172,0,0,0
2025-10-22,Ernakulam South,12,203,0,0,0
2025-10-22,Ernakulam South,13,199,0,0,0
2025-10-22,Ernakulam South,14,201,0,0,0
2025-10-22,Ernakulam South,15,215,0,0,0
2025-10-22,Ernakulam South,16,189,0,0,0
2025-10-22,Ernakulam South,17,549,0,0,1
2025-10-22,Ernakulam South,18,511,0,0,1
2025-10-22,Ernakulam South,19,497,0,0,1
2025-10-22,Ernakulam South,20,502,0,0,1
2025-10-22,Ernakulam South,21,199,0,0,0
2025-10-22,Ernakulam South,22,186,0,0,0
2025-10-22,Kadavanthra,6,76,0,0,0
2025-10-22,Kadavanthra,7,66,0,0,0
2025-10-22,Kadavanthra,8,174,0,1,0
2025-10-22,Kadavanthra,9,196,0,1,0
2025-10-22,Kadavanthra,10,208,0,1,0
2025-10-22,Kadavanthra,11,76,0,0,0
2025-10-22,Kadavanthra,12,72,0,0,0
2025-10-22,Kadavanthra,13,83,0,0,0
2025-10-22,Kadavanthra,14,65,0,0,0
2025-10-22,Kadavanthra,15,74,0,0,0
2025-10-22,Kadavanthra,16,89,0,0,0
2025-10-22,Kadavanthra,17,189,0,0,1
2025-10-22,Kadavanthra,18,224,0,0,1
2025-10-22,Kadavanthra,19,195,0,0,1
2025-10-22,Kadavanthra,20,205,0,0,1
2025-10-22,Kadavanthra,21,83,0,0,0
2025-10-22,Kadavanthra,22,87,0,0,0
2025-10-22,Elamkulam,6,85,0,0,0
2025-10-22,Elamkulam,7,80,0,0,0
2025-10-22,Elamkulam,8,197,0,1,0
2025-10-22,Elamkulam,9,204,0,1,0
2025-10-22,Elamkulam,10,196,0,1,0
2025-10-22,Elamkulam,11,89,0,0,0
2025-10-22,Elamkulam,12,89,0,0,0
2025-10-22,Elamkulam,13,73,0,0,0
2025-10-22,Elamkulam,14,91,0,0,0
2025-10-22,Elamkulam,15,74,0,0,0
2025-10-22,Elamkulam,16,63,0,0,0
2025-10-22,Elamkulam,17,209,0,0,1
2025-10-22,Elamkulam,18,200,0,0,1
2025-10-22,Elamkulam,19,209,0,0,1
2025-10-22,Elamkulam,20,224,0,0,1
2025-10-22,Elamkulam,21,83,0,0,0
2025-10-22,Elamkulam,22,93,0,0,0
2025-10-22,Vyttila,6,99,0,0,0
2025-10-22,Vyttila,7,92,0,0,0
2025-10-22,Vyttila,8,227,0,1,0
2025-10-22,Vyttila,9,211,0,1,0
2025-10-22,Vyttila,10,174,0,1,0
2025-10-22,Vyttila,11,102,0,0,0
2025-10-22,Vyttila,12,76,0,0,0
2025-10-22,Vyttila,13,80,0,0,0
2025-10-22,Vyttila,14,84,0,0,0
2025-10-22,Vyttila,15,76,0,0,0
2025-10-22,Vyttila,16,84,0,0,0
2025-10-22,Vyttila,17,199,0,0,1
2025-10-22,Vyttila,18,191,0,0,1
2025-10-22,Vyttila,19,184,0,0,1
2025-10-22,Vyttila,20,216,0,0,1
2025-10-22,Vyttila,21,77,0,0,0
2025-10-22,Vyttila,22,84,0,0,0
2025-10-22,Thaikoodam,6,84,0,0,0
2025-10-22,Thaikoodam,7,67,0,0,0
2025-10-22,Thaikoodam,8,204,0,1,0
2025-10-22,Thaikoodam,9,182,0,1,0
2025-10-22,Thaikoodam,10,189,0,1,0
2025-10-22,Thaikoodam,11,80,0,0,0
2025-10-22,Thaikoodam,12,84,0,0,0
2025-10-22,Thaikoodam,13,96,0,0,0
2025-10-22,Thaikoodam,14,75,0,0,0
2025-10-22,Thaikoodam,15,84,0,0,0
2025-10-22,Thaikoodam,16,82,0,0,0
2025-10-22,Thaikoodam,17,225,0,0,1
2025-10-22,Thaikoodam,18,196,0,0,1
2025-10-22,Thaikoodam,19,189,0,0,1
2025-10-22,Thaikoodam,20,192,0,0,1
2025-10-22,Thaikoodam,21,96,0,0,0
2025-10-22,Thaikoodam,22,76,0,0,0
2025-10-22,Petta,6,98,0,0,0
2025-10-22,Petta,7,91,0,0,0
2025-10-22,Petta,8,194,0,1,0
2025-10-22,Petta,9,210,0,1,0
2025-10-22,Petta,10,203,0,1,0
2025-10-22,Petta,11,82,0,0,0
2025-10-22,Petta,12,63,0,0,0
2025-10-22,Petta,13,74,0,0,0
2025-10-22,Petta,14,71,0,0,0
2025-10-22,Petta,15,79,0,0,0
2025-10-22,Petta,16,78,0,0,0
2025-10-22,Petta,17,176,0,0,1
2025-10-22,Petta,18,235,0,0,1
2025-10-22,Petta,19,190,0,0,1
2025-10-22,Petta,20,209,0,0,1
2025-10-22,Petta,21,68,0,0,0
2025-10-22,Petta,22,95,0,0,0
2025-10-22,Vadakkekotta,6,70,0,0,0
2025-10-22,Vadakkekotta,7,84,0,0,0
2025-10-22,Vadakkekotta,8,209,0,1,0
2025-10-22,Vadakkekotta,9,212,0,1,0
2025-10-22,Vadakkekotta,10,195,0,1,0
2025-10-22,Vadakkekotta,11,72,0,0,0
2025-10-22,Vadakkekotta,12,80,0,0,0
2025-10-22,Vadakkekotta,13,79,0,0,0
2025-10-22,Vadakkekotta,14,76,0,0,0
2025-10-22,Vadakkekotta,15,88,0,0,0
2025-10-22,Vadakkekotta,16,83,0,0,0
2025-10-22,Vadakkekotta,17,219,0,0,1
2025-10-22,Vadakkekotta,18,202,0,0,1
2025-10-22,Vadakkekotta,19,196,0,0,1
2025-10-22,Vadakkekotta,20,194,0,0,1
2025-10-22,Vadakkekotta,21,77,0,0,0
2025-10-22,Vadakkekotta,22,76,0,0,0
2025-10-22,SN Junction,6,82,0,0,0
2025-10-22,SN Junction,7,81,0,0,0
2025-10-22,SN Junction,8,201,0,1,0
2025-10-22,SN Junction,9,215,0,1,0
2025-10-22,SN Junction,10,173,0,1,0
2025-10-22,SN Junction,11,88,0,0,0
2025-10-22,SN Junction,12,72,0,0,0
2025-10-22,SN Junction,13,95,0,0,0
2025-10-22,SN Junction,14,83,0,0,0
2025-10-22,SN Junction,15,86,0,0,0
2025-10-22,SN Junction,16,71,0,0,0
2025-10-22,SN Junction,17,226,0,0,1
2025-10-22,SN Junction,18,229,0,0,1
2025-10-22,SN Junction,19,205,0,0,1
2025-10-22,SN Junction,20,187,0,0,1
2025-10-22,SN Junction,21,81,0,0,0
2025-10-22,SN Junction,22,75,0,0,0
2025-10-22,Tripunithura Terminal,6,80,0,0,0
2025-10-22,Tripunithura Terminal,7,91,0,0,0
2025-10-22,Tripunithura Terminal,8,202,0,1,0
2025-10-22,Tripunithura Terminal,9,193,0,1,0
2025-10-22,Tripunithura Terminal,10,208,0,1,0
2025-10-22,Tripunithura Terminal,11,86,0,0,0
2025-10-22,Tripunithura Terminal,12,90,0,0,0
2025-10-22,Tripunithura Terminal,13,86,0,0,0
2025-10-22,Tripunithura Terminal,14,80,0,0,0
2025-10-22,Tripunithura Terminal,15,81,0,0,0
2025-10-22,Tripunithura Terminal,16,88,0,0,0
2025-10-22,Tripunithura Terminal,17,215,0,0,1
2025-10-22,Tripunithura Terminal,18,202,0,0,1
2025-10-22,Tripunithura Terminal,19,225,0,0,1
2025-10-22,Tripunithura Terminal,20,198,0,0,1
2025-10-22,Tripunithura Terminal,21,68,0,0,0
2025-10-22,Tripunithura Terminal,22,75,0,0,0
2025-10-29,Aluva,6,201,0,0,0
2025-10-29,Aluva,7,179,0,0,0
2025-10-29,Aluva,8,542,0,1,0
2025-10-29,Aluva,9,529,0,1,0
2025-10-29,Aluva,10,520,0,1,0
2025-10-29,Aluva,11,222,0,0,0
2025-10-29,Aluva,12,226,0,0,0
2025-10-29,Aluva,13,202,0,0,0
2025-10-29,Aluva,14,199,0,0,0
2025-10-29,Aluva,15,197,0,0,0
2025-10-29,Aluva,16,207,0,0,0
2025-10-29,Aluva,17,504,0,0,1
2025-10-29,Aluva,18,543,0,0,1
2025-10-29,Aluva,19,505,0,0,1
2025-10-29,Aluva,20,504,0,0,1
2025-10-29,Aluva,21,211,0,0,0
2025-10-29,Aluva,22,206,0,0,0
2025-10-29,Pulinchodu,6,91,0,0,0
2025-10-29,Pulinchodu,7,75,0,0,0
2025-10-29,Pulinchodu,8,200,0,1,0
2025-10-29,Pulinchodu,9,171,0,1,0
2025-10-29,Pulinchodu,10,183,0,1,0
2025-10-29,Pulinchodu,11,93,0,0,0
2025-10-29,Pulinchodu,12,62,0,0,0
2025-10-29,Pulinchodu,13,84,0,0,0
2025-10-29,Pulinchodu,14,90,0,0,0
2025-10-29,Pulinchodu,15,85,0,0,0
2025-10-29,Pulinchodu,16,82,0,0,0
2025-10-29,Pulinchodu,17,214,0,0,1
2025-10-29,Pulinchodu,18,178,0,0,1
2025-10-29,Pulinchodu,19,200,0,0,1
2025-10-29,Pulinchodu,20,200,0,0,1
2025-10-29,Pulinchodu,21,88,0,0,0
2025-10-29,Pulinchodu,22,71,0,0,0
2025-10-29,Companypady,6,88,0,0,0
2025-10-29,Companypady,7,67,0,0,0
2025-10-29,Companypady,8,196,0,1,0
2025-10-29,Companypady,9,206,0,1,0
2025-10-29,Companypady,10,195,0,1,0
2025-10-29,Companypady,11,76,0,0,0
2025-10-29,Companypady,12,72,0,0,0
2025-10-29,Companypady,13,87,0,0,0
2025-10-29,Companypady,14,77,0,0,0
2025-10-29,Companypady,15,77,0,0,0
2025-10-29,Companypady,16,81,0,0,0
2025-10-29,Companypady,17,202,0,0,1
2025-10-29,Companypady,18,169,0,0,1
2025-10-29,Companypady,19,191,0,0,1
2025-10-29,Companypady,20,207,0,0,1
2025-10-29,Companypady,21,99,0,0,0
2025-10-29,Companypady,22,83,0,0,0
2025-10-29,Ambattukavu,6,74,0,0,0
2025-10-29,Ambattukavu,7,87,0,0,0
2025-10-29,Ambattukavu,8,151,0,1,0
2025-10-29,Ambattukavu,9,214,0,1,0
2025-10-29,Ambattukavu,10,205,0,1,0
2025-10-29,Ambattukavu,11,71,0,0,0
2025-10-29,Ambattukavu,12,86,0,0,0
2025-10-29,Ambattukavu,13,89,0,0,0
2025-10-29,Ambattukavu,14,76,0,0,0
2025-10-29,Ambattukavu,15,75,0,0,0
2025-10-29,Ambattukavu,16,84,0,0,0
2025-10-29,Ambattukavu,17,208,0,0,1
2025-10-29,Ambattukavu,18,215,0,0,1
2025-10-29,Ambattukavu,19,203,0,0,1
2025-10-29,Ambattukavu,20,185,0,0,1
2025-10-29,Ambattukavu,21,86,0,0,0
2025-10-29,Ambattukavu,22,78,0,0,0
2025-10-29,Muttom,6,76,0,0,0
2025-10-29,Muttom,7,76,0,0,0
2025-10-29,Muttom,8,183,0,1,0
2025-10-29,Muttom,9,208,0,1,0
2025-10-29,Muttom,10,185,0,1,0
2025-10-29,Muttom,11,92,0,0,0
2025-10-29,Muttom,12,75,0,0,0
2025-10-29,Muttom,13,80,0,0,0
2025-10-29,Muttom,14,81,0,0,0
2025-10-29,Muttom,15,66,0,0,0
2025-10-29,Muttom,16,76,0,0,0
2025-10-29,Muttom,17,197,0,0,1
2025-10-29,Muttom,18,194,0,0,1
2025-10-29,Muttom,19,194,0,0,1
2025-10-29,Muttom,20,211,0,0,1
2025-10-29,Muttom,21,80,0,0,0
2025-10-29,Muttom,22,74,0,0,0
2025-10-29,Kalamassery,6,207,0,0,0
2025-10-29,Kalamassery,7,198,0,0,0
2025-10-29,Kalamassery,8,526,0,1,0
2025-10-29,Kalamassery,9,473,0,1,0
2025-10-29,Kalamassery,10,514,0,1,0
2025-10-29,Kalamassery,11,210,0,0,0
2025-10-29,Kalamassery,12,216,0,0,0
2025-10-29,Kalamassery,13,166,0,0,0
2025-10-29,Kalamassery,14,157,0,0,0
2025-10-29,Kalamassery,15,184,0,0,0
2025-10-29,Kalamassery,16,192,0,0,0
2025-10-29,Kalamassery,17,531,0,0,1
2025-10-29,Kalamassery,18,479,0,0,1
2025-10-29,Kalamassery,19,465,0,0,1
2025-10-29,Kalamassery,20,476,0,0,1
2025-10-29,Kalamassery,21,206,0,0,0
2025-10-29,Kalamassery,22,198,0,0,0
2025-10-29,CUSAT,6,89,0,0,0
2025-10-29,CUSAT,7,83,0,0,0
2025-10-29,CUSAT,8,206,0,1,0
2025-10-29,CUSAT,9,203,0,1,0
2025-10-29,CUSAT,10,216,0,1,0
2025-10-29,CUSAT,11,70,0,0,0
2025-10-29,CUSAT,12,111,0,0,0
2025-10-29,CUSAT,13,72,0,0,0
2025-10-29,CUSAT,14,77,0,0,0
2025-10-29,CUSAT,15,68,0,0,0
2025-10-29,CUSAT,16,93,0,0,0
2025-10-29,CUSAT,17,211,0,0,1
2025-10-29,CUSAT,18,205,0,0,1
2025-10-29,CUSAT,19,188,0,0,1
2025-10-29,CUSAT,20,199,0,0,1
2025-10-29,CUSAT,21,91,0,0,0
2025-10-29,CUSAT,22,76,0,0,0
2025-10-29,Pathadipalam,6,87,0,0,0
2025-10-29,Pathadipalam,7,78,0,0,0
2025-10-29,Pathadipalam,8,210,0,1,0
2025-10-29,Pathadipalam,9,204,0,1,0
2025-10-29,Pathadipalam,10,178,0,1,0
2025-10-29,Pathadipalam,11,68,0,0,0
2025-10-29,Pathadipalam,12,74,0,0,0
2025-10-29,Pathadipalam,13,71,0,0,0
2025-10-29,Pathadipalam,14,72,0,0,0
2025-10-29,Pathadipalam,15,73,0,0,0
2025-10-29,Pathadipalam,16,87,0,0,0
2025-10-29,Pathadipalam,17,198,0,0,1
2025-10-29,Pathadipalam,18,183,0,0,1
2025-10-29,Pathadipalam,19,194,0,0,1
2025-10-29,Pathadipalam,20,172,0,0,1
2025-10-29,Pathadipalam,21,79,0,0,0
2025-10-29,Pathadipalam,22,84,0,0,0
2025-10-29,Edappally,6,215,0,0,0
2025-10-29,Edappally,7,193,0,0,0
2025-10-29,Edappally,8,480,0,1,0
2025-10-29,Edappally,9,517,0,1,0
2025-10-29,Edappally,10,489,0,1,0
2025-10-29,Edappally,11,203,0,0,0
2025-10-29,Edappally,12,187,0,0,0
2025-10-29,Edappally,13,178,0,0,0
2025-10-29,Edappally,14,177,0,0,0
2025-10-29,Edappally,15,198,0,0,0
2025-10-29,Edappally,16,205,0,0,0
2025-10-29,Edappally,17,490,0,0,1
2025-10-29,Edappally,18,506,0,0,1
2025-10-29,Edappally,19,477,0,0,1
2025-10-29,Edappally,20,507,0,0,1
2025-10-29,Edappally,21,207,0,0,0
2025-10-29,Edappally,22,187,0,0,0
2025-10-29,Changampuzha Park,6,66,0,0,0
2025-10-29,Changampuzha Park,7,102,0,0,0
2025-10-29,Changampuzha Park,8,184,0,1,0
2025-10-29,Changampuzha Park,9,210,0,1,0
2025-10-29,Changampuzha Park,10,216,0,1,0
2025-10-29,Changampuzha Park,11,92,0,0,0
2025-10-29,Changampuzha Park,12,78,0,0,0
2025-10-29,Changampuzha Park,13,82,0,0,0
2025-10-29,Changampuzha Park,14,92,0,0,0
2025-10-29,Changampuzha Park,15,81,0,0,0
2025-10-29,Changampuzha Park,16,76,0,0,0
2025-10-29,Changampuzha Park,17,187,0,0,1
2025-10-29,Changampuzha Park,18,176,0,0,1
2025-10-29,Changampuzha Park,19,176,0,0,1
2025-10-29,Changampuzha Park,20,192,0,0,1
2025-10-29,Changampuzha Park,21,75,0,0,0
2025-10-29,Changampuzha Park,22,69,0,0,0
2025-10-29,Palarivattom,6,77,0,0,0
2025-10-29,Palarivattom,7,72,0,0,0
2025-10-29,Palarivattom,8,195,0,1,0
2025-10-29,Palarivattom,9,205,0,1,0
2025-10-29,Palarivattom,10,198,0,1,0
2025-10-29,Palarivattom,11,76,0,0,0
2025-10-29,Palarivattom,12,76,0,0,0
2025-10-29,Palarivattom,13,80,0,0,0
2025-10-29,Palarivattom,14,81,0,0,0
2025-10-29,Palarivattom,15,83,0,0,0
2025-10-29,Palarivattom,16,74,0,0,0
2025-10-29,Palarivattom,17,199,0,0,1
2025-10-29,Palarivattom,18,186,0,0,1
2025-10-29,Palarivattom,19,207,0,0,1
2025-10-29,Palarivattom,20,201,0,0,1
2025-10-29,Palarivattom,21,82,0,0,0
2025-10-29,Palarivattom,22,90,0,0,0
2025-10-29,JLN Stadium,6,76,0,0,0
2025-10-29,JLN Stadium,7,84,0,0,0
2025-10-29,JLN Stadium,8,201,0,1,0
2025-10-29,JLN Stadium,9,205,0,1,0
2025-10-29,JLN Stadium,10,190,0,1,0
2025-10-29,JLN Stadium,11,90,0,0,0
2025-10-29,JLN Stadium,12,75,0,0,0
2025-10-29,JLN Stadium,13,68,0,0,0
2025-10-29,JLN Stadium,14,85,0,0,0
2025-10-29,JLN Stadium,15,75,0,0,0
2025-10-29,JLN Stadium,16,83,0,0,0
2025-10-29,JLN Stadium,17,225,0,0,1
2025-10-29,JLN Stadium,18,189,0,0,1
2025-10-29,JLN Stadium,19,207,0,0,1
2025-10-29,JLN Stadium,20,186,0,0,1
2025-10-29,JLN Stadium,21,90,0,0,0
2025-10-29,JLN Stadium,22,72,0,0,0
2025-10-29,Kaloor Town Hall,6,80,0,0,0
2025-10-29,Kaloor Town Hall,7,77,0,0,0
2025-10-29,Kaloor Town Hall,8,196,0,1,0
2025-10-29,Kaloor Town Hall,9,214,0,1,0
2025-10-29,Kaloor Town Hall,10,210,0,1,0
2025-10-29,Kaloor Town Hall,11,89,0,0,0
2025-10-29,Kaloor Town Hall,12,92,0,0,0
2025-10-29,Kaloor Town Hall,13,69,0,0,0
2025-10-29,Kaloor Town Hall,14,100,0,0,0
2025-10-29,Kaloor Town Hall,15,82,0,0,0
2025-10-29,Kaloor Town Hall,16,79,0,0,0
2025-10-29,Kaloor Town Hall,17,199,0,0,1
2025-10-29,Kaloor Town Hall,18,213,0,0,1
2025-10-29,Kaloor Town Hall,19,201,0,0,1
2025-10-29,Kaloor Town Hall,20,199,0,0,1
2025-10-29,Kaloor Town Hall,21,97,0,0,0
2025-10-29,Kaloor Town Hall,22,86,0,0,0
2025-10-29,MG Road,6,222,0,0,0
2025-10-29,MG Road,7,179,0,0,0
2025-10-29,MG Road,8,447,0,1,0
2025-10-29,MG Road,9,493,0,1,0
2025-10-29,MG Road,10,473,0,1,0
2025-10-29,MG Road,11,206,0,0,0
2025-10-29,MG Road,12,190,0,0,0
2025-10-29,MG Road,13,183,0,0,0
2025-10-29,MG Road,14,203,0,0,0
2025-10-29,MG Road,15,218,0,0,0
2025-10-29,MG Road,16,218,0,0,0
2025-10-29,MG Road,17,494,0,0,1
2025-10-29,MG Road,18,524,0,0,1
2025-10-29,MG Road,19,501,0,0,1
2025-10-29,MG Road,20,475,0,0,1
2025-10-29,MG Road,21,204,0,0,0
2025-10-29,MG Road,22,218,0,0,0
2025-10-29,Maharaja's College,6,78,0,0,0
2025-10-29,Maharaja's College,7,78,0,0,0
2025-10-29,Maharaja's College,8,219,0,1,0
2025-10-29,Maharaja's College,9,215,0,1,0
2025-10-29,Maharaja's College,10,173,0,1,0
2025-10-29,Maharaja's College,11,88,0,0,0
2025-10-29,Maharaja's College,12,92,0,0,0
2025-10-29,Maharaja's College,13,77,0,0,0
2025-10-29,Maharaja's College,14,77,0,0,0
2025-10-29,Maharaja's College,15,84,0,0,0
2025-10-29,Maharaja's College,16,59,0,0,0
2025-10-29,Maharaja's College,17,204,0,0,1
2025-10-29,Maharaja's College,18,203,0,0,1
2025-10-29,Maharaja's College,19,233,0,0,1
2025-10-29,Maharaja's College,20,175,0,0,1
2025-10-29,Maharaja's College,21,86,0,0,0
2025-10-29,Maharaja's College,22,84,0,0,0
2025-10-29,Ernakulam South,6,221,0,0,0
2025-10-29,Ernakulam South,7,210,0,0,0
2025-10-29,Ernakulam South,8,521,0,1,0
2025-10-29,Ernakulam South,9,507,0,1,0
2025-10-29,Ernakulam South,10,492,0,1,0
2025-10-29,Ernakulam South,11,207,0,0,0
2025-10-29,Ernakulam South,12,207,0,0,0
2025-10-29,Ernakulam South,13,176,0,0,0
2025-10-29,Ernakulam South,14,210,0,0,0
2025-10-29,Ernakulam South,15,203,0,0,0
2025-10-29,Ernakulam South,16,191,0,0,0
2025-10-29,Ernakulam South,17,529,0,0,1
2025-10-29,Ernakulam South,18,508,0,0,1
2025-10-29,Ernakulam South,19,523,0,0,1
2025-10-29,Ernakulam South,20,488,0,0,1
2025-10-29,Ernakulam South,21,186,0,0,0
2025-10-29,Ernakulam South,22,220,0,0,0
2025-10-29,Kadavanthra,6,105,0,0,0
2025-10-29,Kadavanthra,7,88,0,0,0
2025-10-29,Kadavanthra,8,197,0,1,0
2025-10-29,Kadavanthra,9,200,0,1,0
2025-10-29,Kadavanthra,10,188,0,1,0
2025-10-29,Kadavanthra,11,93,0,0,0
2025-10-29,Kadavanthra,12,74,0,0,0
2025-10-29,Kadavanthra,13,72,0,0,0
2025-10-29,Kadavanthra,14,74,0,0,0
2025-10-29,Kadavanthra,15,90,0,0,0
2025-10-29,Kadavanthra,16,94,0,0,0
2025-10-29,Kadavanthra,17,202,0,0,1
2025-10-29,Kadavanthra,18,182,0,0,1
2025-10-29,Kadavanthra,19,202,0,0,1
2025-10-29,Kadavanthra,20,191,0,0,1
2025-10-29,Kadavanthra,21,72,0,0,0
2025-10-29,Kadavanthra,22,79,0,0,0
2025-10-29,Elamkulam,6,86,0,0,0
2025-10-29,Elamkulam,7,91,0,0,0
2025-10-29,Elamkulam,8,199,0,1,0
2025-10-29,Elamkulam,9,225,0,1,0
2025-10-29,Elamkulam,10,188,0,1,0
2025-10-29,Elamkulam,11,79,0,0,0
2025-10-29,Elamkulam,12,97,0,0,0
2025-10-29,Elamkulam,13,90,0,0,0
2025-10-29,Elamkulam,14,89,0,0,0
2025-10-29,Elamkulam,15,83,0,0,0
2025-10-29,Elamkulam,16,74,0,0,0
2025-10-29,Elamkulam,17,174,0,0,1
2025-10-29,Elamkulam,18,210,0,0,1
2025-10-29,Elamkulam,19,201,0,0,1
2025-10-29,Elamkulam,20,191,0,0,1
2025-10-29,Elamkulam,21,79,0,0,0
2025-10-29,Elamkulam,22,74,0,0,0
2025-10-29,Vyttila,6,76,0,0,0
2025-10-29,Vyttila,7,82,0,0,0
2025-10-29,Vyttila,8,200,0,1,0
2025-10-29,Vyttila,9,207,0,1,0
2025-10-29,Vyttila,10,208,0,1,0
2025-10-29,Vyttila,11,60,0,0,0
2025-10-29,Vyttila,12,89,0,0,0
2025-10-29,Vyttila,13,85,0,0,0
2025-10-29,Vyttila,14,85,0,0,0
2025-10-29,Vyttila,15,91,0,0,0
2025-10-29,Vyttila,16,59,0,0,0
2025-10-29,Vyttila,17,223,0,0,1
2025-10-29,Vyttila,18,227,0,0,1
2025-10-29,Vyttila,19,239,0,0,1
2025-10-29,Vyttila,20,196,0,0,1
2025-10-29,Vyttila,21,68,0,0,0
2025-10-29,Vyttila,22,79,0,0,0
2025-10-29,Thaikoodam,6,75,0,0,0
2025-10-29,Thaikoodam,7,71,0,0,0
2025-10-29,Thaikoodam,8,179,0,1,0
2025-10-29,Thaikoodam,9,206,0,1,0
2025-10-29,Thaikoodam,10,208,0,1,0
2025-10-29,Thaikoodam,11,83,0,0,0
2025-10-29,Thaikoodam,12,73,0,0,0
2025-10-29,Thaikoodam,13,78,0,0,0
2025-10-29,Thaikoodam,14,82,0,0,0
2025-10-29,Thaikoodam,15,72,0,0,0
2025-10-29,Thaikoodam,16,81,0,0,0
2025-10-29,Thaikoodam,17,170,0,0,1
2025-10-29,Thaikoodam,18,217,0,0,1
2025-10-29,Thaikoodam,19,213,0,0,1
2025-10-29,Thaikoodam,20,213,0,0,1
2025-10-29,Thaikoodam,21,78,0,0,0
2025-10-29,Thaikoodam,22,86,0,0,0
2025-10-29,Petta,6,93,0,0,0
2025-10-29,Petta,7,69,0,0,0
2025-10-29,Petta,8,196,0,1,0
2025-10-29,Petta,9,220,0,1,0
2025-10-29,Petta,10,202,0,1,0
2025-10-29,Petta,11,74,0,0,0
2025-10-29,Petta,12,77,0,0,0
2025-10-29,Petta,13,70,0,0,0
2025-10-29,Petta,14,77,0,0,0
2025-10-29,Petta,15,104,0,0,0
2025-10-29,Petta,16,74,0,0,0
2025-10-29,Petta,17,233,0,0,1
2025-10-29,Petta,18,202,0,0,1
2025-10-29,Petta,19,207,0,0,1
2025-10-29,Petta,20,182,0,0,1
2025-10-29,Petta,21,85,0,0,0
2025-10-29,Petta,22,81,0,0,0
2025-10-29,Vadakkekotta,6,79,0,0,0
2025-10-29,Vadakkekotta,7,80,0,0,0
2025-10-29,Vadakkekotta,8,191,0,1,0
2025-10-29,Vadakkekotta,9,194,0,1,0
2025-10-29,Vadakkekotta,10,207,0,1,0
2025-10-29,Vadakkekotta,11,82,0,0,0
2025-10-29,Vadakkekotta,12,86,0,0,0
2025-10-29,Vadakkekotta,13,61,0,0,0
2025-10-29,Vadakkekotta,14,85,0,0,0
2025-10-29,Vadakkekotta,15,98,0,0,0
2025-10-29,Vadakkekotta,16,84,0,0,0
2025-10-29,Vadakkekotta,17,212,0,0,1
2025-10-29,Vadakkekotta,18,218,0,0,1
2025-10-29,Vadakkekotta,19,196,0,0,1
2025-10-29,Vadakkekotta,20,187,0,0,1
2025-10-29,Vadakkekotta,21,73,0,0,0
2025-10-29,Vadakkekotta,22,64,0,0,0
2025-10-29,SN Junction,6,69,0,0,0
2025-10-29,SN Junction,7,85,0,0,0
2025-10-29,SN Junction,8,200,0,1,0
2025-10-29,SN Junction,9,199,0,1,0
2025-10-29,SN Junction,10,208,0,1,0
2025-10-29,SN Junction,11,92,0,0,0
2025-10-29,SN Junction,12,71,0,0,0
2025-10-29,SN Junction,13,80,0,0,0
2025-10-29,SN Junction,14,90,0,0,0
2025-10-29,SN Junction,15,86,0,0,0
2025-10-29,SN Junction,16,79,0,0,0
2025-10-29,SN Junction,17,202,0,0,1
2025-10-29,SN Junction,18,212,0,0,1
2025-10-29,SN Junction,19,206,0,0,1
2025-10-29,SN Junction,20,196,0,0,1
2025-10-29,SN Junction,21,76,0,0,0
2025-10-29,SN Junction,22,69,0,0,0
2025-10-29,Tripunithura Terminal,6,72,0,0,0
2025-10-29,Tripunithura Terminal,7,65,0,0,0
2025-10-29,Tripunithura Terminal,8,200,0,1,0
2025-10-29,Tripunithura Terminal,9,212,0,1,0
2025-10-29,Tripunithura Terminal,10,182,0,1,0
2025-10-29,Tripunithura Terminal,11,72,0,0,0
2025-10-29,Tripunithura Terminal,12,70,0,0,0
2025-10-29,Tripunithura Terminal,13,70,0,0,0
2025-10-29,Tripunithura Terminal,14,67,0,0,0
2025-10-29,Tripunithura Terminal,15,75,0,0,0
2025-10-29,Tripunithura Terminal,16,61,0,0,0
2025-10-29,Tripunithura Terminal,17,210,0,0,1
2025-10-29,Tripunithura Terminal,18,218,0,0,1
2025-10-29,Tripunithura Terminal,19,210,0,0,1
2025-10-29,Tripunithura Terminal,20,199,0,0,1
2025-10-29,Tripunithura Terminal,21,86,0,0,0
2025-10-29,Tripunithura Terminal,22,65,0,0,0
2025-11-05,Aluva,6,215,0,0,0
2025-11-05,Aluva,7,209,0,0,0
2025-11-05,Aluva,8,488,0,1,0
2025-11-05,Aluva,9,511,0,1,0
2025-11-05,Aluva,10,502,0,1,0
2025-11-05,Aluva,11,190,0,0,0
2025-11-05,Aluva,12,205,0,0,0
2025-11-05,Aluva,13,200,0,0,0
2025-11-05,Aluva,14,202,0,0,0
2025-11-05,Aluva,15,191,0,0,0
2025-11-05,Aluva,16,192,0,0,0
2025-11-05,Aluva,17,466,0,0,1
2025-11-05,Aluva,18,471,0,0,1
2025-11-05,Aluva,19,503,0,0,1
2025-11-05,Aluva,20,480,0,0,1
2025-11-05,Aluva,21,175,0,0,0
2025-11-05,Aluva,22,206,0,0,0
2025-11-05,Pulinchodu,6,75,0,0,0
2025-11-05,Pulinchodu,7,85,0,0,0
2025-11-05,Pulinchodu,8,216,0,1,0
2025-11-05,Pulinchodu,9,227,0,1,0
2025-11-05,Pulinchodu,10,196,0,1,0
2025-11-05,Pulinchodu,11,69,0,0,0
2025-11-05,Pulinchodu,12,79,0,0,0
2025-11-05,Pulinchodu,13,84,0,0,0
2025-11-05,Pulinchodu,14,74,0,0,0
2025-11-05,Pulinchodu,15,72,0,0,0
2025-11-05,Pulinchodu,16,85,0,0,0
2025-11-05,Pulinchodu,17,209,0,0,1
2025-11-05,Pulinchodu,18,179,0,0,1
2025-11-05,Pulinchodu,19,210,0,0,1
2025-11-05,Pulinchodu,20,201,0,0,1
2025-11-05,Pulinchodu,21,66,0,0,0
2025-11-05,Pulinchodu,22,80,0,0,0
2025-11-05,Companypady,6,106,0,0,0
2025-11-05,Companypady,7,83,0,0,0
2025-11-05,Companypady,8,194,0,1,0
2025-11-05,Companypady,9,199,0,1,0
2025-11-05,Companypady,10,201,0,1,0
2025-11-05,Companypady,11,72,0,0,0
2025-11-05,Companypady,12,74,0,0,0
2025-11-05,Companypady,13,76,0,0,0
2025-11-05,Companypady,14,71,0,0,0
2025-11-05,Companypady,15,92,0,0,0
2025-11-05,Companypady,16,68,0,0,0
2025-11-05,Companypady,17,172,0,0,1
2025-11-05,Companypady,18,223,0,0,1
2025-11-05,Companypady,19,214,0,0,1
2025-11-05,Companypady,20,198,0,0,1
2025-11-05,Companypady,21,82,0,0,0
2025-11-05,Companypady,22,83,0,0,0
2025-11-05,Ambattukavu,6,89,0,0,0
2025-11-05,Ambattukavu,7,82,0,0,0
2025-11-05,Ambattukavu,8,189,0,1,0
2025-11-05,Ambattukavu,9,181,0,1,0
2025-11-05,Ambattukavu,10,207,0,1,0
2025-11-05,Ambattukavu,11,86,0,0,0
2025-11-05,Ambattukavu,12,79,0,0,0
2025-11-05,Ambattukavu,13,71,0,0,0
2025-11-05,Ambattukavu,14,67,0,0,0
2025-11-05,Ambattukavu,15,75,0,0,0
2025-11-05,Ambattukavu,16,72,0,0,0
2025-11-05,Ambattukavu,17,190,0,0,1
2025-11-05,Ambattukavu,18,194,0,0,1
2025-11-05,Ambattukavu,19,160,0,0,1
2025-11-05,Ambattukavu,20,210,0,0,1
2025-11-05,Ambattukavu,21,81,0,0,0
2025-11-05,Ambattukavu,22,77,0,0,0
2025-11-05,Muttom,6,68,0,0,0
2025-11-05,Muttom,7,65,0,0,0
2025-11-05,Muttom,8,206,0,1,0
2025-11-05,Muttom,9,191,0,1,0
2025-11-05,Muttom,10,213,0,1,0
2025-11-05,Muttom,11,94,0,0,0
2025-11-05,Muttom,12,86,0,0,0
2025-11-05,Muttom,13,79,0,0,0
2025-11-05,Muttom,14,83,0,0,0
2025-11-05,Muttom,15,77,0,0,0
2025-11-05,Muttom,16,58,0,0,0
2025-11-05,Muttom,17,194,0,0,1
2025-11-05,Muttom,18,189,0,0,1
2025-11-05,Muttom,19,222,0,0,1
2025-11-05,Muttom,20,230,0,0,1
2025-11-05,Muttom,21,83,0,0,0
2025-11-05,Muttom,22,80,0,0,0
2025-11-05,Kalamassery,6,214,0,0,0
2025-11-05,Kalamassery,7,208,0,0,0
2025-11-05,Kalamassery,8,541,0,1,0
2025-11-05,Kalamassery,9,480,0,1,0
2025-11-05,Kalamassery,10,536,0,1,0
2025-11-05,Kalamassery,11,188,0,0,0
2025-11-05,Kalamassery,12,182,0,0,0
2025-11-05,Kalamassery,13,190,0,0,0
2025-11-05,Kalamassery,14,212,0,0,0
2025-11-05,Kalamassery,15,212,0,0,0
2025-11-05,Kalamassery,16,203,0,0,0
2025-11-05,Kalamassery,17,478,0,0,1
2025-11-05,Kalamassery,18,506,0,0,1
2025-11-05,Kalamassery,19,504,0,0,1
2025-11-05,Kalamassery,20,481,0,0,1
2025-11-05,Kalamassery,21,198,0,0,0
2025-11-05,Kalamassery,22,204,0,0,0
2025-11-05,CUSAT,6,77,0,0,0
2025-11-05,CUSAT,7,95,0,0,0
2025-11-05,CUSAT,8,194,0,1,0
2025-11-05,CUSAT,9,185,0,1,0
2025-11-05,CUSAT,10,193,0,1,0
2025-11-05,CUSAT,11,80,0,0,0
2025-11-05,CUSAT,12,98,0,0,0
2025-11-05,CUSAT,13,77,0,0,0
2025-11-05,CUSAT,14,79,0,0,0
2025-11-05,CUSAT,15,88,0,0,0
2025-11-05,CUSAT,16,67,0,0,0
2025-11-05,CUSAT,17,208,0,0,1
2025-11-05,CUSAT,18,208,0,0,1
2025-11-05,CUSAT,19,212,0,0,1
2025-11-05,CUSAT,20,212,0,0,1
2025-11-05,CUSAT,21,76,0,0,0
2025-11-05,CUSAT,22,70,0,0,0
2025-11-05,Pathadipalam,6,86,0,0,0
2025-11-05,Pathadipalam,7,84,0,0,0
2025-11-05,Pathadipalam,8,202,0,1,0
2025-11-05,Pathadipalam,9,199,0,1,0
2025-11-05,Pathadipalam,10,189,0,1,0
2025-11-05,Pathadipalam,11,82,0,0,0
2025-11-05,Pathadipalam,12,88,0,0,0
2025-11-05,Pathadipalam,13,68,0,0,0
2025-11-05,Pathadipalam,14,69,0,0,0
2025-11-05,Pathadipalam,15,74,0,0,0
2025-11-05,Pathadipalam,16,89,0,0,0
2025-11-05,Pathadipalam,17,200,0,0,1
2025-11-05,Pathadipalam,18,218,0,0,1
2025-11-05,Pathadipalam,19,196,0,0,1
2025-11-05,Pathadipalam,20,191,0,0,1
2025-11-05,Pathadipalam,21,75,0,0,0
2025-11-05,Pathadipalam,22,79,0,0,0
2025-11-05,Edappally,6,206,0,0,0
2025-11-05,Edappally,7,211,0,0,0
2025-11-05,Edappally,8,513,0,1,0
2025-11-05,Edappally,9,532,0,1,0
2025-11-05,Edappally,10,516,0,1,0
2025-11-05,Edappally,11,202,0,0,0
2025-11-05,Edappally,12,208,0,0,0
2025-11-05,Edappally,13,175,0,0,0
2025-11-05,Edappally,14,200,0,0,0
2025-11-05,Edappally,15,206,0,0,0
2025-11-05,Edappally,16,223,0,0,0
2025-11-05,Edappally,17,493,0,0,1
2025-11-05,Edappally,18,509,0,0,1
2025-11-05,Edappally,19,432,0,0,1
2025-11-05,Edappally,20,492,0,0,1
2025-11-05,Edappally,21,187,0,0,0
2025-11-05,Edappally,22,182,0,0,0
2025-11-05,Changampuzha Park,6,87,0,0,0
2025-11-05,Changampuzha Park,7,77,0,0,0
2025-11-05,Changampuzha Park,8,214,0,1,0
2025-11-05,Changampuzha Park,9,211,0,1,0
2025-11-05,Changampuzha Park,10,224,0,1,0
2025-11-05,Changampuzha Park,11,80,0,0,0
2025-11-05,Changampuzha Park,12,78,0,0,0
2025-11-05,Changampuzha Park,13,85,0,0,0
2025-11-05,Changampuzha Park,14,88,0,0,0
2025-11-05,Changampuzha Park,15,92,0,0,0
2025-11-05,Changampuzha Park,16,72,0,0,0
2025-11-05,Changampuzha Park,17,185,0,0,1
2025-11-05,Changampuzha Park,18,212,0,0,1
2025-11-05,Changampuzha Park,19,172,0,0,1
2025-11-05,Changampuzha Park,20,241,0,0,1
2025-11-05,Changampuzha Park,21,82,0,0,0
2025-11-05,Changampuzha Park,22,80,0,0,0
2025-11-05,Palarivattom,6,79,0,0,0
2025-11-05,Palarivattom,7,102,0,0,0
2025-11-05,Palarivattom,8,206,0,1,0
2025-11-05,Palarivattom,9,206,0,1,0
2025-11-05,Palarivattom,10,197,0,1,0
2025-11-05,Palarivattom,11,82,0,0,0
2025-11-05,Palarivattom,12,96,0,0,0
2025-11-05,Palarivattom,13,102,0,0,0
2025-11-05,Palarivattom,14,77,0,0,0
2025-11-05,Palarivattom,15,72,0,0,0
2025-11-05,Palarivattom,16,73,0,0,0
2025-11-05,Palarivattom,17,192,0,0,1
2025-11-05,Palarivattom,18,189,0,0,1
2025-11-05,Palarivattom,19,222,0,0,1
2025-11-05,Palarivattom,20,176,0,0,1
2025-11-05,Palarivattom,21,78,0,0,0
2025-11-05,Palarivattom,22,78,0,0,0
2025-11-05,JLN Stadium,6,85,0,0,0
2025-11-05,JLN Stadium,7,94,0,0,0
2025-11-05,JLN Stadium,8,212,0,1,0
2025-11-05,JLN Stadium,9,221,0,1,0
2025-11-05,JLN Stadium,10,200,0,1,0
2025-11-05,JLN Stadium,11,85,0,0,0
2025-11-05,JLN Stadium,12,87,0,0,0
2025-11-05,JLN Stadium,13,82,0,0,0
2025-11-05,JLN Stadium,14,74,0,0,0
2025-11-05,JLN Stadium,15,71,0,0,0
2025-11-05,JLN Stadium,16,72,0,0,0
2025-11-05,JLN Stadium,17,198,0,0,1
2025-11-05,JLN Stadium,18,215,0,0,1
2025-11-05,JLN Stadium,19,195,0,0,1
2025-11-05,JLN Stadium,20,194,0,0,1
2025-11-05,JLN Stadium,21,69,0,0,0
2025-11-05,JLN Stadium,22,78,0,0,0
2025-11-05,Kaloor Town Hall,6,82,0,0,0
2025-11-05,Kaloor Town Hall,7,86,0,0,0
2025-11-05,Kaloor Town Hall,8,205,0,1,0
2025-11-05,Kaloor Town Hall,9,233,0,1,0
2025-11-05,Kaloor Town Hall,10,213,0,1,0
2025-11-05,Kaloor Town Hall,11,79,0,0,0
2025-11-05,Kaloor Town Hall,12,78,0,0,0
2025-11-05,Kaloor Town Hall,13,66,0,0,0
2025-11-05,Kaloor Town Hall,14,71,0,0,0
2025-11-05,Kaloor Town Hall,15,68,0,0,0
2025-11-05,Kaloor Town Hall,16,83,0,0,0
2025-11-05,Kaloor Town Hall,17,198,0,0,1
2025-11-05,Kaloor Town Hall,18,172,0,0,1
2025-11-05,Kaloor Town Hall,19,207,0,0,1
2025-11-05,Kaloor Town Hall,20,201,0,0,1
2025-11-05,Kaloor Town Hall,21,85,0,0,0
2025-11-05,Kaloor Town Hall,22,82,0,0,0
2025-11-05,MG Road,6,191,0,0,0
2025-11-05,MG Road,7,210,0,0,0
2025-11-05,MG Road,8,493,0,1,0
2025-11-05,MG Road,9,517,0,1,0
2025-11-05,MG Road,10,542,0,1,0
2025-11-05,MG Road,11,231,0,0,0
2025-11-05,MG Road,12,203,0,0,0
2025-11-05,MG Road,13,220,0,0,0
2025-11-05,MG Road,14,187,0,0,0
2025-11-05,MG Road,15,208,0,0,0
2025-11-05,MG Road,16,219,0,0,0
2025-11-05,MG Road,17,453,0,0,1
2025-11-05,MG Road,18,487,0,0,1
2025-11-05,MG Road,19,510,0,0,1
2025-11-05,MG Road,20,507,0,0,1
2025-11-05,MG Road,21,209,0,0,0
2025-11-05,MG Road,22,179,0,0,0
2025-11-05,Maharaja's College,6,51,0,0,0
2025-11-05,Maharaja's College,7,79,0,0,0
2025-11-05,Maharaja's College,8,194,0,1,0
2025-11-05,Maharaja's College,9,216,0,1,0
2025-11-05,Maharaja's College,10,197,0,1,0
2025-11-05,Maharaja's College,11,88,0,0,0
2025-11-05,Maharaja's College,12,83,0,0,0
2025-11-05,Maharaja's College,13,77,0,0,0
2025-11-05,Maharaja's College,14,65,0,0,0
2025-11-05,Maharaja's College,15,72,0,0,0
2025-11-05,Maharaja's College,16,67,0,0,0
2025-11-05,Maharaja's College,17,211,0,0,1
2025-11-05,Maharaja's College,18,196,0,0,1
2025-11-05,Maharaja's College,19,217,0,0,1
2025-11-05,Maharaja's College,20,203,0,0,1
2025-11-05,Maharaja's College,21,83,0,0,0
2025-11-05,Maharaja's College,22,81,0,0,0
2025-11-05,Ernakulam South,6,199,0,0,0
2025-11-05,Ernakulam South,7,156,0,0,0
2025-11-05,Ernakulam South,8,467,0,1,0
2025-11-05,Ernakulam South,9,520,0,1,0
2025-11-05,Ernakulam South,10,479,0,1,0
2025-11-05,Ernakulam South,11,219,0,0,0
2025-11-05,Ernakulam South,12,205,0,0,0
2025-11-05,Ernakulam South,13,224,0,0,0
2025-11-05,Ernakulam South,14,222,0,0,0
2025-11-05,Ernakulam South,15,244,0,0,0
2025-11-05,Ernakulam South,16,213,0,0,0
2025-11-05,Ernakulam South,17,497,0,0,1
2025-11-05,Ernakulam South,18,495,0,0,1
2025-11-05,Ernakulam South,19,538,0,0,1
2025-11-05,Ernakulam South,20,491,0,0,1
2025-11-05,Ernakulam South,21,204,0,0,0
2025-11-05,Ernakulam South,22,190,0,0,0
2025-11-05,Kadavanthra,6,95,0,0,0
2025-11-05,Kadavanthra,7,78,0,0,0
2025-11-05,Kadavanthra,8,189,0,1,0
2025-11-05,Kadavanthra,9,215,0,1,0
2025-11-05,Kadavanthra,10,203,0,1,0
2025-11-05,Kadavanthra,11,80,0,0,0
2025-11-05,Kadavanthra,12,80,0,0,0
2025-11-05,Kadavanthra,13,71,0,0,0
2025-11-05,Kadavanthra,14,90,0,0,0
2025-11-05,Kadavanthra,15,69,0,0,0
2025-11-05,Kadavanthra,16,63,0,0,0
2025-11-05,Kadavanthra,17,207,0,0,1
2025-11-05,Kadavanthra,18,222,0,0,1
2025-11-05,Kadavanthra,19,191,0,0,1
2025-11-05,Kadavanthra,20,199,0,0,1
2025-11-05,Kadavanthra,21,106,0,0,0
2025-11-05,Kadavanthra,22,73,0,0,0
2025-11-05,Elamkulam,6,75,0,0,0
2025-11-05,Elamkulam,7,78,0,0,0
2025-11-05,Elamkulam,8,208,0,1,0
2025-11-05,Elamkulam,9,191,0,1,0
2025-11-05,Elamkulam,10,218,0,1,0
2025-11-05,Elamkulam,11,93,0,0,0
2025-11-05,Elamkulam,12,92,0,0,0
2025-11-05,Elamkulam,13,82,0,0,0
2025-11-05,Elamkulam,14,76,0,0,0
2025-11-05,Elamkulam,15,78,0,0,0
2025-11-05,Elamkulam,16,69,0,0,0
2025-11-05,Elamkulam,17,193,0,0,1
2025-11-05,Elamkulam,18,232,0,0,1
2025-11-05,Elamkulam,19,202,0,0,1
2025-11-05,Elamkulam,20,183,0,0,1
2025-11-05,Elamkulam,21,93,0,0,0
2025-11-05,Elamkulam,22,89,0,0,0
2025-11-05,Vyttila,6,76,0,0,0
2025-11-05,Vyttila,7,76,0,0,0
2025-11-05,Vyttila,8,193,0,1,0
2025-11-05,Vyttila,9,199,0,1,0
2025-11-05,Vyttila,10,221,0,1,0
2025-11-05,Vyttila,11,59,0,0,0
2025-11-05,Vyttila,12,84,0,0,0
2025-11-05,Vyttila,13,91,0,0,0
2025-11-05,Vyttila,14,91,0,0,0
2025-11-05,Vyttila,15,65,0,0,0
2025-11-05,Vyttila,16,92,0,0,0
2025-11-05,Vyttila,17,203,0,0,1
2025-11-05,Vyttila,18,211,0,0,1
2025-11-05,Vyttila,19,197,0,0,1
2025-11-05,Vyttila,20,204,0,0,1
2025-11-05,Vyttila,21,96,0,0,0
2025-11-05,Vyttila,22,79,0,0,0
2025-11-05,Thaikoodam,6,80,0,0,0
2025-11-05,Thaikoodam,7,83,0,0,0
2025-11-05,Thaikoodam,8,214,0,1,0
2025-11-05,Thaikoodam,9,184,0,1,0
2025-11-05,Thaikoodam,10,170,0,1,0
2025-11-05,Thaikoodam,11,79,0,0,0
2025-11-05,Thaikoodam,12,70,0,0,0
2025-11-05,Thaikoodam,13,106,0,0,0
2025-11-05,Thaikoodam,14,77,0,0,0
2025-11-05,Thaikoodam,15,70,0,0,0
2025-11-05,Thaikoodam,16,68,0,0,0
2025-11-05,Thaikoodam,17,196,0,0,1
2025-11-05,Thaikoodam,18,193,0,0,1
2025-11-05,Thaikoodam,19,212,0,0,1
2025-11-05,Thaikoodam,20,175,0,0,1
2025-11-05,Thaikoodam,21,81,0,0,0
2025-11-05,Thaikoodam,22,82,0,0,0
2025-11-05,Petta,6,94,0,0,0
2025-11-05,Petta,7,89,0,0,0
2025-11-05,Petta,8,185,0,1,0
2025-11-05,Petta,9,181,0,1,0
2025-11-05,Petta,10,204,0,1,0
2025-11-05,Petta,11,87,0,0,0
2025-11-05,Petta,12,72,0,0,0
2025-11-05,Petta,13,70,0,0,0
2025-11-05,Petta,14,76,0,0,0
2025-11-05,Petta,15,94,0,0,0
2025-11-05,Petta,16,78,0,0,0
2025-11-05,Petta,17,199,0,0,1
2025-11-05,Petta,18,201,0,0,1
2025-11-05,Petta,19,217,0,0,1
2025-11-05,Petta,20,212,0,0,1
2025-11-05,Petta,21,74,0,0,0
2025-11-05,Petta,22,75,0,0,0
2025-11-05,Vadakkekotta,6,81,0,0,0
2025-11-05,Vadakkekotta,7,88,0,0,0
2025-11-05,Vadakkekotta,8,167,0,1,0
2025-11-05,Vadakkekotta,9,197,0,1,0
2025-11-05,Vadakkekotta,10,194,0,1,0
2025-11-05,Vadakkekotta,11,80,0,0,0
2025-11-05,Vadakkekotta,12,67,0,0,0
2025-11-05,Vadakkekotta,13,94,0,0,0
2025-11-05,Vadakkekotta,14,80,0,0,0
2025-11-05,Vadakkekotta,15,66,0,0,0
2025-11-05,Vadakkekotta,16,84,0,0,0
2025-11-05,Vadakkekotta,17,183,0,0,1
2025-11-05,Vadakkekotta,18,207,0,0,1
2025-11-05,Vadakkekotta,19,215,0,0,1
2025-11-05,Vadakkekotta,20,204,0,0,1
2025-11-05,Vadakkekotta,21,83,0,0,0
2025-11-05,Vadakkekotta,22,86,0,0,0
2025-11-05,SN Junction,6,77,0,0,0
2025-11-05,SN Junction,7,80,0,0,0
2025-11-05,SN Junction,8,186,0,1,0
2025-11-05,SN Junction,9,201,0,1,0
2025-11-05,SN Junction,10,192,0,1,0
2025-11-05,SN Junction,11,83,0,0,0
2025-11-05,SN Junction,12,85,0,0,0
2025-11-05,SN Junction,13,80,0,0,0
2025-11-05,SN Junction,14,67,0,0,0
2025-11-05,SN Junction,15,79,0,0,0
2025-11-05,SN Junction,16,76,0,0,0
2025-11-05,SN Junction,17,184,0,0,1
2025-11-05,SN Junction,18,194,0,0,1
2025-11-05,SN Junction,19,202,0,0,1
2025-11-05,SN Junction,20,201,0,0,1
2025-11-05,SN Junction,21,67,0,0,0
2025-11-05,SN Junction,22,64,0,0,0
2025-11-05,Tripunithura Terminal,6,86,0,0,0
2025-11-05,Tripunithura Terminal,7,71,0,0,0
2025-11-05,Tripunithura Terminal,8,184,0,1,0
2025-11-05,Tripunithura Terminal,9,201,0,1,0
2025-11-05,Tripunithura Terminal,10,194,0,1,0
2025-11-05,Tripunithura Terminal,11,84,0,0,0
2025-11-05,Tripunithura Terminal,12,87,0,0,0
2025-11-05,Tripunithura Terminal,13,62,0,0,0
2025-11-05,Tripunithura Terminal,14,77,0,0,0
2025-11-05,Tripunithura Terminal,15,76,0,0,0
2025-11-05,Tripunithura Terminal,16,97,0,0,0
2025-11-05,Tripunithura Terminal,17,187,0,0,1
2025-11-05,Tripunithura Terminal,18,217,0,0,1
2025-11-05,Tripunithura Terminal,19,213,0,0,1
2025-11-05,Tripunithura Terminal,20,199,0,0,1
2025-11-05,Tripunithura Terminal,21,74,0,0,0
2025-11-05,Tripunithura Terminal,22,75,0,0,0
2025-11-12,Aluva,6,195,0,0,0
2025-11-12,Aluva,7,199,0,0,0
2025-11-12,Aluva,8,507,0,1,0
2025-11-12,Aluva,9,553,0,1,0
2025-11-12,Aluva,10,480,0,1,0
2025-11-12,Aluva,11,199,0,0,0
2025-11-12,Aluva,12,197,0,0,0
2025-11-12,Aluva,13,232,0,0,0
2025-11-12,Aluva,14,204,0,0,0
2025-11-12,Aluva,15,202,0,0,0
2025-11-12,Aluva,16,236,0,0,0
2025-11-12,Aluva,17,491,0,0,1
2025-11-12,Aluva,18,536,0,0,1
2025-11-12,Aluva,19,525,0,0,1
2025-11-12,Aluva,20,491,0,0,1
2025-11-12,Aluva,21,178,0,0,0
2025-11-12,Aluva,22,212,0,0,0
2025-11-12,Pulinchodu,6,82,0,0,0
2025-11-12,Pulinchodu,7,85,0,0,0
2025-11-12,Pulinchodu,8,181,0,1,0
2025-11-12,Pulinchodu,9,189,0,1,0
2025-11-12,Pulinchodu,10,195,0,1,0
2025-11-12,Pulinchodu,11,78,0,0,0
2025-11-12,Pulinchodu,12,83,0,0,0
2025-11-12,Pulinchodu,13,76,0,0,0
2025-11-12,Pulinchodu,14,67,0,0,0
2025-11-12,Pulinchodu,15,86,0,0,0
2025-11-12,Pulinchodu,16,90,0,0,0
2025-11-12,Pulinchodu,17,214,0,0,1
2025-11-12,Pulinchodu,18,200,0,0,1
2025-11-12,Pulinchodu,19,193,0,0,1
2025-11-12,Pulinchodu,20,189,0,0,1
2025-11-12,Pulinchodu,21,83,0,0,0
2025-11-12,Pulinchodu,22,85,0,0,0
2025-11-12,Companypady,6,79,0,0,0
2025-11-12,Companypady,7,77,0,0,0
2025-11-12,Companypady,8,214,0,1,0
2025-11-12,Companypady,9,165,0,1,0
2025-11-12,Companypady,10,211,0,1,0
2025-11-12,Companypady,11,81,0,0,0
2025-11-12,Companypady,12,78,0,0,0
2025-11-12,Companypady,13,96,0,0,0
2025-11-12,Companypady,14,76,0,0,0
2025-11-12,Companypady,15,84,0,0,0
2025-11-12,Companypady,16,78,0,0,0
2025-11-12,Companypady,17,207,0,0,1
2025-11-12,Companypady,18,197,0,0,1
2025-11-12,Companypady,19,210,0,0,1
2025-11-12,Companypady,20,201,0,0,1
2025-11-12,Companypady,21,90,0,0,0
2025-11-12,Companypady,22,86,0,0,0
2025-11-12,Ambattukavu,6,75,0,0,0
2025-11-12,Ambattukavu,7,89,0,0,0
2025-11-12,Ambattukavu,8,191,0,1,0
2025-11-12,Ambattukavu,9,192,0,1,0
2025-11-12,Ambattukavu,10,205,0,1,0
2025-11-12,Ambattukavu,11,102,0,0,0
2025-11-12,Ambattukavu,12,78,0,0,0
2025-11-12,Ambattukavu,13,90,0,0,0
2025-11-12,Ambattukavu,14,94,0,0,0
2025-11-12,Ambattukavu,15,85,0,0,0
2025-11-12,Ambattukavu,16,87,0,0,0
2025-11-12,Ambattukavu,17,215,0,0,1
2025-11-12,Ambattukavu,18,212,0,0,1
2025-11-12,Ambattukavu,19,215,0,0,1
2025-11-12,Ambattukavu,20,178,0,0,1
2025-11-12,Ambattukavu,21,83,0,0,0
2025-11-12,Ambattukavu,22,61,0,0,0
2025-11-12,Muttom,6,83,0,0,0
2025-11-12,Muttom,7,78,0,0,0
2025-11-12,Muttom,8,200,0,1,0
2025-11-12,Muttom,9,197,0,1,0
2025-11-12,Muttom,10,205,0,1,0
2025-11-12,Muttom,11,95,0,0,0
2025-11-12,Muttom,12,80,0,0,0
2025-11-12,Muttom,13,86,0,0,0
2025-11-12,Muttom,14,85,0,0,0
2025-11-12,Muttom,15,88,0,0,0
2025-11-12,Muttom,16,103,0,0,0
2025-11-12,Muttom,17,199,0,0,1
2025-11-12,Muttom,18,209,0,0,1
2025-11-12,Muttom,19,206,0,0,1
2025-11-12,Muttom,20,193,0,0,1
2025-11-12,Muttom,21,79,0,0,0
2025-11-12,Muttom,22,69,0,0,0
2025-11-12,Kalamassery,6,204,0,0,0
2025-11-12,Kalamassery,7,190,0,0,0
2025-11-12,Kalamassery,8,526,0,1,0
2025-11-12,Kalamassery,9,497,0,1,0
2025-11-12,Kalamassery,10,472,0,1,0
2025-11-12,Kalamassery,11,202,0,0,0
2025-11-12,Kalamassery,12,205,0,0,0
2025-11-12,Kalamassery,13,194,0,0,0
2025-11-12,Kalamassery,14,205,0,0,0
2025-11-12,Kalamassery,15,197,0,0,0
2025-11-12,Kalamassery,16,215,0,0,0
2025-11-12,Kalamassery,17,507,0,0,1
2025-11-12,Kalamassery,18,478,0,0,1
2025-11-12,Kalamassery,19,515,0,0,1
2025-11-12,Kalamassery,20,515,0,0,1
2025-11-12,Kalamassery,21,200,0,0,0
2025-11-12,Kalamassery,22,212,0,0,0
2025-11-12,CUSAT,6,71,0,0,0
2025-11-12,CUSAT,7,73,0,0,0
2025-11-12,CUSAT,8,197,0,1,0
2025-11-12,CUSAT,9,179,0,1,0
2025-11-12,CUSAT,10,187,0,1,0
2025-11-12,CUSAT,11,87,0,0,0
2025-11-12,CUSAT,12,82,0,0,0
2025-11-12,CUSAT,13,92,0,0,0
2025-11-12,CUSAT,14,73,0,0,0
2025-11-12,CUSAT,15,81,0,0,0
2025-11-12,CUSAT,16,70,0,0,0
2025-11-12,CUSAT,17,200,0,0,1
2025-11-12,CUSAT,18,204,0,0,1
2025-11-12,CUSAT,19,205,0,0,1
2025-11-12,CUSAT,20,208,0,0,1
2025-11-12,CUSAT,21,77,0,0,0
2025-11-12,CUSAT,22,87,0,0,0
2025-11-12,Pathadipalam,6,99,0,0,0
2025-11-12,Pathadipalam,7,76,0,0,0
2025-11-12,Pathadipalam,8,203,0,1,0
2025-11-12,Pathadipalam,9,184,0,1,0
2025-11-12,Pathadipalam,10,205,0,1,0
2025-11-12,Pathadipalam,11,94,0,0,0
2025-11-12,Pathadipalam,12,81,0,0,0
2025-11-12,Pathadipalam,13,75,0,0,0
2025-11-12,Pathadipalam,14,73,0,0,0
2025-11-12,Pathadipalam,15,83,0,0,0
2025-11-12,Pathadipalam,16,75,0,0,0
2025-11-12,Pathadipalam,17,182,0,0,1
2025-11-12,Pathadipalam,18,209,0,0,1
2025-11-12,Pathadipalam,19,211,0,0,1
2025-11-12,Pathadipalam,20,230,0,0,1
2025-11-12,Pathadipalam,21,81,0,0,0
2025-11-12,Pathadipalam,22,76,0,0,0
2025-11-12,Edappally,6,185,0,0,0
2025-11-12,Edappally,7,200,0,0,0
2025-11-12,Edappally,8,485,0,1,0
2025-11-12,Edappally,9,487,0,1,0
2025-11-12,Edappally,10,524,0,1,0
2025-11-12,Edappally,11,194,0,0,0
2025-11-12,Edappally,12,194,0,0,0
2025-11-12,Edappally,13,212,0,0,0
2025-11-12,Edappally,14,182,0,0,0
2025-11-12,Edappally,15,187,0,0,0
2025-11-12,Edappally,16,203,0,0,0
2025-11-12,Edappally,17,511,0,0,1
2025-11-12,Edappally,18,488,0,0,1
2025-11-12,Edappally,19,498,0,0,1
2025-11-12,Edappally,20,473,0,0,1
2025-11-12,Edappally,21,194,0,0,0
2025-11-12,Edappally,22,194,0,0,0
2025-11-12,Changampuzha Park,6,75,0,0,0
2025-11-12,Changampuzha Park,7,92,0,0,0
2025-11-12,Changampuzha Park,8,210,0,1,0
2025-11-12,Changampuzha Park,9,203,0,1,0
2025-11-12,Changampuzha Park,10,210,0,1,0
2025-11-12,Changampuzha Park,11,86,0,0,0
2025-11-12,Changampuzha Park,12,92,0,0,0
2025-11-12,Changampuzha Park,13,79,0,0,0
2025-11-12,Changampuzha Park,14,61,0,0,0
2025-11-12,Changampuzha Park,15,81,0,0,0
2025-11-12,Changampuzha Park,16,92,0,0,0
2025-11-12,Changampuzha Park,17,205,0,0,1
2025-11-12,Changampuzha Park,18,195,0,0,1
2025-11-12,Changampuzha Park,19,196,0,0,1
2025-11-12,Changampuzha Park,20,200,0,0,1
2025-11-12,Changampuzha Park,21,83,0,0,0
2025-11-12,Changampuzha Park,22,83,0,0,0
2025-11-12,Palarivattom,6,85,0,0,0
2025-11-12,Palarivattom,7,105,0,0,0
2025-11-12,Palarivattom,8,179,0,1,0
2025-11-12,Palarivattom,9,210,0,1,0
2025-11-12,Palarivattom,10,243,0,1,0
2025-11-12,Palarivattom,11,76,0,0,0
2025-11-12,Palarivattom,12,72,0,0,0
2025-11-12,Palarivattom,13,76,0,0,0
2025-11-12,Palarivattom,14,84,0,0,0
2025-11-12,Palarivattom,15,92,0,0,0
2025-11-12,Palarivattom,16,86,0,0,0
2025-11-12,Palarivattom,17,208,0,0,1
2025-11-12,Palarivattom,18,191,0,0,1
2025-11-12,Palarivattom,19,213,0,0,1
2025-11-12,Palarivattom,20,187,0,0,1
2025-11-12,Palarivattom,21,68,0,0,0
2025-11-12,Palarivattom,22,84,0,0,0
2025-11-12,JLN Stadium,6,76,0,0,0
2025-11-12,JLN Stadium,7,82,0,0,0
2025-11-12,JLN Stadium,8,211,0,1,0
2025-11-12,JLN Stadium,9,208,0,1,0
2025-11-12,JLN Stadium,10,202,0,1,0
2025-11-12,JLN Stadium,11,76,0,0,0
2025-11-12,JLN Stadium,12,74,0,0,0
2025-11-12,JLN Stadium,13,82,0,0,0
2025-11-12,JLN Stadium,14,64,0,0,0
2025-11-12,JLN Stadium,15,85,0,0,0
2025-11-12,JLN Stadium,16,97,0,0,0
2025-11-12,JLN Stadium,17,174,0,0,1
2025-11-12,JLN Stadium,18,181,0,0,1
2025-11-12,JLN Stadium,19,211,0,0,1
2025-11-12,JLN Stadium,20,181,0,0,1
2025-11-12,JLN Stadium,21,99,0,0,0
2025-11-12,JLN Stadium,22,77,0,0,0
2025-11-12,Kaloor Town Hall,6,76,0,0,0
2025-11-12,Kaloor Town Hall,7,77,0,0,0
2025-11-12,Kaloor Town Hall,8,172,0,1,0
2025-11-12,Kaloor Town Hall,9,211,0,1,0
2025-11-12,Kaloor Town Hall,10,179,0,1,0
2025-11-12,Kaloor Town Hall,11,83,0,0,0
2025-11-12,Kaloor Town Hall,12,88,0,0,0
2025-11-12,Kaloor Town Hall,13,90,0,0,0
2025-11-12,Kaloor Town Hall,14,92,0,0,0
2025-11-12,Kaloor Town Hall,15,89,0,0,0
2025-11-12,Kaloor Town Hall,16,77,0,0,0
2025-11-12,Kaloor Town Hall,17,179,0,0,1
2025-11-12,Kaloor Town Hall,18,189,0,0,1
2025-11-12,Kaloor Town Hall,19,195,0,0,1
2025-11-12,Kaloor Town Hall,20,192,0,0,1
2025-11-12,Kaloor Town Hall,21,79,0,0,0
2025-11-12,Kaloor Town Hall,22,89,0,0,0
2025-11-12,MG Road,6,194,0,0,0
2025-11-12,MG Road,7,182,0,0,0
2025-11-12,MG Road,8,520,0,1,0
2025-11-12,MG Road,9,492,0,1,0
2025-11-12,MG Road,10,451,0,1,0
2025-11-12,MG Road,11,219,0,0,0
2025-11-12,MG Road,12,194,0,0,0
2025-11-12,MG Road,13,202,0,0,0
2025-11-12,MG Road,14,182,0,0,0
2025-11-12,MG Road,15,195,0,0,0
2025-11-12,MG Road,16,186,0,0,0
2025-11-12,MG Road,17,493,0,0,1
2025-11-12,MG Road,18,504,0,0,1
2025-11-12,MG Road,19,504,0,0,1
2025-11-12,MG Road,20,473,0,0,1
2025-11-12,MG Road,21,210,0,0,0
2025-11-12,MG Road,22,190,0,0,0
2025-11-12,Maharaja's College,6,84,0,0,0
2025-11-12,Maharaja's College,7,74,0,0,0
2025-11-12,Maharaja's College,8,194,0,1,0
2025-11-12,Maharaja's College,9,188,0,1,0
2025-11-12,Maharaja's College,10,217,0,1,0
2025-11-12,Maharaja's College,11,78,0,0,0
2025-11-12,Maharaja's College,12,64,0,0,0
2025-11-12,Maharaja's College,13,72,0,0,0
2025-11-12,Maharaja's College,14,62,0,0,0
2025-11-12,Maharaja's College,15,79,0,0,0
2025-11-12,Maharaja's College,16,87,0,0,0
2025-11-12,Maharaja's College,17,209,0,0,1
2025-11-12,Maharaja's College,18,214,0,0,1
2025-11-12,Maharaja's College,19,206,0,0,1
2025-11-12,Maharaja's College,20,203,0,0,1
2025-11-12,Maharaja's College,21,80,0,0,0
2025-11-12,Maharaja's College,22,88,0,0,0
2025-11-12,Ernakulam South,6,205,0,0,0
2025-11-12,Ernakulam South,7,193,0,0,0
2025-11-12,Ernakulam South,8,493,0,1,0
2025-11-12,Ernakulam South,9,496,0,1,0
2025-11-12,Ernakulam South,10,485,0,1,0
2025-11-12,Ernakulam South,11,190,0,0,0
2025-11-12,Ernakulam South,12,203,0,0,0
2025-11-12,Ernakulam South,13,227,0,0,0
2025-11-12,Ernakulam South,14,189,0,0,0
2025-11-12,Ernakulam South,15,218,0,0,0
2025-11-12,Ernakulam South,16,189,0,0,0
2025-11-12,Ernakulam South,17,494,0,0,1
2025-11-12,Ernakulam South,18,525,0,0,1
2025-11-12,Ernakulam South,19,481,0,0,1
2025-11-12,Ernakulam South,20,460,0,0,1
2025-11-12,Ernakulam South,21,183,0,0,0
2025-11-12,Ernakulam South,22,196,0,0,0
2025-11-12,Kadavanthra,6,74,0,0,0
2025-11-12,Kadavanthra,7,82,0,0,0
2025-11-12,Kadavanthra,8,192,0,1,0
2025-11-12,Kadavanthra,9,227,0,1,0
2025-11-12,Kadavanthra,10,208,0,1,0
2025-11-12,Kadavanthra,11,69,0,0,0
2025-11-12,Kadavanthra,12,79,0,0,0
2025-11-12,Kadavanthra,13,88,0,0,0
2025-11-12,Kadavanthra,14,71,0,0,0
2025-11-12,Kadavanthra,15,88,0,0,0
2025-11-12,Kadavanthra,16,69,0,0,0
2025-11-12,Kadavanthra,17,209,0,0,1
2025-11-12,Kadavanthra,18,183,0,0,1
2025-11-12,Kadavanthra,19,184,0,0,1
2025-11-12,Kadavanthra,20,191,0,0,1
2025-11-12,Kadavanthra,21,79,0,0,0
2025-11-12,Kadavanthra,22,94,0,0,0
2025-11-12,Elamkulam,6,89,0,0,0
2025-11-12,Elamkulam,7,77,0,0,0
2025-11-12,Elamkulam,8,218,0,1,0
2025-11-12,Elamkulam,9,206,0,1,0
2025-11-12,Elamkulam,10,209,0,1,0
2025-11-12,Elamkulam,11,74,0,0,0
2025-11-12,Elamkulam,12,84,0,0,0
2025-11-12,Elamkulam,13,76,0,0,0
2025-11-12,Elamkulam,14,83,0,0,0
2025-11-12,Elamkulam,15,79,0,0,0
2025-11-12,Elamkulam,16,95,0,0,0
2025-11-12,Elamkulam,17,195,0,0,1
2025-11-12,Elamkulam,18,220,0,0,1
2025-11-12,Elamkulam,19,191,0,0,1
2025-11-12,Elamkulam,20,212,0,0,1
2025-11-12,Elamkulam,21,85,0,0,0
2025-11-12,Elamkulam,22,72,0,0,0
2025-11-12,Vyttila,6,78,0,0,0
2025-11-12,Vyttila,7,70,0,0,0
2025-11-12,Vyttila,8,178,0,1,0
2025-11-12,Vyttila,9,192,0,1,0
2025-11-12,Vyttila,10,205,0,1,0
2025-11-12,Vyttila,11,77,0,0,0
2025-11-12,Vyttila,12,71,0,0,0
2025-11-12,Vyttila,13,83,0,0,0
2025-11-12,Vyttila,14,68,0,0,0
2025-11-12,Vyttila,15,82,0,0,0
2025-11-12,Vyttila,16,73,0,0,0
2025-11-12,Vyttila,17,205,0,0,1
2025-11-12,Vyttila,18,186,0,0,1
2025-11-12,Vyttila,19,183,0,0,1
2025-11-12,Vyttila,20,199,0,0,1
2025-11-12,Vyttila,21,75,0,0,0
2025-11-12,Vyttila,22,75,0,0,0
2025-11-12,Thaikoodam,6,80,0,0,0
2025-11-12,Thaikoodam,7,84,0,0,0
2025-11-12,Thaikoodam,8,188,0,1,0
2025-11-12,Thaikoodam,9,191,0,1,0
2025-11-12,Thaikoodam,10,212,0,1,0
2025-11-12,Thaikoodam,11,77,0,0,0
2025-11-12,Thaikoodam,12,91,0,0,0
2025-11-12,Thaikoodam,13,68,0,0,0
2025-11-12,Thaikoodam,14,95,0,0,0
2025-11-12,Thaikoodam,15,87,0,0,0
2025-11-12,Thaikoodam,16,81,0,0,0
2025-11-12,Thaikoodam,17,211,0,0,1
2025-11-12,Thaikoodam,18,213,0,0,1
2025-11-12,Thaikoodam,19,228,0,0,1
2025-11-12,Thaikoodam,20,164,0,0,1
2025-11-12,Thaikoodam,21,72,0,0,0
2025-11-12,Thaikoodam,22,69,0,0,0
2025-11-12,Petta,6,82,0,0,0
2025-11-12,Petta,7,90,0,0,0
2025-11-12,Petta,8,222,0,1,0
2025-11-12,Petta,9,211,0,1,0
2025-11-12,Petta,10,193,0,1,0
2025-11-12,Petta,11,72,0,0,0
2025-11-12,Petta,12,78,0,0,0
2025-11-12,Petta,13,100,0,0,0
2025-11-12,Petta,14,78,0,0,0
2025-11-12,Petta,15,77,0,0,0
2025-11-12,Petta,16,85,0,0,0
2025-11-12,Petta,17,224,0,0,1
2025-11-12,Petta,18,188,0,0,1
2025-11-12,Petta,19,189,0,0,1
2025-11-12,Petta,20,192,0,0,1
2025-11-12,Petta,21,61,0,0,0
2025-11-12,Petta,22,79,0,0,0
2025-11-12,Vadakkekotta,6,71,0,0,0
2025-11-12,Vadakkekotta,7,89,0,0,0
2025-11-12,Vadakkekotta,8,213,0,1,0
2025-11-12,Vadakkekotta,9,208,0,1,0
2025-11-12,Vadakkekotta,10,177,0,1,0
2025-11-12,Vadakkekotta,11,81,0,0,0
2025-11-12,Vadakkekotta,12,76,0,0,0
2025-11-12,Vadakkekotta,13,76,0,0,0
2025-11-12,Vadakkekotta,14,82,0,0,0
2025-11-12,Vadakkekotta,15,78,0,0,0
2025-11-12,Vadakkekotta,16,87,0,0,0
2025-11-12,Vadakkekotta,17,195,0,0,1
2025-11-12,Vadakkekotta,18,179,0,0,1
2025-11-12,Vadakkekotta,19,218,0,0,1
2025-11-12,Vadakkekotta,20,206,0,0,1
2025-11-12,Vadakkekotta,21,84,0,0,0
2025-11-12,Vadakkekotta,22,76,0,0,0
2025-11-12,SN Junction,6,69,0,0,0
2025-11-12,SN Junction,7,74,0,0,0
2025-11-12,SN Junction,8,196,0,1,0
2025-11-12,SN Junction,9,212,0,1,0
2025-11-12,SN Junction,10,187,0,1,0
2025-11-12,SN Junction,11,75,0,0,0
2025-11-12,SN Junction,12,75,0,0,0
2025-11-12,SN Junction,13,90,0,0,0
2025-11-12,SN Junction,14,72,0,0,0
2025-11-12,SN Junction,15,81,0,0,0
2025-11-12,SN Junction,16,85,0,0,0
2025-11-12,SN Junction,17,176,0,0,1
2025-11-12,SN Junction,18,193,0,0,1
2025-11-12,SN Junction,19,208,0,0,1
2025-11-12,SN Junction,20,190,0,0,1
2025-11-12,SN Junction,21,91,0,0,0
2025-11-12,SN Junction,22,79,0,0,0
2025-11-12,Tripunithura Terminal,6,75,0,0,0
2025-11-12,Tripunithura Terminal,7,84,0,0,0
2025-11-12,Tripunithura Terminal,8,202,0,1,0
2025-11-12,Tripunithura Terminal,9,210,0,1,0
2025-11-12,Tripunithura Terminal,10,203,0,1,0
2025-11-12,Tripunithura Terminal,11,76,0,0,0
2025-11-12,Tripunithura Terminal,12,70,0,0,0
2025-11-12,Tripunithura Terminal,13,81,0,0,0
2025-11-12,Tripunithura Terminal,14,94,0,0,0
2025-11-12,Tripunithura Terminal,15,80,0,0,0
2025-11-12,Tripunithura Terminal,16,73,0,0,0
2025-11-12,Tripunithura Terminal,17,211,0,0,1
2025-11-12,Tripunithura Terminal,18,212,0,0,1
2025-11-12,Tripunithura Terminal,19,217,0,0,1
2025-11-12,Tripunithura Terminal,20,184,0,0,1
2025-11-12,Tripunithura Terminal,21,91,0,0,0
2025-11-12,Tripunithura Terminal,22,76,0,0,0
2025-11-19,Aluva,6,203,0,0,0
2025-11-19,Aluva,7,185,0,0,0
2025-11-19,Aluva,8,525,0,1,0
2025-11-19,Aluva,9,496,0,1,0
2025-11-19,Aluva,10,554,0,1,0
2025-11-19,Aluva,11,201,0,0,0
2025-11-19,Aluva,12,204,0,0,0
2025-11-19,Aluva,13,210,0,0,0
2025-11-19,Aluva,14,195,0,0,0
2025-11-19,Aluva,15,230,0,0,0
2025-11-19,Aluva,16,194,0,0,0
2025-11-19,Aluva,17,456,0,0,1
2025-11-19,Aluva,18,494,0,0,1
2025-11-19,Aluva,19,523,0,0,1
2025-11-19,Aluva,20,453,0,0,1
2025-11-19,Aluva,21,186,0,0,0
2025-11-19,Aluva,22,190,0,0,0
2025-11-19,Pulinchodu,6,72,0,0,0
2025-11-19,Pulinchodu,7,66,0,0,0
2025-11-19,Pulinchodu,8,205,0,1,0
2025-11-19,Pulinchodu,9,203,0,1,0
2025-11-19,Pulinchodu,10,206,0,1,0
2025-11-19,Pulinchodu,11,84,0,0,0
2025-11-19,Pulinchodu,12,79,0,0,0
2025-11-19,Pulinchodu,13,85,0,0,0
2025-11-19,Pulinchodu,14,84,0,0,0
2025-11-19,Pulinchodu,15,86,0,0,0
2025-11-19,Pulinchodu,16,83,0,0,0
2025-11-19,Pulinchodu,17,210,0,0,1
2025-11-19,Pulinchodu,18,232,0,0,1
2025-11-19,Pulinchodu,19,195,0,0,1
2025-11-19,Pulinchodu,20,199,0,0,1
2025-11-19,Pulinchodu,21,75,0,0,0
2025-11-19,Pulinchodu,22,74,0,0,0
2025-11-19,Companypady,6,79,0,0,0
2025-11-19,Companypady,7,75,0,0,0
2025-11-19,Companypady,8,206,0,1,0
2025-11-19,Companypady,9,205,0,1,0
2025-11-19,Companypady,10,206,0,1,0
2025-11-19,Companypady,11,86,0,0,0
2025-11-19,Companypady,12,82,0,0,0
2025-11-19,Companypady,13,77,0,0,0
2025-11-19,Companypady,14,66,0,0,0
2025-11-19,Companypady,15,86,0,0,0
2025-11-19,Companypady,16,75,0,0,0
2025-11-19,Companypady,17,203,0,0,1
2025-11-19,Companypady,18,209,0,0,1
2025-11-19,Companypady,19,196,0,0,1
2025-11-19,Companypady,20,189,0,0,1
2025-11-19,Companypady,21,83,0,0,0
2025-11-19,Companypady,22,68,0,0,0
2025-11-19,Ambattukavu,6,85,0,0,0
2025-11-19,Ambattukavu,7,72,0,0,0
2025-11-19,Ambattukavu,8,188,0,1,0
2025-11-19,Ambattukavu,9,234,0,1,0
2025-11-19,Ambattukavu,10,195,0,1,0
2025-11-19,Ambattukavu,11,80,0,0,0
2025-11-19,Ambattukavu,12,78,0,0,0
2025-11-19,Ambattukavu,13,73,0,0,0
2025-11-19,Ambattukavu,14,76,0,0,0
2025-11-19,Ambattukavu,15,85,0,0,0
2025-11-19,Ambattukavu,16,72,0,0,0
2025-11-19,Ambattukavu,17,206,0,0,1
2025-11-19,Ambattukavu,18,201,0,0,1
2025-11-19,Ambattukavu,19,188,0,0,1
2025-11-19,Ambattukavu,20,198,0,0,1
2025-11-19,Ambattukavu,21,79,0,0,0
2025-11-19,Ambattukavu,22,71,0,0,0
2025-11-19,Muttom,6,77,0,0,0
2025-11-19,Muttom,7,78,0,0,0
2025-11-19,Muttom,8,209,0,1,0
2025-11-19,Muttom,9,186,0,1,0
2025-11-19,Muttom,10,183,0,1,0
2025-11-19,Muttom,11,81,0,0,0
2025-11-19,Muttom,12,80,0,0,0
2025-11-19,Muttom,13,84,0,0,0
2025-11-19,Muttom,14,87,0,0,0
2025-11-19,Muttom,15,95,0,0,0
2025-11-19,Muttom,16,77,0,0,0
2025-11-19,Muttom,17,204,0,0,1
2025-11-19,Muttom,18,223,0,0,1
2025-11-19,Muttom,19,213,0,0,1
2025-11-19,Muttom,20,202,0,0,1
2025-11-19,Muttom,21,81,0,0,0
2025-11-19,Muttom,22,62,0,0,0
2025-11-19,Kalamassery,6,188,0,0,0
2025-11-19,Kalamassery,7,197,0,0,0
2025-11-19,Kalamassery,8,456,0,1,0
2025-11-19,Kalamassery,9,528,0,1,0
2025-11-19,Kalamassery,10,497,0,1,0
2025-11-19,Kalamassery,11,193,0,0,0
2025-11-19,Kalamassery,12,193,0,0,0
2025-11-19,Kalamassery,13,200,0,0,0
2025-11-19,Kalamassery,14,206,0,0,0
2025-11-19,Kalamassery,15,233,0,0,0
2025-11-19,Kalamassery,16,216,0,0,0
2025-11-19,Kalamassery,17,485,0,0,1
2025-11-19,Kalamassery,18,478,0,0,1
2025-11-19,Kalamassery,19,484,0,0,1
2025-11-19,Kalamassery,20,494,0,0,1
2025-11-19,Kalamassery,21,215,0,0,0
2025-11-19,Kalamassery,22,217,0,0,0
2025-11-19,CUSAT,6,81,0,0,0
2025-11-19,CUSAT,7,80,0,0,0
2025-11-19,CUSAT,8,223,0,1,0
2025-11-19,CUSAT,9,194,0,1,0
2025-11-19,CUSAT,10,201,0,1,0
2025-11-19,CUSAT,11,70,0,0,0
2025-11-19,CUSAT,12,86,0,0,0
2025-11-19,CUSAT,13,77,0,0,0
2025-11-19,CUSAT,14,81,0,0,0
2025-11-19,CUSAT,15,80,0,0,0
2025-11-19,CUSAT,16,81,0,0,0
2025-11-19,CUSAT,17,206,0,0,1
2025-11-19,CUSAT,18,180,0,0,1
2025-11-19,CUSAT,19,194,0,0,1
2025-11-19,CUSAT,20,185,0,0,1
2025-11-19,CUSAT,21,78,0,0,0
2025-11-19,CUSAT,22,71,0,0,0
2025-11-19,Pathadipalam,6,84,0,0,0
2025-11-19,Pathadipalam,7,84,0,0,0
2025-11-19,Pathadipalam,8,172,0,1,0
2025-11-19,Pathadipalam,9,213,0,1,0
2025-11-19,Pathadipalam,10,185,0,1,0
2025-11-19,Pathadipalam,11,82,0,0,0
2025-11-19,Pathadipalam,12,87,0,0,0
2025-11-19,Pathadipalam,13,107,0,0,0
2025-11-19,Pathadipalam,14,77,0,0,0
2025-11-19,Pathadipalam,15,85,0,0,0
2025-11-19,Pathadipalam,16,88,0,0,0
2025-11-19,Pathadipalam,17,207,0,0,1
2025-11-19,Pathadipalam,18,227,0,0,1
2025-11-19,Pathadipalam,19,203,0,0,1
2025-11-19,Pathadipalam,20,208,0,0,1
2025-11-19,Pathadipalam,21,92,0,0,0
2025-11-19,Pathadipalam,22,68,0,0,0
2025-11-19,Edappally,6,174,0,0,0
2025-11-19,Edappally,7,200,0,0,0
2025-11-19,Edappally,8,482,0,1,0
2025-11-19,Edappally,9,482,0,1,0
2025-11-19,Edappally,10,520,0,1,0
2025-11-19,Edappally,11,186,0,0,0
2025-11-19,Edappally,12,205,0,0,0
2025-11-19,Edappally,13,190,0,0,0
2025-11-19,Edappally,14,217,0,0,0
2025-11-19,Edappally,15,183,0,0,0
2025-11-19,Edappally,16,216,0,0,0
2025-11-19,Edappally,17,500,0,0,1
2025-11-19,Edappally,18,537,0,0,1
2025-11-19,Edappally,19,482,0,0,1
2025-11-19,Edappally,20,522,0,0,1
2025-11-19,Edappally,21,179,0,0,0
2025-11-19,Edappally,22,205,0,0,0
2025-11-19,Changampuzha Park,6,103,0,0,0
2025-11-19,Changampuzha Park,7,67,0,0,0
2025-11-19,Changampuzha Park,8,182,0,1,0
2025-11-19,Changampuzha Park,9,206,0,1,0
2025-11-19,Changampuzha Park,10,198,0,1,0
2025-11-19,Changampuzha Park,11,81,0,0,0
2025-11-19,Changampuzha Park,12,78,0,0,0
2025-11-19,Changampuzha Park,13,74,0,0,0
2025-11-19,Changampuzha Park,14,84,0,0,0
2025-11-19,Changampuzha Park,15,64,0,0,0
2025-11-19,Changampuzha Park,16,60,0,0,0
2025-11-19,Changampuzha Park,17,202,0,0,1
2025-11-19,Changampuzha Park,18,214,0,0,1
2025-11-19,Changampuzha Park,19,210,0,0,1
2025-11-19,Changampuzha Park,20,185,0,0,1
2025-11-19,Changampuzha Park,21,76,0,0,0
2025-11-19,Changampuzha Park,22,83,0,0,0
2025-11-19,Palarivattom,6,76,0,0,0
2025-11-19,Palarivattom,7,86,0,0,0
2025-11-19,Palarivattom,8,178,0,1,0
2025-11-19,Palarivattom,9,206,0,1,0
2025-11-19,Palarivattom,10,208,0,1,0
2025-11-19,Palarivattom,11,78,0,0,0
2025-11-19,Palarivattom,12,89,0,0,0
2025-11-19,Palarivattom,13,70,0,0,0
2025-11-19,Palarivattom,14,87,0,0,0
2025-11-19,Palarivattom,15,85,0,0,0
2025-11-19,Palarivattom,16,81,0,0,0
2025-11-19,Palarivattom,17,205,0,0,1
2025-11-19,Palarivattom,18,219,0,0,1
2025-11-19,Palarivattom,19,199,0,0,1
2025-11-19,Palarivattom,20,184,0,0,1
2025-11-19,Palarivattom,21,59,0,0,0
2025-11-19,Palarivattom,22,70,0,0,0
2025-11-19,JLN Stadium,6,86,0,0,0
2025-11-19,JLN Stadium,7,62,0,0,0
2025-11-19,JLN Stadium,8,204,0,1,0
2025-11-19,JLN Stadium,9,197,0,1,0
2025-11-19,JLN Stadium,10,189,0,1,0
2025-11-19,JLN Stadium,11,69,0,0,0
2025-11-19,JLN Stadium,12,74,0,0,0
2025-11-19,JLN Stadium,13,90,0,0,0
2025-11-19,JLN Stadium,14,86,0,0,0
2025-11-19,JLN Stadium,15,78,0,0,0
2025-11-19,JLN Stadium,16,73,0,0,0
2025-11-19,JLN Stadium,17,211,0,0,1
2025-11-19,JLN Stadium,18,194,0,0,1
2025-11-19,JLN Stadium,19,181,0,0,1
2025-11-19,JLN Stadium,20,200,0,0,1
2025-11-19,JLN Stadium,21,71,0,0,0
2025-11-19,JLN Stadium,22,83,0,0,0
2025-11-19,Kaloor Town Hall,6,84,0,0,0
2025-11-19,Kaloor Town Hall,7,72,0,0,0
2025-11-19,Kaloor Town Hall,8,178,0,1,0
2025-11-19,Kaloor Town Hall,9,204,0,1,0
2025-11-19,Kaloor Town Hall,10,201,0,1,0
2025-11-19,Kaloor Town Hall,11,92,0,0,0
2025-11-19,Kaloor Town Hall,12,82,0,0,0
2025-11-19,Kaloor Town Hall,13,74,0,0,0
2025-11-19,Kaloor Town Hall,14,80,0,0,0
2025-11-19,Kaloor Town Hall,15,79,0,0,0
2025-11-19,Kaloor Town Hall,16,97,0,0,0
2025-11-19,Kaloor Town Hall,17,213,0,0,1
2025-11-19,Kaloor Town Hall,18,207,0,0,1
2025-11-19,Kaloor Town Hall,19,194,0,0,1
2025-11-19,Kaloor Town Hall,20,199,0,0,1
2025-11-19,Kaloor Town Hall,21,85,0,0,0
2025-11-19,Kaloor Town Hall,22,83,0,0,0
2025-11-19,MG Road,6,188,0,0,0
2025-11-19,MG Road,7,225,0,0,0
2025-11-19,MG Road,8,468,0,1,0
2025-11-19,MG Road,9,517,0,1,0
2025-11-19,MG Road,10,512,0,1,0
2025-11-19,MG Road,11,208,0,0,0
2025-11-19,MG Road,12,200,0,0,0
2025-11-19,MG Road,13,211,0,0,0
2025-11-19,MG Road,14,198,0,0,0
2025-11-19,MG Road,15,226,0,0,0
2025-11-19,MG Road,16,219,0,0,0
2025-11-19,MG Road,17,501,0,0,1
2025-11-19,MG Road,18,479,0,0,1
2025-11-19,MG Road,19,494,0,0,1
2025-11-19,MG Road,20,460,0,0,1
2025-11-19,MG Road,21,184,0,0,0
2025-11-19,MG Road,22,188,0,0,0
2025-11-19,Maharaja's College,6,80,0,0,0
2025-11-19,Maharaja's College,7,68,0,0,0
2025-11-19,Maharaja's College,8,200,0,1,0
2025-11-19,Maharaja's College,9,198,0,1,0
2025-11-19,Maharaja's College,10,195,0,1,0
2025-11-19,Maharaja's College,11,71,0,0,0
2025-11-19,Maharaja's College,12,76,0,0,0
2025-11-19,Maharaja's College,13,83,0,0,0
2025-11-19,Maharaja's College,14,74,0,0,0
2025-11-19,Maharaja's College,15,75,0,0,0
2025-11-19,Maharaja's College,16,83,0,0,0
2025-11-19,Maharaja's College,17,199,0,0,1
2025-11-19,Maharaja's College,18,186,0,0,1
2025-11-19,Maharaja's College,19,185,0,0,1
2025-11-19,Maharaja's College,20,191,0,0,1
2025-11-19,Maharaja's College,21,68,0,0,0
2025-11-19,Maharaja's College,22,92,0,0,0
2025-11-19,Ernakulam South,6,199,0,0,0
2025-11-19,Ernakulam South,7,197,0,0,0
2025-11-19,Ernakulam South,8,512,0,1,0
2025-11-19,Ernakulam South,9,529,0,1,0
2025-11-19,Ernakulam South,10,453,0,1,0
2025-11-19,Ernakulam South,11,195,0,0,0
2025-11-19,Ernakulam South,12,206,0,0,0
2025-11-19,Ernakulam South,13,196,0,0,0
2025-11-19,Ernakulam South,14,191,0,0,0
2025-11-19,Ernakulam South,15,201,0,0,0
2025-11-19,Ernakulam South,16,204,0,0,0
2025-11-19,Ernakulam South,17,477,0,0,1
2025-11-19,Ernakulam South,18,521,0,0,1
2025-11-19,Ernakulam South,19,490,0,0,1
2025-11-19,Ernakulam South,20,504,0,0,1
2025-11-19,Ernakulam South,21,189,0,0,0
2025-11-19,Ernakulam South,22,201,0,0,0
2025-11-19,Kadavanthra,6,86,0,0,0
2025-11-19,Kadavanthra,7,95,0,0,0
2025-11-19,Kadavanthra,8,202,0,1,0
2025-11-19,Kadavanthra,9,205,0,1,0
2025-11-19,Kadavanthra,10,188,0,1,0
2025-11-19,Kadavanthra,11,59,0,0,0
2025-11-19,Kadavanthra,12,83,0,0,0
2025-11-19,Kadavanthra,13,75,0,0,0
2025-11-19,Kadavanthra,14,76,0,0,0
2025-11-19,Kadavanthra,15,77,0,0,0
2025-11-19,Kadavanthra,16,86,0,0,0
2025-11-19,Kadavanthra,17,192,0,0,1
2025-11-19,Kadavanthra,18,210,0,0,1
2025-11-19,Kadavanthra,19,209,0,0,1
2025-11-19,Kadavanthra,20,216,0,0,1
2025-11-19,Kadavanthra,21,88,0,0,0
2025-11-19,Kadavanthra,22,79,0,0,0
2025-11-19,Elamkulam,6,83,0,0,0
2025-11-19,Elamkulam,7,84,0,0,0
2025-11-19,Elamkulam,8,231,0,1,0
2025-11-19,Elamkulam,9,201,0,1,0
2025-11-19,Elamkulam,10,209,0,1,0
2025-11-19,Elamkulam,11,70,0,0,0
2025-11-19,Elamkulam,12,80,0,0,0
2025-11-19,Elamkulam,13,84,0,0,0
2025-11-19,Elamkulam,14,82,0,0,0
2025-11-19,Elamkulam,15,74,0,0,0
2025-11-19,Elamkulam,16,68,0,0,0
2025-11-19,Elamkulam,17,220,0,0,1
2025-11-19,Elamkulam,18,188,0,0,1
2025-11-19,Elamkulam,19,220,0,0,1
2025-11-19,Elamkulam,20,197,0,0,1
2025-11-19,Elamkulam,21,68,0,0,0
2025-11-19,Elamkulam,22,67,0,0,0
2025-11-19,Vyttila,6,77,0,0,0
2025-11-19,Vyttila,7,74,0,0,0
2025-11-19,Vyttila,8,213,0,1,0
2025-11-19,Vyttila,9,195,0,1,0
2025-11-19,Vyttila,10,219,0,1,0
2025-11-19,Vyttila,11,80,0,0,0
2025-11-19,Vyttila,12,79,0,0,0
2025-11-19,Vyttila,13,83,0,0,0
2025-11-19,Vyttila,14,86,0,0,0
2025-11-19,Vyttila,15,93,0,0,0
2025-11-19,Vyttila,16,77,0,0,0
2025-11-19,Vyttila,17,180,0,0,1
2025-11-19,Vyttila,18,185,0,0,1
2025-11-19,Vyttila,19,197,0,0,1
2025-11-19,Vyttila,20,192,0,0,1
2025-11-19,Vyttila,21,94,0,0,0
2025-11-19,Vyttila,22,94,0,0,0
2025-11-19,Thaikoodam,6,76,0,0,0
2025-11-19,Thaikoodam,7,90,0,0,0
2025-11-19,Thaikoodam,8,193,0,1,0
2025-11-19,Thaikoodam,9,188,0,1,0
2025-11-19,Thaikoodam,10,206,0,1,0
2025-11-19,Thaikoodam,11,69,0,0,0
2025-11-19,Thaikoodam,12,77,0,0,0
2025-11-19,Thaikoodam,13,72,0,0,0
2025-11-19,Thaikoodam,14,77,0,0,0
2025-11-19,Thaikoodam,15,75,0,0,0
2025-11-19,Thaikoodam,16,85,0,0,0
2025-11-19,Thaikoodam,17,197,0,0,1
2025-11-19,Thaikoodam,18,193,0,0,1
2025-11-19,Thaikoodam,19,199,0,0,1
2025-11-19,Thaikoodam,20,197,0,0,1
2025-11-19,Thaikoodam,21,83,0,0,0
2025-11-19,Thaikoodam,22,83,0,0,0
2025-11-19,Petta,6,78,0,0,0
2025-11-19,Petta,7,84,0,0,0
2025-11-19,Petta,8,207,0,1,0
2025-11-19,Petta,9,201,0,1,0
2025-11-19,Petta,10,177,0,1,0
2025-11-19,Petta,11,93,0,0,0
2025-11-19,Petta,12,76,0,0,0
2025-11-19,Petta,13,83,0,0,0
2025-11-19,Petta,14,75,0,0,0
2025-11-19,Petta,15,74,0,0,0
2025-11-19,Petta,16,72,0,0,0
2025-11-19,Petta,17,217,0,0,1
2025-11-19,Petta,18,192,0,0,1
2025-11-19,Petta,19,191,0,0,1
2025-11-19,Petta,20,214,0,0,1
2025-11-19,Petta,21,55,0,0,0
2025-11-19,Petta,22,69,0,0,0
2025-11-19,Vadakkekotta,6,105,0,0,0
2025-11-19,Vadakkekotta,7,83,0,0,0
2025-11-19,Vadakkekotta,8,206,0,1,0
2025-11-19,Vadakkekotta,9,179,0,1,0
2025-11-19,Vadakkekotta,10,194,0,1,0
2025-11-19,Vadakkekotta,11,86,0,0,0
2025-11-19,Vadakkekotta,12,88,0,0,0
2025-11-19,Vadakkekotta,13,82,0,0,0
2025-11-19,Vadakkekotta,14,74,0,0,0
2025-11-19,Vadakkekotta,15,83,0,0,0
2025-11-19,Vadakkekotta,16,74,0,0,0
2025-11-19,Vadakkekotta,17,222,0,0,1
2025-11-19,Vadakkekotta,18,201,0,0,1
2025-11-19,Vadakkekotta,19,216,0,0,1
2025-11-19,Vadakkekotta,20,201,0,0,1
2025-11-19,Vadakkekotta,21,83,0,0,0
2025-11-19,Vadakkekotta,22,86,0,0,0
2025-11-19,SN Junction,6,79,0,0,0
2025-11-19,SN Junction,7,74,0,0,0
2025-11-19,SN Junction,8,221,0,1,0
2025-11-19,SN Junction,9,186,0,1,0
2025-11-19,SN Junction,10,190,0,1,0
2025-11-19,SN Junction,11,87,0,0,0
2025-11-19,SN Junction,12,91,0,0,0
2025-11-19,SN Junction,13,73,0,0,0
2025-11-19,SN Junction,14,72,0,0,0
2025-11-19,SN Junction,15,78,0,0,0
2025-11-19,SN Junction,16,78,0,0,0
2025-11-19,SN Junction,17,191,0,0,1
2025-11-19,SN Junction,18,207,0,0,1
2025-11-19,SN Junction,19,223,0,0,1
2025-11-19,SN Junction,20,216,0,0,1
2025-11-19,SN Junction,21,68,0,0,0
2025-11-19,SN Junction,22,76,0,0,0
2025-11-19,Tripunithura Terminal,6,73,0,0,0
2025-11-19,Tripunithura Terminal,7,88,0,0,0
2025-11-19,Tripunithura Terminal,8,192,0,1,0
2025-11-19,Tripunithura Terminal,9,210,0,1,0
2025-11-19,Tripunithura Terminal,10,218,0,1,0
2025-11-19,Tripunithura Terminal,11,75,0,0,0
2025-11-19,Tripunithura Terminal,12,80,0,0,0
2025-11-19,Tripunithura Terminal,13,95,0,0,0
2025-11-19,Tripunithura Terminal,14,80,0,0,0
2025-11-19,Tripunithura Terminal,15,72,0,0,0
2025-11-19,Tripunithura Terminal,16,71,0,0,0
2025-11-19,Tripunithura Terminal,17,197,0,0,1
2025-11-19,Tripunithura Terminal,18,192,0,0,1
2025-11-19,Tripunithura Terminal,19,216,0,0,1
2025-11-19,Tripunithura Terminal,20,178,0,0,1
2025-11-19,Tripunithura Terminal,21,78,0,0,0
2025-11-19,Tripunithura Terminal,22,74,0,0,0
2025-11-26,Aluva,6,235,0,0,0
2025-11-26,Aluva,7,212,0,0,0
2025-11-26,Aluva,8,521,0,1,0
2025-11-26,Aluva,9,482,0,1,0
2025-11-26,Aluva,10,509,0,1,0
2025-11-26,Aluva,11,201,0,0,0
2025-11-26,Aluva,12,227,0,0,0
2025-11-26,Aluva,13,182,0,0,0
2025-11-26,Aluva,14,241,0,0,0
2025-11-26,Aluva,15,205,0,0,0
2025-11-26,Aluva,16,190,0,0,0
2025-11-26,Aluva,17,467,0,0,1
2025-11-26,Aluva,18,477,0,0,1
2025-11-26,Aluva,19,498,0,0,1
2025-11-26,Aluva,20,517,0,0,1
2025-11-26,Aluva,21,188,0,0,0
2025-11-26,Aluva,22,210,0,0,0
2025-11-26,Pulinchodu,6,73,0,0,0
2025-11-26,Pulinchodu,7,82,0,0,0
2025-11-26,Pulinchodu,8,194,0,1,0
2025-11-26,Pulinchodu,9,215,0,1,0
2025-11-26,Pulinchodu,10,181,0,1,0
2025-11-26,Pulinchodu,11,75,0,0,0
2025-11-26,Pulinchodu,12,88,0,0,0
2025-11-26,Pulinchodu,13,101,0,0,0
2025-11-26,Pulinchodu,14,71,0,0,0
2025-11-26,Pulinchodu,15,73,0,0,0
2025-11-26,Pulinchodu,16,90,0,0,0
2025-11-26,Pulinchodu,17,191,0,0,1
2025-11-26,Pulinchodu,18,183,0,0,1
2025-11-26,Pulinchodu,19,202,0,0,1
2025-11-26,Pulinchodu,20,211,0,0,1
2025-11-26,Pulinchodu,21,73,0,0,0
2025-11-26,Pulinchodu,22,88,0,0,0
2025-11-26,Companypady,6,95,0,0,0
2025-11-26,Companypady,7,78,0,0,0
2025-11-26,Companypady,8,226,0,1,0
2025-11-26,Companypady,9,212,0,1,0
2025-11-26,Companypady,10,202,0,1,0
2025-11-26,Companypady,11,65,0,0,0
2025-11-26,Companypady,12,72,0,0,0
2025-11-26,Companypady,13,67,0,0,0
2025-11-26,Companypady,14,95,0,0,0
2025-11-26,Companypady,15,84,0,0,0
2025-11-26,Companypady,16,77,0,0,0
2025-11-26,Companypady,17,209,0,0,1
2025-11-26,Companypady,18,209,0,0,1
2025-11-26,Companypady,19,209,0,0,1
2025-11-26,Companypady,20,208,0,0,1
2025-11-26,Companypady,21,73,0,0,0
2025-11-26,Companypady,22,81,0,0,0
2025-11-26,Ambattukavu,6,82,0,0,0
2025-11-26,Ambattukavu,7,76,0,0,0
2025-11-26,Ambattukavu,8,215,0,1,0
2025-11-26,Ambattukavu,9,208,0,1,0
2025-11-26,Ambattukavu,10,226,0,1,0
2025-11-26,Ambattukavu,11,72,0,0,0
2025-11-26,Ambattukavu,12,96,0,0,0
2025-11-26,Ambattukavu,13,85,0,0,0
2025-11-26,Ambattukavu,14,70,0,0,0
2025-11-26,Ambattukavu,15,74,0,0,0
2025-11-26,Ambattukavu,16,75,0,0,0
2025-11-26,Ambattukavu,17,201,0,0,1
2025-11-26,Ambattukavu,18,194,0,0,1
2025-11-26,Ambattukavu,19,165,0,0,1
2025-11-26,Ambattukavu,20,187,0,0,1
2025-11-26,Ambattukavu,21,76,0,0,0
2025-11-26,Ambattukavu,22,80,0,0,0
2025-11-26,Muttom,6,90,0,0,0
2025-11-26,Muttom,7,67,0,0,0
2025-11-26,Muttom,8,186,0,1,0
2025-11-26,Muttom,9,205,0,1,0
2025-11-26,Muttom,10,191,0,1,0
2025-11-26,Muttom,11,89,0,0,0
2025-11-26,Muttom,12,79,0,0,0
2025-11-26,Muttom,13,80,0,0,0
2025-11-26,Muttom,14,86,0,0,0
2025-11-26,Muttom,15,70,0,0,0
2025-11-26,Muttom,16,77,0,0,0
2025-11-26,Muttom,17,210,0,0,1
2025-11-26,Muttom,18,197,0,0,1
2025-11-26,Muttom,19,187,0,0,1
2025-11-26,Muttom,20,204,0,0,1
2025-11-26,Muttom,21,79,0,0,0
2025-11-26,Muttom,22,97,0,0,0
2025-11-26,Kalamassery,6,208,0,0,0
2025-11-26,Kalamassery,7,208,0,0,0
2025-11-26,Kalamassery,8,510,0,1,0
2025-11-26,Kalamassery,9,507,0,1,0
2025-11-26,Kalamassery,10,520,0,1,0
2025-11-26,Kalamassery,11,217,0,0,0
2025-11-26,Kalamassery,12,218,0,0,0
2025-11-26,Kalamassery,13,195,0,0,0
2025-11-26,Kalamassery,14,208,0,0,0
2025-11-26,Kalamassery,15,206,0,0,0
2025-11-26,Kalamassery,16,191,0,0,0
2025-11-26,Kalamassery,17,484,0,0,1
2025-11-26,Kalamassery,18,474,0,0,1
2025-11-26,Kalamassery,19,548,0,0,1
2025-11-26,Kalamassery,20,500,0,0,1
2025-11-26,Kalamassery,21,195,0,0,0
2025-11-26,Kalamassery,22,209,0,0,0
2025-11-26,CUSAT,6,81,0,0,0
2025-11-26,CUSAT,7,88,0,0,0
2025-11-26,CUSAT,8,198,0,1,0
2025-11-26,CUSAT,9,209,0,1,0
2025-11-26,CUSAT,10,189,0,1,0
2025-11-26,CUSAT,11,81,0,0,0
2025-11-26,CUSAT,12,71,0,0,0
2025-11-26,CUSAT,13,79,0,0,0
2025-11-26,CUSAT,14,75,0,0,0
2025-11-26,CUSAT,15,71,0,0,0
2025-11-26,CUSAT,16,76,0,0,0
2025-11-26,CUSAT,17,198,0,0,1
2025-11-26,CUSAT,18,199,0,0,1
2025-11-26,CUSAT,19,201,0,0,1
2025-11-26,CUSAT,20,185,0,0,1
2025-11-26,CUSAT,21,69,0,0,0
2025-11-26,CUSAT,22,56,0,0,0
2025-11-26,Pathadipalam,6,78,0,0,0
2025-11-26,Pathadipalam,7,67,0,0,0
2025-11-26,Pathadipalam,8,170,0,1,0
2025-11-26,Pathadipalam,9,188,0,1,0
2025-11-26,Pathadipalam,10,189,0,1,0
2025-11-26,Pathadipalam,11,74,0,0,0
2025-11-26,Pathadipalam,12,89,0,0,0
2025-11-26,Pathadipalam,13,82,0,0,0
2025-11-26,Pathadipalam,14,94,0,0,0
2025-11-26,Pathadipalam,15,62,0,0,0
2025-11-26,Pathadipalam,16,82,0,0,0
2025-11-26,Pathadipalam,17,215,0,0,1
2025-11-26,Pathadipalam,18,177,0,0,1
2025-11-26,Pathadipalam,19,209,0,0,1
2025-11-26,Pathadipalam,20,180,0,0,1
2025-11-26,Pathadipalam,21,96,0,0,0
2025-11-26,Pathadipalam,22,69,0,0,0
2025-11-26,Edappally,6,165,0,0,0
2025-11-26,Edappally,7,209,0,0,0
2025-11-26,Edappally,8,506,0,1,0
2025-11-26,Edappally,9,473,0,1,0
2025-11-26,Edappally,10,452,0,1,0
2025-11-26,Edappally,11,219,0,0,0
2025-11-26,Edappally,12,195,0,0,0
2025-11-26,Edappally,13,209,0,0,0
2025-11-26,Edappally,14,205,0,0,0
2025-11-26,Edappally,15,222,0,0,0
2025-11-26,Edappally,16,193,0,0,0
2025-11-26,Edappally,17,488,0,0,1
2025-11-26,Edappally,18,485,0,0,1
2025-11-26,Edappally,19,496,0,0,1
2025-11-26,Edappally,20,529,0,0,1
2025-11-26,Edappally,21,195,0,0,0
2025-11-26,Edappally,22,206,0,0,0
2025-11-26,Changampuzha Park,6,74,0,0,0
2025-11-26,Changampuzha Park,7,90,0,0,0
2025-11-26,Changampuzha Park,8,204,0,1,0
2025-11-26,Changampuzha Park,9,184,0,1,0
2025-11-26,Changampuzha Park,10,206,0,1,0
2025-11-26,Changampuzha Park,11,73,0,0,0
2025-11-26,Changampuzha Park,12,81,0,0,0
2025-11-26,Changampuzha Park,13,64,0,0,0
2025-11-26,Changampuzha Park,14,79,0,0,0
2025-11-26,Changampuzha Park,15,80,0,0,0
2025-11-26,Changampuzha Park,16,77,0,0,0
2025-11-26,Changampuzha Park,17,186,0,0,1
2025-11-26,Changampuzha Park,18,190,0,0,1
2025-11-26,Changampuzha Park,19,186,0,0,1
2025-11-26,Changampuzha Park,20,190,0,0,1
2025-11-26,Changampuzha Park,21,59,0,0,0
2025-11-26,Changampuzha Park,22,67,0,0,0
2025-11-26,Palarivattom,6,77,0,0,0
2025-11-26,Palarivattom,7,85,0,0,0
2025-11-26,Palarivattom,8,211,0,1,0
2025-11-26,Palarivattom,9,205,0,1,0
2025-11-26,Palarivattom,10,187,0,1,0
2025-11-26,Palarivattom,11,90,0,0,0
2025-11-26,Palarivattom,12,90,0,0,0
2025-11-26,Palarivattom,13,87,0,0,0
2025-11-26,Palarivattom,14,87,0,0,0
2025-11-26,Palarivattom,15,72,0,0,0
2025-11-26,Palarivattom,16,81,0,0,0
2025-11-26,Palarivattom,17,191,0,0,1
2025-11-26,Palarivattom,18,196,0,0,1
2025-11-26,Palarivattom,19,204,0,0,1
2025-11-26,Palarivattom,20,219,0,0,1
2025-11-26,Palarivattom,21,74,0,0,0
2025-11-26,Palarivattom,22,75,0,0,0
2025-11-26,JLN Stadium,6,91,0,0,0
2025-11-26,JLN Stadium,7,72,0,0,0
2025-11-26,JLN Stadium,8,210,0,1,0
2025-11-26,JLN Stadium,9,188,0,1,0
2025-11-26,JLN Stadium,10,203,0,1,0
2025-11-26,JLN Stadium,11,76,0,0,0
2025-11-26,JLN Stadium,12,80,0,0,0
2025-11-26,JLN Stadium,13,89,0,0,0
2025-11-26,JLN Stadium,14,77,0,0,0
2025-11-26,JLN Stadium,15,54,0,0,0
2025-11-26,JLN Stadium,16,95,0,0,0
2025-11-26,JLN Stadium,17,198,0,0,1
2025-11-26,JLN Stadium,18,213,0,0,1
2025-11-26,JLN Stadium,19,201,0,0,1
2025-11-26,JLN Stadium,20,191,0,0,1
2025-11-26,JLN Stadium,21,83,0,0,0
2025-11-26,JLN Stadium,22,90,0,0,0
2025-11-26,Kaloor Town Hall,6,95,0,0,0
2025-11-26,Kaloor Town Hall,7,68,0,0,0
2025-11-26,Kaloor Town Hall,8,171,0,1,0
2025-11-26,Kaloor Town Hall,9,205,0,1,0
2025-11-26,Kaloor Town Hall,10,183,0,1,0
2025-11-26,Kaloor Town Hall,11,77,0,0,0
2025-11-26,Kaloor Town Hall,12,98,0,0,0
2025-11-26,Kaloor Town Hall,13,88,0,0,0
2025-11-26,Kaloor Town Hall,14,88,0,0,0
2025-11-26,Kaloor Town Hall,15,78,0,0,0
2025-11-26,Kaloor Town Hall,16,76,0,0,0
2025-11-26,Kaloor Town Hall,17,214,0,0,1
2025-11-26,Kaloor Town Hall,18,174,0,0,1
2025-11-26,Kaloor Town Hall,19,192,0,0,1
2025-11-26,Kaloor Town Hall,20,190,0,0,1
2025-11-26,Kaloor Town Hall,21,76,0,0,0
2025-11-26,Kaloor Town Hall,22,80,0,0,0
2025-11-26,MG Road,6,181,0,0,0
2025-11-26,MG Road,7,192,0,0,0
2025-11-26,MG Road,8,474,0,1,0
2025-11-26,MG Road,9,502,0,1,0
2025-11-26,MG Road,10,503,0,1,0
2025-11-26,MG Road,11,208,0,0,0
2025-11-26,MG Road,12,216,0,0,0
2025-11-26,MG Road,13,202,0,0,0
2025-11-26,MG Road,14,247,0,0,0
2025-11-26,MG Road,15,202,0,0,0
2025-11-26,MG Road,16,210,0,0,0
2025-11-26,MG Road,17,494,0,0,1
2025-11-26,MG Road,18,470,0,0,1
2025-11-26,MG Road,19,490,0,0,1
2025-11-26,MG Road,20,548,0,0,1
2025-11-26,MG Road,21,187,0,0,0
2025-11-26,MG Road,22,197,0,0,0
2025-11-26,Maharaja's College,6,75,0,0,0
2025-11-26,Maharaja's College,7,77,0,0,0
2025-11-26,Maharaja's College,8,205,0,1,0
2025-11-26,Maharaja's College,9,171,0,1,0
2025-11-26,Maharaja's College,10,190,0,1,0
2025-11-26,Maharaja's College,11,93,0,0,0
2025-11-26,Maharaja's College,12,82,0,0,0
2025-11-26,Maharaja's College,13,79,0,0,0
2025-11-26,Maharaja's College,14,83,0,0,0
2025-11-26,Maharaja's College,15,70,0,0,0
2025-11-26,Maharaja's College,16,76,0,0,0
2025-11-26,Maharaja's College,17,198,0,0,1
2025-11-26,Maharaja's College,18,195,0,0,1
2025-11-26,Maharaja's College,19,187,0,0,1
2025-11-26,Maharaja's College,20,194,0,0,1
2025-11-26,Maharaja's College,21,66,0,0,0
2025-11-26,Maharaja's College,22,87,0,0,0
2025-11-26,Ernakulam South,6,197,0,0,0
2025-11-26,Ernakulam South,7,214,0,0,0
2025-11-26,Ernakulam South,8,521,0,1,0
2025-11-26,Ernakulam South,9,493,0,1,0
2025-11-26,Ernakulam South,10,498,0,1,0
2025-11-26,Ernakulam South,11,203,0,0,0
2025-11-26,Ernakulam South,12,202,0,0,0
2025-11-26,Ernakulam South,13,198,0,0,0
2025-11-26,Ernakulam South,14,206,0,0,0
2025-11-26,Ernakulam South,15,192,0,0,0
2025-11-26,Ernakulam South,16,185,0,0,0
2025-11-26,Ernakulam South,17,503,0,0,1
2025-11-26,Ernakulam South,18,524,0,0,1
2025-11-26,Ernakulam South,19,522,0,0,1
2025-11-26,Ernakulam South,20,509,0,0,1
2025-11-26,Ernakulam South,21,217,0,0,0
2025-11-26,Ernakulam South,22,206,0,0,0
2025-11-26,Kadavanthra,6,79,0,0,0
2025-11-26,Kadavanthra,7,62,0,0,0
2025-11-26,Kadavanthra,8,177,0,1,0
2025-11-26,Kadavanthra,9,179,0,1,0
2025-11-26,Kadavanthra,10,171,0,1,0
2025-11-26,Kadavanthra,11,65,0,0,0
2025-11-26,Kadavanthra,12,86,0,0,0
2025-11-26,Kadavanthra,13,63,0,0,0
2025-11-26,Kadavanthra,14,83,0,0,0
2025-11-26,Kadavanthra,15,81,0,0,0
2025-11-26,Kadavanthra,16,84,0,0,0
2025-11-26,Kadavanthra,17,199,0,0,1
2025-11-26,Kadavanthra,18,194,0,0,1
2025-11-26,Kadavanthra,19,198,0,0,1
2025-11-26,Kadavanthra,20,199,0,0,1
2025-11-26,Kadavanthra,21,89,0,0,0
2025-11-26,Kadavanthra,22,82,0,0,0
2025-11-26,Elamkulam,6,84,0,0,0
2025-11-26,Elamkulam,7,73,0,0,0
2025-11-26,Elamkulam,8,201,0,1,0
2025-11-26,Elamkulam,9,189,0,1,0
2025-11-26,Elamkulam,10,165,0,1,0
2025-11-26,Elamkulam,11,84,0,0,0
2025-11-26,Elamkulam,12,73,0,0,0
2025-11-26,Elamkulam,13,71,0,0,0
2025-11-26,Elamkulam,14,75,0,0,0
2025-11-26,Elamkulam,15,76,0,0,0
2025-11-26,Elamkulam,16,69,0,0,0
2025-11-26,Elamkulam,17,207,0,0,1
2025-11-26,Elamkulam,18,177,0,0,1
2025-11-26,Elamkulam,19,231,0,0,1
2025-11-26,Elamkulam,20,216,0,0,1
2025-11-26,Elamkulam,21,100,0,0,0
2025-11-26,Elamkulam,22,86,0,0,0
2025-11-26,Vyttila,6,63,0,0,0
2025-11-26,Vyttila,7,82,0,0,0
2025-11-26,Vyttila,8,196,0,1,0
2025-11-26,Vyttila,9,210,0,1,0
2025-11-26,Vyttila,10,188,0,1,0
2025-11-26,Vyttila,11,67,0,0,0
2025-11-26,Vyttila,12,93,0,0,0
2025-11-26,Vyttila,13,77,0,0,0
2025-11-26,Vyttila,14,72,0,0,0
2025-11-26,Vyttila,15,69,0,0,0
2025-11-26,Vyttila,16,82,0,0,0
2025-11-26,Vyttila,17,194,0,0,1
2025-11-26,Vyttila,18,191,0,0,1
2025-11-26,Vyttila,19,199,0,0,1
2025-11-26,Vyttila,20,242,0,0,1
2025-11-26,Vyttila,21,76,0,0,0
2025-11-26,Vyttila,22,92,0,0,0
2025-11-26,Thaikoodam,6,86,0,0,0
2025-11-26,Thaikoodam,7,77,0,0,0
2025-11-26,Thaikoodam,8,198,0,1,0
2025-11-26,Thaikoodam,9,212,0,1,0
2025-11-26,Thaikoodam,10,212,0,1,0
2025-11-26,Thaikoodam,11,78,0,0,0
2025-11-26,Thaikoodam,12,86,0,0,0
2025-11-26,Thaikoodam,13,69,0,0,0
2025-11-26,Thaikoodam,14,71,0,0,0
2025-11-26,Thaikoodam,15,91,0,0,0
2025-11-26,Thaikoodam,16,79,0,0,0
2025-11-26,Thaikoodam,17,188,0,0,1
2025-11-26,Thaikoodam,18,208,0,0,1
2025-11-26,Thaikoodam,19,191,0,0,1
2025-11-26,Thaikoodam,20,220,0,0,1
2025-11-26,Thaikoodam,21,64,0,0,0
2025-11-26,Thaikoodam,22,90,0,0,0
2025-11-26,Petta,6,75,0,0,0
2025-11-26,Petta,7,70,0,0,0
2025-11-26,Petta,8,198,0,1,0
2025-11-26,Petta,9,185,0,1,0
2025-11-26,Petta,10,215,0,1,0
2025-11-26,Petta,11,82,0,0,0
2025-11-26,Petta,12,89,0,0,0
2025-11-26,Petta,13,79,0,0,0
2025-11-26,Petta,14,94,0,0,0
2025-11-26,Petta,15,78,0,0,0
2025-11-26,Petta,16,84,0,0,0
2025-11-26,Petta,17,192,0,0,1
2025-11-26,Petta,18,203,0,0,1
2025-11-26,Petta,19,196,0,0,1
2025-11-26,Petta,20,183,0,0,1
2025-11-26,Petta,21,82,0,0,0
2025-11-26,Petta,22,82,0,0,0
2025-11-26,Vadakkekotta,6,78,0,0,0
2025-11-26,Vadakkekotta,7,86,0,0,0
2025-11-26,Vadakkekotta,8,209,0,1,0
2025-11-26,Vadakkekotta,9,209,0,1,0
2025-11-26,Vadakkekotta,10,202,0,1,0
2025-11-26,Vadakkekotta,11,78,0,0,0
2025-11-26,Vadakkekotta,12,77,0,0,0
2025-11-26,Vadakkekotta,13,65,0,0,0
2025-11-26,Vadakkekotta,14,61,0,0,0
2025-11-26,Vadakkekotta,15,84,0,0,0
2025-11-26,Vadakkekotta,16,64,0,0,0
2025-11-26,Vadakkekotta,17,209,0,0,1
2025-11-26,Vadakkekotta,18,191,0,0,1
2025-11-26,Vadakkekotta,19,187,0,0,1
2025-11-26,Vadakkekotta,20,209,0,0,1
2025-11-26,Vadakkekotta,21,89,0,0,0
2025-11-26,Vadakkekotta,22,75,0,0,0
2025-11-26,SN Junction,6,89,0,0,0
2025-11-26,SN Junction,7,85,0,0,0
2025-11-26,SN Junction,8,190,0,1,0
2025-11-26,SN Junction,9,219,0,1,0
2025-11-26,SN Junction,10,192,0,1,0
2025-11-26,SN Junction,11,91,0,0,0
2025-11-26,SN Junction,12,77,0,0,0
2025-11-26,SN Junction,13,64,0,0,0
2025-11-26,SN Junction,14,85,0,0,0
2025-11-26,SN Junction,15,77,0,0,0
2025-11-26,SN Junction,16,71,0,0,0
2025-11-26,SN Junction,17,221,0,0,1
2025-11-26,SN Junction,18,189,0,0,1
2025-11-26,SN Junction,19,187,0,0,1
2025-11-26,SN Junction,20,205,0,0,1
2025-11-26,SN Junction,21,70,0,0,0
2025-11-26,SN Junction,22,84,0,0,0
2025-11-26,Tripunithura Terminal,6,81,0,0,0
2025-11-26,Tripunithura Terminal,7,72,0,0,0
2025-11-26,Tripunithura Terminal,8,208,0,1,0
2025-11-26,Tripunithura Terminal,9,195,0,1,0
2025-11-26,Tripunithura Terminal,10,205,0,1,0
2025-11-26,Tripunithura Terminal,11,79,0,0,0
2025-11-26,Tripunithura Terminal,12,75,0,0,0
2025-11-26,Tripunithura Terminal,13,68,0,0,0
2025-11-26,Tripunithura Terminal,14,90,0,0,0
2025-11-26,Tripunithura Terminal,15,77,0,0,0
2025-11-26,Tripunithura Terminal,16,87,0,0,0
2025-11-26,Tripunithura Terminal,17,207,0,0,1
2025-11-26,Tripunithura Terminal,18,185,0,0,1
2025-11-26,Tripunithura Terminal,19,207,0,0,1
2025-11-26,Tripunithura Terminal,20,200,0,0,1
2025-11-26,Tripunithura Terminal,21,81,0,0,0
2025-11-26,Tripunithura Terminal,22,97,0,0,0
2025-12-03,Aluva,6,189,0,0,0
2025-12-03,Aluva,7,190,0,0,0
2025-12-03,Aluva,8,493,0,1,0
2025-12-03,Aluva,9,531,0,1,0
2025-12-03,Aluva,10,509,0,1,0
2025-12-03,Aluva,11,200,0,0,0
2025-12-03,Aluva,12,211,0,0,0
2025-12-03,Aluva,13,181,0,0,0
2025-12-03,Aluva,14,207,0,0,0
2025-12-03,Aluva,15,185,0,0,0
2025-12-03,Aluva,16,199,0,0,0
2025-12-03,Aluva,17,471,0,0,1
2025-12-03,Aluva,18,530,0,0,1
2025-12-03,Aluva,19,490,0,0,1
2025-12-03,Aluva,20,485,0,0,1
2025-12-03,Aluva,21,213,0,0,0
2025-12-03,Aluva,22,202,0,0,0
2025-12-03,Pulinchodu,6,86,0,0,0
2025-12-03,Pulinchodu,7,86,0,0,0
2025-12-03,Pulinchodu,8,185,0,1,0
2025-12-03,Pulinchodu,9,203,0,1,0
2025-12-03,Pulinchodu,10,202,0,1,0
2025-12-03,Pulinchodu,11,64,0,0,0
2025-12-03,Pulinchodu,12,90,0,0,0
2025-12-03,Pulinchodu,13,78,0,0,0
2025-12-03,Pulinchodu,14,82,0,0,0
2025-12-03,Pulinchodu,15,78,0,0,0
2025-12-03,Pulinchodu,16,63,0,0,0
2025-12-03,Pulinchodu,17,198,0,0,1
2025-12-03,Pulinchodu,18,215,0,0,1
2025-12-03,Pulinchodu,19,206,0,0,1
2025-12-03,Pulinchodu,20,200,0,0,1
2025-12-03,Pulinchodu,21,76,0,0,0
2025-12-03,Pulinchodu,22,72,0,0,0
2025-12-03,Companypady,6,71,0,0,0
2025-12-03,Companypady,7,72,0,0,0
2025-12-03,Companypady,8,203,0,1,0
2025-12-03,Companypady,9,225,0,1,0
2025-12-03,Companypady,10,209,0,1,0
2025-12-03,Companypady,11,80,0,0,0
2025-12-03,Companypady,12,76,0,0,0
2025-12-03,Companypady,13,60,0,0,0
2025-12-03,Companypady,14,73,0,0,0
2025-12-03,Companypady,15,82,0,0,0
2025-12-03,Companypady,16,78,0,0,0
2025-12-03,Companypady,17,206,0,0,1
2025-12-03,Companypady,18,211,0,0,1
2025-12-03,Companypady,19,230,0,0,1
2025-12-03,Companypady,20,199,0,0,1
2025-12-03,Companypady,21,71,0,0,0
2025-12-03,Companypady,22,86,0,0,0
2025-12-03,Ambattukavu,6,71,0,0,0
2025-12-03,Ambattukavu,7,80,0,0,0
2025-12-03,Ambattukavu,8,209,0,1,0
2025-12-03,Ambattukavu,9,182,0,1,0
2025-12-03,Ambattukavu,10,223,0,1,0
2025-12-03,Ambattukavu,11,77,0,0,0
2025-12-03,Ambattukavu,12,77,0,0,0
2025-12-03,Ambattukavu,13,93,0,0,0
2025-12-03,Ambattukavu,14,77,0,0,0
2025-12-03,Ambattukavu,15,73,0,0,0
2025-12-03,Ambattukavu,16,85,0,0,0
2025-12-03,Ambattukavu,17,217,0,0,1
2025-12-03,Ambattukavu,18,202,0,0,1
2025-12-03,Ambattukavu,19,204,0,0,1
2025-12-03,Ambattukavu,20,203,0,0,1
2025-12-03,Ambattukavu,21,78,0,0,0
2025-12-03,Ambattukavu,22,75,0,0,0
2025-12-03,Muttom,6,78,0,0,0
2025-12-03,Muttom,7,91,0,0,0
2025-12-03,Muttom,8,200,0,1,0
2025-12-03,Muttom,9,200,0,1,0
2025-12-03,Muttom,10,183,0,1,0
2025-12-03,Muttom,11,85,0,0,0
2025-12-03,Muttom,12,89,0,0,0
2025-12-03,Muttom,13,80,0,0,0
2025-12-03,Muttom,14,82,0,0,0
2025-12-03,Muttom,15,78,0,0,0
2025-12-03,Muttom,16,81,0,0,0
2025-12-03,Muttom,17,208,0,0,1
2025-12-03,Muttom,18,186,0,0,1
2025-12-03,Muttom,19,189,0,0,1
2025-12-03,Muttom,20,172,0,0,1
2025-12-03,Muttom,21,73,0,0,0
2025-12-03,Muttom,22,85,0,0,0
2025-12-03,Kalamassery,6,187,0,0,0
2025-12-03,Kalamassery,7,192,0,0,0
2025-12-03,Kalamassery,8,518,0,1,0
2025-12-03,Kalamassery,9,505,0,1,0
2025-12-03,Kalamassery,10,459,0,1,0
2025-12-03,Kalamassery,11,219,0,0,0
2025-12-03,Kalamassery,12,180,0,0,0
2025-12-03,Kalamassery,13,212,0,0,0
2025-12-03,Kalamassery,14,222,0,0,0
2025-12-03,Kalamassery,15,200,0,0,0
2025-12-03,Kalamassery,16,218,0,0,0
2025-12-03,Kalamassery,17,485,0,0,1
2025-12-03,Kalamassery,18,505,0,0,1
2025-12-03,Kalamassery,19,503,0,0,1
2025-12-03,Kalamassery,20,487,0,0,1
2025-12-03,Kalamassery,21,178,0,0,0
2025-12-03,Kalamassery,22,203,0,0,0
2025-12-03,CUSAT,6,84,0,0,0
2025-12-03,CUSAT,7,71,0,0,0
2025-12-03,CUSAT,8,186,0,1,0
2025-12-03,CUSAT,9,180,0,1,0
2025-12-03,CUSAT,10,222,0,1,0
2025-12-03,CUSAT,11,85,0,0,0
2025-12-03,CUSAT,12,72,0,0,0
2025-12-03,CUSAT,13,81,0,0,0
2025-12-03,CUSAT,14,76,0,0,0
2025-12-03,CUSAT,15,83,0,0,0
2025-12-03,CUSAT,16,86,0,0,0
2025-12-03,CUSAT,17,225,0,0,1
2025-12-03,CUSAT,18,174,0,0,1
2025-12-03,CUSAT,19,198,0,0,1
2025-12-03,CUSAT,20,175,0,0,1
2025-12-03,CUSAT,21,80,0,0,0
2025-12-03,CUSAT,22,90,0,0,0
2025-12-03,Pathadipalam,6,81,0,0,0
2025-12-03,Pathadipalam,7,75,0,0,0
2025-12-03,Pathadipalam,8,182,0,1,0
2025-12-03,Pathadipalam,9,226,0,1,0
2025-12-03,Pathadipalam,10,190,0,1,0
2025-12-03,Pathadipalam,11,77,0,0,0
2025-12-03,Pathadipalam,12,67,0,0,0
2025-12-03,Pathadipalam,13,79,0,0,0
2025-12-03,Pathadipalam,14,80,0,0,0
2025-12-03,Pathadipalam,15,80,0,0,0
2025-12-03,Pathadipalam,16,92,0,0,0
2025-12-03,Pathadipalam,17,202,0,0,1
2025-12-03,Pathadipalam,18,198,0,0,1
2025-12-03,Pathadipalam,19,200,0,0,1
2025-12-03,Pathadipalam,20,192,0,0,1
2025-12-03,Pathadipalam,21,89,0,0,0
2025-12-03,Pathadipalam,22,81,0,0,0
2025-12-03,Edappally,6,178,0,0,0
2025-12-03,Edappally,7,192,0,0,0
2025-12-03,Edappally,8,492,0,1,0
2025-12-03,Edappally,9,526,0,1,0
2025-12-03,Edappally,10,507,0,1,0
2025-12-03,Edappally,11,193,0,0,0
2025-12-03,Edappally,12,197,0,0,0
2025-12-03,Edappally,13,204,0,0,0
2025-12-03,Edappally,14,203,0,0,0
2025-12-03,Edappally,15,186,0,0,0
2025-12-03,Edappally,16,228,0,0,0
2025-12-03,Edappally,17,491,0,0,1
2025-12-03,Edappally,18,481,0,0,1
2025-12-03,Edappally,19,517,0,0,1
2025-12-03,Edappally,20,525,0,0,1
2025-12-03,Edappally,21,199,0,0,0
2025-12-03,Edappally,22,209,0,0,0
2025-12-03,Changampuzha Park,6,67,0,0,0
2025-12-03,Changampuzha Park,7,74,0,0,0
2025-12-03,Changampuzha Park,8,184,0,1,0
2025-12-03,Changampuzha Park,9,205,0,1,0
2025-12-03,Changampuzha Park,10,203,0,1,0
2025-12-03,Changampuzha Park,11,96,0,0,0
2025-12-03,Changampuzha Park,12,87,0,0,0
2025-12-03,Changampuzha Park,13,93,0,0,0
2025-12-03,Changampuzha Park,14,86,0,0,0
2025-12-03,Changampuzha Park,15,84,0,0,0
2025-12-03,Changampuzha Park,16,78,0,0,0
2025-12-03,Changampuzha Park,17,198,0,0,1
2025-12-03,Changampuzha Park,18,186,0,0,1
2025-12-03,Changampuzha Park,19,184,0,0,1
2025-12-03,Changampuzha Park,20,198,0,0,1
2025-12-03,Changampuzha Park,21,81,0,0,0
2025-12-03,Changampuzha Park,22,80,0,0,0
2025-12-03,Palarivattom,6,82,0,0,0
2025-12-03,Palarivattom,7,77,0,0,0
2025-12-03,Palarivattom,8,184,0,1,0
2025-12-03,Palarivattom,9,225,0,1,0
2025-12-03,Palarivattom,10,231,0,1,0
2025-12-03,Palarivattom,11,75,0,0,0
2025-12-03,Palarivattom,12,88,0,0,0
2025-12-03,Palarivattom,13,80,0,0,0
2025-12-03,Palarivattom,14,91,0,0,0
2025-12-03,Palarivattom,15,71,0,0,0
2025-12-03,Palarivattom,16,59,0,0,0
2025-12-03,Palarivattom,17,193,0,0,1
2025-12-03,Palarivattom,18,177,0,0,1
2025-12-03,Palarivattom,19,202,0,0,1
2025-12-03,Palarivattom,20,196,0,0,1
2025-12-03,Palarivattom,21,71,0,0,0
2025-12-03,Palarivattom,22,65,0,0,0
2025-12-03,JLN Stadium,6,86,0,0,0
2025-12-03,JLN Stadium,7,79,0,0,0
2025-12-03,JLN Stadium,8,211,0,1,0
2025-12-03,JLN Stadium,9,210,0,1,0
2025-12-03,JLN Stadium,10,184,0,1,0
2025-12-03,JLN Stadium,11,79,0,0,0
2025-12-03,JLN Stadium,12,73,0,0,0
2025-12-03,JLN Stadium,13,76,0,0,0
2025-12-03,JLN Stadium,14,74,0,0,0
2025-12-03,JLN Stadium,15,83,0,0,0
2025-12-03,JLN Stadium,16,85,0,0,0
2025-12-03,JLN Stadium,17,167,0,0,1
2025-12-03,JLN Stadium,18,183,0,0,1
2025-12-03,JLN Stadium,19,194,0,0,1
2025-12-03,JLN Stadium,20,200,0,0,1
2025-12-03,JLN Stadium,21,88,0,0,0
2025-12-03,JLN Stadium,22,73,0,0,0
2025-12-03,Kaloor Town Hall,6,65,0,0,0
2025-12-03,Kaloor Town Hall,7,83,0,0,0
2025-12-03,Kaloor Town Hall,8,199,0,1,0
2025-12-03,Kaloor Town Hall,9,185,0,1,0
2025-12-03,Kaloor Town Hall,10,209,0,1,0
2025-12-03,Kaloor Town Hall,11,91,0,0,0
2025-12-03,Kaloor Town Hall,12,77,0,0,0
2025-12-03,Kaloor Town Hall,13,85,0,0,0
2025-12-03,Kaloor Town Hall,14,82,0,0,0
2025-12-03,Kaloor Town Hall,15,80,0,0,0
2025-12-03,Kaloor Town Hall,16,79,0,0,0
2025-12-03,Kaloor Town Hall,17,190,0,0,1
2025-12-03,Kaloor Town Hall,18,174,0,0,1
2025-12-03,Kaloor Town Hall,19,205,0,0,1
2025-12-03,Kaloor Town Hall,20,214,0,0,1
2025-12-03,Kaloor Town Hall,21,69,0,0,0
2025-12-03,Kaloor Town Hall,22,85,0,0,0
2025-12-03,MG Road,6,205,0,0,0
2025-12-03,MG Road,7,208,0,0,0
2025-12-03,MG Road,8,500,0,1,0
2025-12-03,MG Road,9,523,0,1,0
2025-12-03,MG Road,10,468,0,1,0
2025-12-03,MG Road,11,187,0,0,0
2025-12-03,MG Road,12,196,0,0,0
2025-12-03,MG Road,13,188,0,0,0
2025-12-03,MG Road,14,198,0,0,0
2025-12-03,MG Road,15,183,0,0,0
2025-12-03,MG Road,16,222,0,0,0
2025-12-03,MG Road,17,473,0,0,1
2025-12-03,MG Road,18,511,0,0,1
2025-12-03,MG Road,19,500,0,0,1
2025-12-03,MG Road,20,513,0,0,1
2025-12-03,MG Road,21,220,0,0,0
2025-12-03,MG Road,22,169,0,0,0
2025-12-03,Maharaja's College,6,73,0,0,0
2025-12-03,Maharaja's College,7,70,0,0,0
2025-12-03,Maharaja's College,8,183,0,1,0
2025-12-03,Maharaja's College,9,220,0,1,0
2025-12-03,Maharaja's College,10,197,0,1,0
2025-12-03,Maharaja's College,11,82,0,0,0
2025-12-03,Maharaja's College,12,79,0,0,0
2025-12-03,Maharaja's College,13,72,0,0,0
2025-12-03,Maharaja's College,14,75,0,0,0
2025-12-03,Maharaja's College,15,70,0,0,0
2025-12-03,Maharaja's College,16,85,0,0,0
2025-12-03,Maharaja's College,17,201,0,0,1
2025-12-03,Maharaja's College,18,183,0,0,1
2025-12-03,Maharaja's College,19,196,0,0,1
2025-12-03,Maharaja's College,20,224,0,0,1
2025-12-03,Maharaja's College,21,91,0,0,0
2025-12-03,Maharaja's College,22,78,0,0,0
2025-12-03,Ernakulam South,6,181,0,0,0
2025-12-03,Ernakulam South,7,190,0,0,0
2025-12-03,Ernakulam South,8,504,0,1,0
2025-12-03,Ernakulam South,9,520,0,1,0
2025-12-03,Ernakulam South,10,470,0,1,0
2025-12-03,Ernakulam South,11,192,0,0,0
2025-12-03,Ernakulam South,12,202,0,0,0
2025-12-03,Ernakulam South,13,210,0,0,0
2025-12-03,Ernakulam South,14,210,0,0,0
2025-12-03,Ernakulam South,15,211,0,0,0
2025-12-03,Ernakulam South,16,208,0,0,0
2025-12-03,Ernakulam South,17,528,0,0,1
2025-12-03,Ernakulam South,18,480,0,0,1
2025-12-03,Ernakulam South,19,489,0,0,1
2025-12-03,Ernakulam South,20,510,0,0,1
2025-12-03,Ernakulam South,21,191,0,0,0
2025-12-03,Ernakulam South,22,197,0,0,0
2025-12-03,Kadavanthra,6,79,0,0,0
2025-12-03,Kadavanthra,7,90,0,0,0
2025-12-03,Kadavanthra,8,200,0,1,0
2025-12-03,Kadavanthra,9,212,0,1,0
2025-12-03,Kadavanthra,10,219,0,1,0
2025-12-03,Kadavanthra,11,75,0,0,0
2025-12-03,Kadavanthra,12,83,0,0,0
2025-12-03,Kadavanthra,13,66,0,0,0
2025-12-03,Kadavanthra,14,96,0,0,0
2025-12-03,Kadavanthra,15,72,0,0,0
2025-12-03,Kadavanthra,16,68,0,0,0
2025-12-03,Kadavanthra,17,196,0,0,1
2025-12-03,Kadavanthra,18,178,0,0,1
2025-12-03,Kadavanthra,19,213,0,0,1
2025-12-03,Kadavanthra,20,215,0,0,1
2025-12-03,Kadavanthra,21,71,0,0,0
2025-12-03,Kadavanthra,22,93,0,0,0
2025-12-03,Elamkulam,6,79,0,0,0
2025-12-03,Elamkulam,7,86,0,0,0
2025-12-03,Elamkulam,8,197,0,1,0
2025-12-03,Elamkulam,9,207,0,1,0
2025-12-03,Elamkulam,10,221,0,1,0
2025-12-03,Elamkulam,11,71,0,0,0
2025-12-03,Elamkulam,12,95,0,0,0
2025-12-03,Elamkulam,13,75,0,0,0
2025-12-03,Elamkulam,14,65,0,0,0
2025-12-03,Elamkulam,15,81,0,0,0
2025-12-03,Elamkulam,16,68,0,0,0
2025-12-03,Elamkulam,17,182,0,0,1
2025-12-03,Elamkulam,18,194,0,0,1
2025-12-03,Elamkulam,19,193,0,0,1
2025-12-03,Elamkulam,20,197,0,0,1
2025-12-03,Elamkulam,21,89,0,0,0
2025-12-03,Elamkulam,22,67,0,0,0
2025-12-03,Vyttila,6,77,0,0,0
2025-12-03,Vyttila,7,94,0,0,0
2025-12-03,Vyttila,8,203,0,1,0
2025-12-03,Vyttila,9,217,0,1,0
2025-12-03,Vyttila,10,218,0,1,0
2025-12-03,Vyttila,11,88,0,0,0
2025-12-03,Vyttila,12,72,0,0,0
2025-12-03,Vyttila,13,87,0,0,0
2025-12-03,Vyttila,14,74,0,0,0
2025-12-03,Vyttila,15,88,0,0,0
2025-12-03,Vyttila,16,78,0,0,0
2025-12-03,Vyttila,17,181,0,0,1
2025-12-03,Vyttila,18,217,0,0,1
2025-12-03,Vyttila,19,177,0,0,1
2025-12-03,Vyttila,20,198,0,0,1
2025-12-03,Vyttila,21,81,0,0,0
2025-12-03,Vyttila,22,78,0,0,0
2025-12-03,Thaikoodam,6,76,0,0,0
2025-12-03,Thaikoodam,7,86,0,0,0
2025-12-03,Thaikoodam,8,206,0,1,0
2025-12-03,Thaikoodam,9,208,0,1,0
2025-12-03,Thaikoodam,10,200,0,1,0
2025-12-03,Thaikoodam,11,76,0,0,0
2025-12-03,Thaikoodam,12,68,0,0,0
2025-12-03,Thaikoodam,13,96,0,0,0
2025-12-03,Thaikoodam,14,66,0,0,0
2025-12-03,Thaikoodam,15,72,0,0,0
2025-12-03,Thaikoodam,16,71,0,0,0
2025-12-03,Thaikoodam,17,209,0,0,1
2025-12-03,Thaikoodam,18,224,0,0,1
2025-12-03,Thaikoodam,19,184,0,0,1
2025-12-03,Thaikoodam,20,208,0,0,1
2025-12-03,Thaikoodam,21,65,0,0,0
2025-12-03,Thaikoodam,22,91,0,0,0
2025-12-03,Petta,6,86,0,0,0
2025-12-03,Petta,7,85,0,0,0
2025-12-03,Petta,8,209,0,1,0
2025-12-03,Petta,9,211,0,1,0
2025-12-03,Petta,10,223,0,1,0
2025-12-03,Petta,11,74,0,0,0
2025-12-03,Petta,12,85,0,0,0
2025-12-03,Petta,13,90,0,0,0
2025-12-03,Petta,14,75,0,0,0
2025-12-03,Petta,15,80,0,0,0
2025-12-03,Petta,16,66,0,0,0
2025-12-03,Petta,17,200,0,0,1
2025-12-03,Petta,18,203,0,0,1
2025-12-03,Petta,19,203,0,0,1
2025-12-03,Petta,20,227,0,0,1
2025-12-03,Petta,21,74,0,0,0
2025-12-03,Petta,22,73,0,0,0
2025-12-03,Vadakkekotta,6,84,0,0,0
2025-12-03,Vadakkekotta,7,73,0,0,0
2025-12-03,Vadakkekotta,8,220,0,1,0
2025-12-03,Vadakkekotta,9,191,0,1,0
2025-12-03,Vadakkekotta,10,209,0,1,0
2025-12-03,Vadakkekotta,11,92,0,0,0
2025-12-03,Vadakkekotta,12,86,0,0,0
2025-12-03,Vadakkekotta,13,97,0,0,0
2025-12-03,Vadakkekotta,14,84,0,0,0
2025-12-03,Vadakkekotta,15,85,0,0,0
2025-12-03,Vadakkekotta,16,81,0,0,0
2025-12-03,Vadakkekotta,17,220,0,0,1
2025-12-03,Vadakkekotta,18,206,0,0,1
2025-12-03,Vadakkekotta,19,203,0,0,1
2025-12-03,Vadakkekotta,20,193,0,0,1
2025-12-03,Vadakkekotta,21,68,0,0,0
2025-12-03,Vadakkekotta,22,76,0,0,0
2025-12-03,SN Junction,6,87,0,0,0
2025-12-03,SN Junction,7,82,0,0,0
2025-12-03,SN Junction,8,197,0,1,0
2025-12-03,SN Junction,9,198,0,1,0
2025-12-03,SN Junction,10,196,0,1,0
2025-12-03,SN Junction,11,78,0,0,0
2025-12-03,SN Junction,12,76,0,0,0
2025-12-03,SN Junction,13,87,0,0,0
2025-12-03,SN Junction,14,83,0,0,0
2025-12-03,SN Junction,15,86,0,0,0
2025-12-03,SN Junction,16,81,0,0,0
2025-12-03,SN Junction,17,182,0,0,1
2025-12-03,SN Junction,18,196,0,0,1
2025-12-03,SN Junction,19,184,0,0,1
2025-12-03,SN Junction,20,221,0,0,1
2025-12-03,SN Junction,21,83,0,0,0
2025-12-03,SN Junction,22,79,0,0,0
2025-12-03,Tripunithura Terminal,6,62,0,0,0
2025-12-03,Tripunithura Terminal,7,82,0,0,0
2025-12-03,Tripunithura Terminal,8,201,0,1,0
2025-12-03,Tripunithura Terminal,9,195,0,1,0
2025-12-03,Tripunithura Terminal,10,233,0,1,0
2025-12-03,Tripunithura Terminal,11,86,0,0,0
2025-12-03,Tripunithura Terminal,12,70,0,0,0
2025-12-03,Tripunithura Terminal,13,79,0,0,0
2025-12-03,Tripunithura Terminal,14,73,0,0,0
2025-12-03,Tripunithura Terminal,15,95,0,0,0
2025-12-03,Tripunithura Terminal,16,102,0,0,0
2025-12-03,Tripunithura Terminal,17,203,0,0,1
2025-12-03,Tripunithura Terminal,18,174,0,0,1
2025-12-03,Tripunithura Terminal,19,198,0,0,1
2025-12-03,Tripunithura Terminal,20,199,0,0,1
2025-12-03,Tripunithura Terminal,21,79,0,0,0
2025-12-03,Tripunithura Terminal,22,92,0,0,0
2025-12-10,Aluva,6,234,0,0,0
2025-12-10,Aluva,7,226,0,0,0
2025-12-10,Aluva,8,492,0,1,0
2025-12-10,Aluva,9,531,0,1,0
2025-12-10,Aluva,10,494,0,1,0
2025-12-10,Aluva,11,183,0,0,0
2025-12-10,Aluva,12,203,0,0,0
2025-12-10,Aluva,13,222,0,0,0
2025-12-10,Aluva,14,175,0,0,0
2025-12-10,Aluva,15,177,0,0,0
2025-12-10,Aluva,16,206,0,0,0
2025-12-10,Aluva,17,487,0,0,1
2025-12-10,Aluva,18,471,0,0,1
2025-12-10,Aluva,19,485,0,0,1
2025-12-10,Aluva,20,477,0,0,1
2025-12-10,Aluva,21,222,0,0,0
2025-12-10,Aluva,22,207,0,0,0
2025-12-10,Pulinchodu,6,84,0,0,0
2025-12-10,Pulinchodu,7,74,0,0,0
2025-12-10,Pulinchodu,8,194,0,1,0
2025-12-10,Pulinchodu,9,174,0,1,0
2025-12-10,Pulinchodu,10,191,0,1,0
2025-12-10,Pulinchodu,11,79,0,0,0
2025-12-10,Pulinchodu,12,84,0,0,0
2025-12-10,Pulinchodu,13,76,0,0,0
2025-12-10,Pulinchodu,14,69,0,0,0
2025-12-10,Pulinchodu,15,68,0,0,0
2025-12-10,Pulinchodu,16,74,0,0,0
2025-12-10,Pulinchodu,17,206,0,0,1
2025-12-10,Pulinchodu,18,193,0,0,1
2025-12-10,Pulinchodu,19,202,0,0,1
2025-12-10,Pulinchodu,20,233,0,0,1
2025-12-10,Pulinchodu,21,80,0,0,0
2025-12-10,Pulinchodu,22,62,0,0,0
2025-12-10,Companypady,6,76,0,0,0
2025-12-10,Companypady,7,77,0,0,0
2025-12-10,Companypady,8,206,0,1,0
2025-12-10,Companypady,9,188,0,1,0
2025-12-10,Companypady,10,204,0,1,0
2025-12-10,Companypady,11,75,0,0,0
2025-12-10,Companypady,12,85,0,0,0
2025-12-10,Companypady,13,83,0,0,0
2025-12-10,Companypady,14,86,0,0,0
2025-12-10,Companypady,15,88,0,0,0
2025-12-10,Companypady,16,78,0,0,0
2025-12-10,Companypady,17,205,0,0,1
2025-12-10,Companypady,18,203,0,0,1
2025-12-10,Companypady,19,203,0,0,1
2025-12-10,Companypady,20,205,0,0,1
2025-12-10,Companypady,21,88,0,0,0
2025-12-10,Companypady,22,100,0,0,0
2025-12-10,Ambattukavu,6,66,0,0,0
2025-12-10,Ambattukavu,7,78,0,0,0
2025-12-10,Ambattukavu,8,230,0,1,0
2025-12-10,Ambattukavu,9,190,0,1,0
2025-12-10,Ambattukavu,10,223,0,1,0
2025-12-10,Ambattukavu,11,89,0,0,0
2025-12-10,Ambattukavu,12,92,0,0,0
2025-12-10,Ambattukavu,13,85,0,0,0
2025-12-10,Ambattukavu,14,80,0,0,0
2025-12-10,Ambattukavu,15,66,0,0,0
2025-12-10,Ambattukavu,16,68,0,0,0
2025-12-10,Ambattukavu,17,197,0,0,1
2025-12-10,Ambattukavu,18,198,0,0,1
2025-12-10,Ambattukavu,19,171,0,0,1
2025-12-10,Ambattukavu,20,195,0,0,1
2025-12-10,Ambattukavu,21,89,0,0,0
2025-12-10,Ambattukavu,22,79,0,0,0
2025-12-10,Muttom,6,78,0,0,0
2025-12-10,Muttom,7,80,0,0,0
2025-12-10,Muttom,8,216,0,1,0
2025-12-10,Muttom,9,181,0,1,0
2025-12-10,Muttom,10,205,0,1,0
2025-12-10,Muttom,11,95,0,0,0
2025-12-10,Muttom,12,78,0,0,0
2025-12-10,Muttom,13,87,0,0,0
2025-12-10,Muttom,14,79,0,0,0
2025-12-10,Muttom,15,75,0,0,0
2025-12-10,Muttom,16,73,0,0,0
2025-12-10,Muttom,17,190,0,0,1
2025-12-10,Muttom,18,165,0,0,1
2025-12-10,Muttom,19,203,0,0,1
2025-12-10,Muttom,20,190,0,0,1
2025-12-10,Muttom,21,85,0,0,0
2025-12-10,Muttom,22,85,0,0,0
2025-12-10,Kalamassery,6,199,0,0,0
2025-12-10,Kalamassery,7,196,0,0,0
2025-12-10,Kalamassery,8,496,0,1,0
2025-12-10,Kalamassery,9,519,0,1,0
2025-12-10,Kalamassery,10,502,0,1,0
2025-12-10,Kalamassery,11,209,0,0,0
2025-12-10,Kalamassery,12,204,0,0,0
2025-12-10,Kalamassery,13,247,0,0,0
2025-12-10,Kalamassery,14,200,0,0,0
2025-12-10,Kalamassery,15,198,0,0,0
2025-12-10,Kalamassery,16,169,0,0,0
2025-12-10,Kalamassery,17,491,0,0,1
2025-12-10,Kalamassery,18,508,0,0,1
2025-12-10,Kalamassery,19,531,0,0,1
2025-12-10,Kalamassery,20,483,0,0,1
2025-12-10,Kalamassery,21,219,0,0,0
2025-12-10,Kalamassery,22,218,0,0,0
2025-12-10,CUSAT,6,87,0,0,0
2025-12-10,CUSAT,7,78,0,0,0
2025-12-10,CUSAT,8,207,0,1,0
2025-12-10,CUSAT,9,180,0,1,0
2025-12-10,CUSAT,10,165,0,1,0
2025-12-10,CUSAT,11,87,0,0,0
2025-12-10,CUSAT,12,77,0,0,0
2025-12-10,CUSAT,13,74,0,0,0
2025-12-10,CUSAT,14,73,0,0,0
2025-12-10,CUSAT,15,94,0,0,0
2025-12-10,CUSAT,16,73,0,0,0
2025-12-10,CUSAT,17,209,0,0,1
2025-12-10,CUSAT,18,215,0,0,1
2025-12-10,CUSAT,19,198,0,0,1
2025-12-10,CUSAT,20,206,0,0,1
2025-12-10,CUSAT,21,83,0,0,0
2025-12-10,CUSAT,22,73,0,0,0
2025-12-10,Pathadipalam,6,83,0,0,0
2025-12-10,Pathadipalam,7,98,0,0,0
2025-12-10,Pathadipalam,8,181,0,1,0
2025-12-10,Pathadipalam,9,199,0,1,0
2025-12-10,Pathadipalam,10,208,0,1,0
2025-12-10,Pathadipalam,11,77,0,0,0
2025-12-10,Pathadipalam,12,79,0,0,0
2025-12-10,Pathadipalam,13,67,0,0,0
2025-12-10,Pathadipalam,14,85,0,0,0
2025-12-10,Pathadipalam,15,72,0,0,0
2025-12-10,Pathadipalam,16,72,0,0,0
2025-12-10,Pathadipalam,17,214,0,0,1
2025-12-10,Pathadipalam,18,200,0,0,1
2025-12-10,Pathadipalam,19,210,0,0,1
2025-12-10,Pathadipalam,20,181,0,0,1
2025-12-10,Pathadipalam,21,74,0,0,0
2025-12-10,Pathadipalam,22,90,0,0,0
2025-12-10,Edappally,6,221,0,0,0
2025-12-10,Edappally,7,192,0,0,0
2025-12-10,Edappally,8,494,0,1,0
2025-12-10,Edappally,9,497,0,1,0
2025-12-10,Edappally,10,469,0,1,0
2025-12-10,Edappally,11,205,0,0,0
2025-12-10,Edappally,12,192,0,0,0
2025-12-10,Edappally,13,192,0,0,0
2025-12-10,Edappally,14,201,0,0,0
2025-12-10,Edappally,15,205,0,0,0
2025-12-10,Edappally,16,194,0,0,0
2025-12-10,Edappally,17,533,0,0,1
2025-12-10,Edappally,18,462,0,0,1
2025-12-10,Edappally,19,497,0,0,1
2025-12-10,Edappally,20,509,0,0,1
2025-12-10,Edappally,21,209,0,0,0
2025-12-10,Edappally,22,203,0,0,0
2025-12-10,Changampuzha Park,6,79,0,0,0
2025-12-10,Changampuzha Park,7,73,0,0,0
2025-12-10,Changampuzha Park,8,187,0,1,0
2025-12-10,Changampuzha Park,9,211,0,1,0
2025-12-10,Changampuzha Park,10,189,0,1,0
2025-12-10,Changampuzha Park,11,65,0,0,0
2025-12-10,Changampuzha Park,12,69,0,0,0
2025-12-10,Changampuzha Park,13,77,0,0,0
2025-12-10,Changampuzha Park,14,89,0,0,0
2025-12-10,Changampuzha Park,15,76,0,0,0
2025-12-10,Changampuzha Park,16,65,0,0,0
2025-12-10,Changampuzha Park,17,202,0,0,1
2025-12-10,Changampuzha Park,18,216,0,0,1
2025-12-10,Changampuzha Park,19,182,0,0,1
2025-12-10,Changampuzha Park,20,196,0,0,1
2025-12-10,Changampuzha Park,21,79,0,0,0
2025-12-10,Changampuzha Park,22,86,0,0,0
2025-12-10,Palarivattom,6,83,0,0,0
2025-12-10,Palarivattom,7,77,0,0,0
2025-12-10,Palarivattom,8,182,0,1,0
2025-12-10,Palarivattom,9,195,0,1,0
2025-12-10,Palarivattom,10,191,0,1,0
2025-12-10,Palarivattom,11,89,0,0,0
2025-12-10,Palarivattom,12,82,0,0,0
2025-12-10,Palarivattom,13,77,0,0,0
2025-12-10,Palarivattom,14,84,0,0,0
2025-12-10,Palarivattom,15,76,0,0,0
2025-12-10,Palarivattom,16,70,0,0,0
2025-12-10,Palarivattom,17,202,0,0,1
2025-12-10,Palarivattom,18,232,0,0,1
2025-12-10,Palarivattom,19,196,0,0,1
2025-12-10,Palarivattom,20,187,0,0,1
2025-12-10,Palarivattom,21,88,0,0,0
2025-12-10,Palarivattom,22,86,0,0,0
2025-12-10,JLN Stadium,6,89,0,0,0
2025-12-10,JLN Stadium,7,83,0,0,0
2025-12-10,JLN Stadium,8,205,0,1,0
2025-12-10,JLN Stadium,9,178,0,1,0
2025-12-10,JLN Stadium,10,196,0,1,0
2025-12-10,JLN Stadium,11,81,0,0,0
2025-12-10,JLN Stadium,12,93,0,0,0
2025-12-10,JLN Stadium,13,76,0,0,0
2025-12-10,JLN Stadium,14,60,0,0,0
2025-12-10,JLN Stadium,15,66,0,0,0
2025-12-10,JLN Stadium,16,78,0,0,0
2025-12-10,JLN Stadium,17,210,0,0,1
2025-12-10,JLN Stadium,18,204,0,0,1
2025-12-10,JLN Stadium,19,185,0,0,1
2025-12-10,JLN Stadium,20,209,0,0,1
2025-12-10,JLN Stadium,21,66,0,0,0
2025-12-10,JLN Stadium,22,74,0,0,0
2025-12-10,Kaloor Town Hall,6,90,0,0,0
2025-12-10,Kaloor Town Hall,7,79,0,0,0
2025-12-10,Kaloor Town Hall,8,240,0,1,0
2025-12-10,Kaloor Town Hall,9,200,0,1,0
2025-12-10,Kaloor Town Hall,10,195,0,1,0
2025-12-10,Kaloor Town Hall,11,97,0,0,0
2025-12-10,Kaloor Town Hall,12,82,0,0,0
2025-12-10,Kaloor Town Hall,13,89,0,0,0
2025-12-10,Kaloor Town Hall,14,78,0,0,0
2025-12-10,Kaloor Town Hall,15,76,0,0,0
2025-12-10,Kaloor Town Hall,16,89,0,0,0
2025-12-10,Kaloor Town Hall,17,216,0,0,1
2025-12-10,Kaloor Town Hall,18,213,0,0,1
2025-12-10,Kaloor Town Hall,19,193,0,0,1
2025-12-10,Kaloor Town Hall,20,205,0,0,1
2025-12-10,Kaloor Town Hall,21,68,0,0,0
2025-12-10,Kaloor Town Hall,22,88,0,0,0
2025-12-10,MG Road,6,204,0,0,0
2025-12-10,MG Road,7,174,0,0,0
2025-12-10,MG Road,8,497,0,1,0
2025-12-10,MG Road,9,502,0,1,0
2025-12-10,MG Road,10,536,0,1,0
2025-12-10,MG Road,11,210,0,0,0
2025-12-10,MG Road,12,196,0,0,0
2025-12-10,MG Road,13,196,0,0,0
2025-12-10,MG Road,14,222,0,0,0
2025-12-10,MG Road,15,190,0,0,0
2025-12-10,MG Road,16,199,0,0,0
2025-12-10,MG Road,17,497,0,0,1
2025-12-10,MG Road,18,517,0,0,1
2025-12-10,MG Road,19,519,0,0,1
2025-12-10,MG Road,20,509,0,0,1
2025-12-10,MG Road,21,184,0,0,0
2025-12-10,MG Road,22,186,0,0,0
2025-12-10,Maharaja's College,6,72,0,0,0
2025-12-10,Maharaja's College,7,92,0,0,0
2025-12-10,Maharaja's College,8,213,0,1,0
2025-12-10,Maharaja's College,9,210,0,1,0
2025-12-10,Maharaja's College,10,179,0,1,0
2025-12-10,Maharaja's College,11,64,0,0,0
2025-12-10,Maharaja's College,12,84,0,0,0
2025-12-10,Maharaja's College,13,86,0,0,0
2025-12-10,Maharaja's College,14,80,0,0,0
2025-12-10,Maharaja's College,15,80,0,0,0
2025-12-10,Maharaja's College,16,74,0,0,0
2025-12-10,Maharaja's College,17,196,0,0,1
2025-12-10,Maharaja's College,18,177,0,0,1
2025-12-10,Maharaja's College,19,200,0,0,1
2025-12-10,Maharaja's College,20,198,0,0,1
2025-12-10,Maharaja's College,21,90,0,0,0
2025-12-10,Maharaja's College,22,80,0,0,0
2025-12-10,Ernakulam South,6,222,0,0,0
2025-12-10,Ernakulam South,7,195,0,0,0
2025-12-10,Ernakulam South,8,510,0,1,0
2025-12-10,Ernakulam South,9,509,0,1,0
2025-12-10,Ernakulam South,10,474,0,1,0
2025-12-10,Ernakulam South,11,192,0,0,0
2025-12-10,Ernakulam South,12,196,0,0,0
2025-12-10,Ernakulam South,13,221,0,0,0
2025-12-10,Ernakulam South,14,178,0,0,0
2025-12-10,Ernakulam South,15,184,0,0,0
2025-12-10,Ernakulam South,16,202,0,0,0
2025-12-10,Ernakulam South,17,509,0,0,1
2025-12-10,Ernakulam South,18,487,0,0,1
2025-12-10,Ernakulam South,19,511,0,0,1
2025-12-10,Ernakulam South,20,507,0,0,1
2025-12-10,Ernakulam South,21,219,0,0,0
2025-12-10,Ernakulam South,22,197,0,0,0
2025-12-10,Kadavanthra,6,71,0,0,0
2025-12-10,Kadavanthra,7,83,0,0,0
2025-12-10,Kadavanthra,8,208,0,1,0
2025-12-10,Kadavanthra,9,209,0,1,0
2025-12-10,Kadavanthra,10,200,0,1,0
2025-12-10,Kadavanthra,11,84,0,0,0
2025-12-10,Kadavanthra,12,69,0,0,0
2025-12-10,Kadavanthra,13,89,0,0,0
2025-12-10,Kadavanthra,14,72,0,0,0
2025-12-10,Kadavanthra,15,83,0,0,0
2025-12-10,Kadavanthra,16,83,0,0,0
2025-12-10,Kadavanthra,17,207,0,0,1
2025-12-10,Kadavanthra,18,185,0,0,1
2025-12-10,Kadavanthra,19,202,0,0,1
2025-12-10,Kadavanthra,20,218,0,0,1
2025-12-10,Kadavanthra,21,76,0,0,0
2025-12-10,Kadavanthra,22,82,0,0,0
2025-12-10,Elamkulam,6,85,0,0,0
2025-12-10,Elamkulam,7,79,0,0,0
2025-12-10,Elamkulam,8,192,0,1,0
2025-12-10,Elamkulam,9,170,0,1,0
2025-12-10,Elamkulam,10,182,0,1,0
2025-12-10,Elamkulam,11,73,0,0,0
2025-12-10,Elamkulam,12,91,0,0,0
2025-12-10,Elamkulam,13,88,0,0,0
2025-12-10,Elamkulam,14,70,0,0,0
2025-12-10,Elamkulam,15,83,0,0,0
2025-12-10,Elamkulam,16,78,0,0,0
2025-12-10,Elamkulam,17,196,0,0,1
2025-12-10,Elamkulam,18,195,0,0,1
2025-12-10,Elamkulam,19,198,0,0,1
2025-12-10,Elamkulam,20,218,0,0,1
2025-12-10,Elamkulam,21,65,0,0,0
2025-12-10,Elamkulam,22,84,0,0,0
2025-12-10,Vyttila,6,78,0,0,0
2025-12-10,Vyttila,7,83,0,0,0
2025-12-10,Vyttila,8,180,0,1,0
2025-12-10,Vyttila,9,200,0,1,0
2025-12-10,Vyttila,10,188,0,1,0
2025-12-10,Vyttila,11,83,0,0,0
2025-12-10,Vyttila,12,78,0,0,0
2025-12-10,Vyttila,13,80,0,0,0
2025-12-10,Vyttila,14,76,0,0,0
2025-12-10,Vyttila,15,86,0,0,0
2025-12-10,Vyttila,16,91,0,0,0
2025-12-10,Vyttila,17,194,0,0,1
2025-12-10,Vyttila,18,212,0,0,1
2025-12-10,Vyttila,19,210,0,0,1
2025-12-10,Vyttila,20,217,0,0,1
2025-12-10,Vyttila,21,63,0,0,0
2025-12-10,Vyttila,22,77,0,0,0
2025-12-10,Thaikoodam,6,72,0,0,0
2025-12-10,Thaikoodam,7,64,0,0,0
2025-12-10,Thaikoodam,8,189,0,1,0
2025-12-10,Thaikoodam,9,206,0,1,0
2025-12-10,Thaikoodam,10,202,0,1,0
2025-12-10,Thaikoodam,11,82,0,0,0
2025-12-10,Thaikoodam,12,82,0,0,0
2025-12-10,Thaikoodam,13,69,0,0,0
2025-12-10,Thaikoodam,14,86,0,0,0
2025-12-10,Thaikoodam,15,89,0,0,0
2025-12-10,Thaikoodam,16,79,0,0,0
2025-12-10,Thaikoodam,17,204,0,0,1
2025-12-10,Thaikoodam,18,199,0,0,1
2025-12-10,Thaikoodam,19,212,0,0,1
2025-12-10,Thaikoodam,20,217,0,0,1
2025-12-10,Thaikoodam,21,93,0,0,0
2025-12-10,Thaikoodam,22,87,0,0,0
2025-12-10,Petta,6,82,0,0,0
2025-12-10,Petta,7,74,0,0,0
2025-12-10,Petta,8,228,0,1,0
2025-12-10,Petta,9,209,0,1,0
2025-12-10,Petta,10,199,0,1,0
2025-12-10,Petta,11,84,0,0,0
2025-12-10,Petta,12,80,0,0,0
2025-12-10,Petta,13,64,0,0,0
2025-12-10,Petta,14,86,0,0,0
2025-12-10,Petta,15,61,0,0,0
2025-12-10,Petta,16,82,0,0,0
2025-12-10,Petta,17,209,0,0,1
2025-12-10,Petta,18,211,0,0,1
2025-12-10,Petta,19,195,0,0,1
2025-12-10,Petta,20,219,0,0,1
2025-12-10,Petta,21,85,0,0,0
2025-12-10,Petta,22,65,0,0,0
2025-12-10,Vadakkekotta,6,90,0,0,0
2025-12-10,Vadakkekotta,7,84,0,0,0
2025-12-10,Vadakkekotta,8,199,0,1,0
2025-12-10,Vadakkekotta,9,181,0,1,0
2025-12-10,Vadakkekotta,10,189,0,1,0
2025-12-10,Vadakkekotta,11,79,0,0,0
2025-12-10,Vadakkekotta,12,82,0,0,0
2025-12-10,Vadakkekotta,13,76,0,0,0
2025-12-10,Vadakkekotta,14,74,0,0,0
2025-12-10,Vadakkekotta,15,92,0,0,0
2025-12-10,Vadakkekotta,16,90,0,0,0
2025-12-10,Vadakkekotta,17,221,0,0,1
2025-12-10,Vadakkekotta,18,210,0,0,1
2025-12-10,Vadakkekotta,19,207,0,0,1
2025-12-10,Vadakkekotta,20,194,0,0,1
2025-12-10,Vadakkekotta,21,85,0,0,0
2025-12-10,Vadakkekotta,22,68,0,0,0
2025-12-10,SN Junction,6,75,0,0,0
2025-12-10,SN Junction,7,88,0,0,0
2025-12-10,SN Junction,8,194,0,1,0
2025-12-10,SN Junction,9,205,0,1,0
2025-12-10,SN Junction,10,176,0,1,0
2025-12-10,SN Junction,11,83,0,0,0
2025-12-10,SN Junction,12,90,0,0,0
2025-12-10,SN Junction,13,76,0,0,0
2025-12-10,SN Junction,14,79,0,0,0
2025-12-10,SN Junction,15,77,0,0,0
2025-12-10,SN Junction,16,80,0,0,0
2025-12-10,SN Junction,17,195,0,0,1
2025-12-10,SN Junction,18,178,0,0,1
2025-12-10,SN Junction,19,192,0,0,1
2025-12-10,SN Junction,20,197,0,0,1
2025-12-10,SN Junction,21,81,0,0,0
2025-12-10,SN Junction,22,56,0,0,0
2025-12-10,Tripunithura Terminal,6,68,0,0,0
2025-12-10,Tripunithura Terminal,7,93,0,0,0
2025-12-10,Tripunithura Terminal,8,212,0,1,0
2025-12-10,Tripunithura Terminal,9,197,0,1,0
2025-12-10,Tripunithura Terminal,10,198,0,1,0
2025-12-10,Tripunithura Terminal,11,73,0,0,0
2025-12-10,Tripunithura Terminal,12,68,0,0,0
2025-12-10,Tripunithura Terminal,13,86,0,0,0
2025-12-10,Tripunithura Terminal,14,104,0,0,0
2025-12-10,Tripunithura Terminal,15,87,0,0,0
2025-12-10,Tripunithura Terminal,16,78,0,0,0
2025-12-10,Tripunithura Terminal,17,199,0,0,1
2025-12-10,Tripunithura Terminal,18,200,0,0,1
2025-12-10,Tripunithura Terminal,19,210,0,0,1
2025-12-10,Tripunithura Terminal,20,189,0,0,1
2025-12-10,Tripunithura Terminal,21,68,0,0,0
2025-12-10,Tripunithura Terminal,22,77,0,0,0
2025-12-17,Aluva,6,196,0,0,0
2025-12-17,Aluva,7,185,0,0,0
2025-12-17,Aluva,8,510,0,1,0
2025-12-17,Aluva,9,542,0,1,0
2025-12-17,Aluva,10,497,0,1,0
2025-12-17,Aluva,11,195,0,0,0
2025-12-17,Aluva,12,194,0,0,0
2025-12-17,Aluva,13,216,0,0,0
2025-12-17,Aluva,14,214,0,0,0
2025-12-17,Aluva,15,200,0,0,0
2025-12-17,Aluva,16,206,0,0,0
2025-12-17,Aluva,17,498,0,0,1
2025-12-17,Aluva,18,483,0,0,1
2025-12-17,Aluva,19,494,0,0,1
2025-12-17,Aluva,20,518,0,0,1
2025-12-17,Aluva,21,204,0,0,0
2025-12-17,Aluva,22,196,0,0,0
2025-12-17,Pulinchodu,6,76,0,0,0
2025-12-17,Pulinchodu,7,86,0,0,0
2025-12-17,Pulinchodu,8,205,0,1,0
2025-12-17,Pulinchodu,9,196,0,1,0
2025-12-17,Pulinchodu,10,197,0,1,0
2025-12-17,Pulinchodu,11,87,0,0,0
2025-12-17,Pulinchodu,12,83,0,0,0
2025-12-17,Pulinchodu,13,95,0,0,0
2025-12-17,Pulinchodu,14,78,0,0,0
2025-12-17,Pulinchodu,15,78,0,0,0
2025-12-17,Pulinchodu,16,80,0,0,0
2025-12-17,Pulinchodu,17,184,0,0,1
2025-12-17,Pulinchodu,18,180,0,0,1
2025-12-17,Pulinchodu,19,191,0,0,1
2025-12-17,Pulinchodu,20,221,0,0,1
2025-12-17,Pulinchodu,21,93,0,0,0
2025-12-17,Pulinchodu,22,74,0,0,0
2025-12-17,Companypady,6,78,0,0,0
2025-12-17,Companypady,7,76,0,0,0
2025-12-17,Companypady,8,178,0,1,0
2025-12-17,Companypady,9,177,0,1,0
2025-12-17,Companypady,10,226,0,1,0
2025-12-17,Companypady,11,76,0,0,0
2025-12-17,Companypady,12,83,0,0,0
2025-12-17,Companypady,13,94,0,0,0
2025-12-17,Companypady,14,87,0,0,0
2025-12-17,Companypady,15,84,0,0,0
2025-12-17,Companypady,16,88,0,0,0
2025-12-17,Companypady,17,221,0,0,1
2025-12-17,Companypady,18,204,0,0,1
2025-12-17,Companypady,19,207,0,0,1
2025-12-17,Companypady,20,207,0,0,1
2025-12-17,Companypady,21,76,0,0,0
2025-12-17,Companypady,22,80,0,0,0
2025-12-17,Ambattukavu,6,87,0,0,0
2025-12-17,Ambattukavu,7,71,0,0,0
2025-12-17,Ambattukavu,8,195,0,1,0
2025-12-17,Ambattukavu,9,208,0,1,0
2025-12-17,Ambattukavu,10,192,0,1,0
2025-12-17,Ambattukavu,11,85,0,0,0
2025-12-17,Ambattukavu,12,101,0,0,0
2025-12-17,Ambattukavu,13,84,0,0,0
2025-12-17,Ambattukavu,14,73,0,0,0
2025-12-17,Ambattukavu,15,85,0,0,0
2025-12-17,Ambattukavu,16,88,0,0,0
2025-12-17,Ambattukavu,17,218,0,0,1
2025-12-17,Ambattukavu,18,201,0,0,1
2025-12-17,Ambattukavu,19,172,0,0,1
2025-12-17,Ambattukavu,20,212,0,0,1
2025-12-17,Ambattukavu,21,80,0,0,0
2025-12-17,Ambattukavu,22,85,0,0,0
2025-12-17,Muttom,6,67,0,0,0
2025-12-17,Muttom,7,91,0,0,0
2025-12-17,Muttom,8,194,0,1,0
2025-12-17,Muttom,9,200,0,1,0
2025-12-17,Muttom,10,215,0,1,0
2025-12-17,Muttom,11,76,0,0,0
2025-12-17,Muttom,12,76,0,0,0
2025-12-17,Muttom,13,86,0,0,0
2025-12-17,Muttom,14,75,0,0,0
2025-12-17,Muttom,15,80,0,0,0
2025-12-17,Muttom,16,86,0,0,0
2025-12-17,Muttom,17,191,0,0,1
2025-12-17,Muttom,18,204,0,0,1
2025-12-17,Muttom,19,200,0,0,1
2025-12-17,Muttom,20,200,0,0,1
2025-12-17,Muttom,21,96,0,0,0
2025-12-17,Muttom,22,92,0,0,0
2025-12-17,Kalamassery,6,192,0,0,0
2025-12-17,Kalamassery,7,203,0,0,0
2025-12-17,Kalamassery,8,482,0,1,0
2025-12-17,Kalamassery,9,495,0,1,0
2025-12-17,Kalamassery,10,463,0,1,0
2025-12-17,Kalamassery,11,237,0,0,0
2025-12-17,Kalamassery,12,189,0,0,0
2025-12-17,Kalamassery,13,197,0,0,0
2025-12-17,Kalamassery,14,185,0,0,0
2025-12-17,Kalamassery,15,217,0,0,0
2025-12-17,Kalamassery,16,216,0,0,0
2025-12-17,Kalamassery,17,475,0,0,1
2025-12-17,Kalamassery,18,501,0,0,1
2025-12-17,Kalamassery,19,477,0,0,1
2025-12-17,Kalamassery,20,548,0,0,1
2025-12-17,Kalamassery,21,207,0,0,0
2025-12-17,Kalamassery,22,221,0,0,0
2025-12-17,CUSAT,6,75,0,0,0
2025-12-17,CUSAT,7,80,0,0,0
2025-12-17,CUSAT,8,239,0,1,0
2025-12-17,CUSAT,9,196,0,1,0
2025-12-17,CUSAT,10,206,0,1,0
2025-12-17,CUSAT,11,82,0,0,0
2025-12-17,CUSAT,12,60,0,0,0
2025-12-17,CUSAT,13,71,0,0,0
2025-12-17,CUSAT,14,79,0,0,0
2025-12-17,CUSAT,15,74,0,0,0
2025-12-17,CUSAT,16,69,0,0,0
2025-12-17,CUSAT,17,199,0,0,1
2025-12-17,CUSAT,18,197,0,0,1
2025-12-17,CUSAT,19,204,0,0,1
2025-12-17,CUSAT,20,206,0,0,1
2025-12-17,CUSAT,21,61,0,0,0
2025-12-17,CUSAT,22,73,0,0,0
2025-12-17,Pathadipalam,6,80,0,0,0
2025-12-17,Pathadipalam,7,73,0,0,0
2025-12-17,Pathadipalam,8,229,0,1,0
2025-12-17,Pathadipalam,9,220,0,1,0
2025-12-17,Pathadipalam,10,208,0,1,0
2025-12-17,Pathadipalam,11,87,0,0,0
2025-12-17,Pathadipalam,12,75,0,0,0
2025-12-17,Pathadipalam,13,57,0,0,0
2025-12-17,Pathadipalam,14,68,0,0,0
2025-12-17,Pathadipalam,15,85,0,0,0
2025-12-17,Pathadipalam,16,86,0,0,0
2025-12-17,Pathadipalam,17,241,0,0,1
2025-12-17,Pathadipalam,18,189,0,0,1
2025-12-17,Pathadipalam,19,167,0,0,1
2025-12-17,Pathadipalam,20,220,0,0,1
2025-12-17,Pathadipalam,21,78,0,0,0
2025-12-17,Pathadipalam,22,80,0,0,0
2025-12-17,Edappally,6,172,0,0,0
2025-12-17,Edappally,7,189,0,0,0
2025-12-17,Edappally,8,481,0,1,0
2025-12-17,Edappally,9,503,0,1,0
2025-12-17,Edappally,10,500,0,1,0
2025-12-17,Edappally,11,168,0,0,0
2025-12-17,Edappally,12,183,0,0,0
2025-12-17,Edappally,13,205,0,0,0
2025-12-17,Edappally,14,182,0,0,0
2025-12-17,Edappally,15,205,0,0,0
2025-12-17,Edappally,16,194,0,0,0
2025-12-17,Edappally,17,530,0,0,1
2025-12-17,Edappally,18,505,0,0,1
2025-12-17,Edappally,19,472,0,0,1
2025-12-17,Edappally,20,512,0,0,1
2025-12-17,Edappally,21,213,0,0,0
2025-12-17,Edappally,22,233,0,0,0
2025-12-17,Changampuzha Park,6,84,0,0,0
2025-12-17,Changampuzha Park,7,73,0,0,0
2025-12-17,Changampuzha Park,8,220,0,1,0
2025-12-17,Changampuzha Park,9,189,0,1,0
2025-12-17,Changampuzha Park,10,169,0,1,0
2025-12-17,Changampuzha Park,11,63,0,0,0
2025-12-17,Changampuzha Park,12,101,0,0,0
2025-12-17,Changampuzha Park,13,98,0,0,0
2025-12-17,Changampuzha Park,14,82,0,0,0
2025-12-17,Changampuzha Park,15,81,0,0,0
2025-12-17,Changampuzha Park,16,70,0,0,0
2025-12-17,Changampuzha Park,17,212,0,0,1
2025-12-17,Changampuzha Park,18,204,0,0,1
2025-12-17,Changampuzha Park,19,207,0,0,1
2025-12-17,Changampuzha Park,20,178,0,0,1
2025-12-17,Changampuzha Park,21,96,0,0,0
2025-12-17,Changampuzha Park,22,78,0,0,0
2025-12-17,Palarivattom,6,77,0,0,0
2025-12-17,Palarivattom,7,77,0,0,0
2025-12-17,Palarivattom,8,195,0,1,0
2025-12-17,Palarivattom,9,186,0,1,0
2025-12-17,Palarivattom,10,197,0,1,0
2025-12-17,Palarivattom,11,86,0,0,0
2025-12-17,Palarivattom,12,66,0,0,0
2025-12-17,Palarivattom,13,83,0,0,0
2025-12-17,Palarivattom,14,87,0,0,0
2025-12-17,Palarivattom,15,73,0,0,0
2025-12-17,Palarivattom,16,74,0,0,0
2025-12-17,Palarivattom,17,200,0,0,1
2025-12-17,Palarivattom,18,197,0,0,1
2025-12-17,Palarivattom,19,182,0,0,1
2025-12-17,Palarivattom,20,207,0,0,1
2025-12-17,Palarivattom,21,77,0,0,0
2025-12-17,Palarivattom,22,77,0,0,0
2025-12-17,JLN Stadium,6,81,0,0,0
2025-12-17,JLN Stadium,7,76,0,0,0
2025-12-17,JLN Stadium,8,227,0,1,0
2025-12-17,JLN Stadium,9,211,0,1,0
2025-12-17,JLN Stadium,10,189,0,1,0
2025-12-17,JLN Stadium,11,98,0,0,0
2025-12-17,JLN Stadium,12,72,0,0,0
2025-12-17,JLN Stadium,13,71,0,0,0
2025-12-17,JLN Stadium,14,91,0,0,0
2025-12-17,JLN Stadium,15,64,0,0,0
2025-12-17,JLN Stadium,16,70,0,0,0
2025-12-17,JLN Stadium,17,198,0,0,1
2025-12-17,JLN Stadium,18,193,0,0,1
2025-12-17,JLN Stadium,19,191,0,0,1
2025-12-17,JLN Stadium,20,197,0,0,1
2025-12-17,JLN Stadium,21,77,0,0,0
2025-12-17,JLN Stadium,22,65,0,0,0
2025-12-17,Kaloor Town Hall,6,67,0,0,0
2025-12-17,Kaloor Town Hall,7,84,0,0,0
2025-12-17,Kaloor Town Hall,8,211,0,1,0
2025-12-17,Kaloor Town Hall,9,225,0,1,0
2025-12-17,Kaloor Town Hall,10,203,0,1,0
2025-12-17,Kaloor Town Hall,11,71,0,0,0
2025-12-17,Kaloor Town Hall,12,88,0,0,0
2025-12-17,Kaloor Town Hall,13,77,0,0,0
2025-12-17,Kaloor Town Hall,14,102,0,0,0
2025-12-17,Kaloor Town Hall,15,86,0,0,0
2025-12-17,Kaloor Town Hall,16,73,0,0,0
2025-12-17,Kaloor Town Hall,17,212,0,0,1
2025-12-17,Kaloor Town Hall,18,227,0,0,1
2025-12-17,Kaloor Town Hall,19,170,0,0,1
2025-12-17,Kaloor Town Hall,20,192,0,0,1
2025-12-17,Kaloor Town Hall,21,72,0,0,0
2025-12-17,Kaloor Town Hall,22,90,0,0,0
2025-12-17,MG Road,6,185,0,0,0
2025-12-17,MG Road,7,198,0,0,0
2025-12-17,MG Road,8,487,0,1,0
2025-12-17,MG Road,9,504,0,1,0
2025-12-17,MG Road,10,491,0,1,0
2025-12-17,MG Road,11,188,0,0,0
2025-12-17,MG Road,12,209,0,0,0
2025-12-17,MG Road,13,211,0,0,0
2025-12-17,MG Road,14,209,0,0,0
2025-12-17,MG Road,15,195,0,0,0
2025-12-17,MG Road,16,185,0,0,0
2025-12-17,MG Road,17,544,0,0,1
2025-12-17,MG Road,18,484,0,0,1
2025-12-17,MG Road,19,492,0,0,1
2025-12-17,MG Road,20,516,0,0,1
2025-12-17,MG Road,21,212,0,0,0
2025-12-17,MG Road,22,202,0,0,0
2025-12-17,Maharaja's College,6,75,0,0,0
2025-12-17,Maharaja's College,7,64,0,0,0
2025-12-17,Maharaja's College,8,193,0,1,0
2025-12-17,Maharaja's College,9,189,0,1,0
2025-12-17,Maharaja's College,10,205,0,1,0
2025-12-17,Maharaja's College,11,73,0,0,0
2025-12-17,Maharaja's College,12,79,0,0,0
2025-12-17,Maharaja's College,13,85,0,0,0
2025-12-17,Maharaja's College,14,80,0,0,0
2025-12-17,Maharaja's College,15,84,0,0,0
2025-12-17,Maharaja's College,16,76,0,0,0
2025-12-17,Maharaja's College,17,198,0,0,1
2025-12-17,Maharaja's College,18,206,0,0,1
2025-12-17,Maharaja's College,19,220,0,0,1
2025-12-17,Maharaja's College,20,191,0,0,1
2025-12-17,Maharaja's College,21,91,0,0,0
2025-12-17,Maharaja's College,22,76,0,0,0
2025-12-17,Ernakulam South,6,210,0,0,0
2025-12-17,Ernakulam South,7,204,0,0,0
2025-12-17,Ernakulam South,8,496,0,1,0
2025-12-17,Ernakulam South,9,507,0,1,0
2025-12-17,Ernakulam South,10,509,0,1,0
2025-12-17,Ernakulam South,11,199,0,0,0
2025-12-17,Ernakulam South,12,204,0,0,0
2025-12-17,Ernakulam South,13,184,0,0,0
2025-12-17,Ernakulam South,14,223,0,0,0
2025-12-17,Ernakulam South,15,194,0,0,0
2025-12-17,Ernakulam South,16,196,0,0,0
2025-12-17,Ernakulam South,17,480,0,0,1
2025-12-17,Ernakulam South,18,494,0,0,1
2025-12-17,Ernakulam South,19,514,0,0,1
2025-12-17,Ernakulam South,20,519,0,0,1
2025-12-17,Ernakulam South,21,191,0,0,0
2025-12-17,Ernakulam South,22,189,0,0,0
2025-12-17,Kadavanthra,6,79,0,0,0
2025-12-17,Kadavanthra,7,77,0,0,0
2025-12-17,Kadavanthra,8,189,0,1,0
2025-12-17,Kadavanthra,9,168,0,1,0
2025-12-17,Kadavanthra,10,201,0,1,0
2025-12-17,Kadavanthra,11,89,0,0,0
2025-12-17,Kadavanthra,12,77,0,0,0
2025-12-17,Kadavanthra,13,101,0,0,0
2025-12-17,Kadavanthra,14,78,0,0,0
2025-12-17,Kadavanthra,15,79,0,0,0
2025-12-17,Kadavanthra,16,67,0,0,0
2025-12-17,Kadavanthra,17,215,0,0,1
2025-12-17,Kadavanthra,18,215,0,0,1
2025-12-17,Kadavanthra,19,184,0,0,1
2025-12-17,Kadavanthra,20,214,0,0,1
2025-12-17,Kadavanthra,21,77,0,0,0
2025-12-17,Kadavanthra,22,83,0,0,0
2025-12-17,Elamkulam,6,82,0,0,0
2025-12-17,Elamkulam,7,76,0,0,0
2025-12-17,Elamkulam,8,196,0,1,0
2025-12-17,Elamkulam,9,198,0,1,0
2025-12-17,Elamkulam,10,223,0,1,0
2025-12-17,Elamkulam,11,79,0,0,0
2025-12-17,Elamkulam,12,86,0,0,0
2025-12-17,Elamkulam,13,62,0,0,0
2025-12-17,Elamkulam,14,92,0,0,0
2025-12-17,Elamkulam,15,101,0,0,0
2025-12-17,Elamkulam,16,81,0,0,0
2025-12-17,Elamkulam,17,213,0,0,1
2025-12-17,Elamkulam,18,205,0,0,1
2025-12-17,Elamkulam,19,176,0,0,1
2025-12-17,Elamkulam,20,209,0,0,1
2025-12-17,Elamkulam,21,74,0,0,0
2025-12-17,Elamkulam,22,93,0,0,0
2025-12-17,Vyttila,6,80,0,0,0
2025-12-17,Vyttila,7,78,0,0,0
2025-12-17,Vyttila,8,220,0,1,0
2025-12-17,Vyttila,9,211,0,1,0
2025-12-17,Vyttila,10,185,0,1,0
2025-12-17,Vyttila,11,91,0,0,0
2025-12-17,Vyttila,12,63,0,0,0
2025-12-17,Vyttila,13,97,0,0,0
2025-12-17,Vyttila,14,86,0,0,0
2025-12-17,Vyttila,15,75,0,0,0
2025-12-17,Vyttila,16,57,0,0,0
2025-12-17,Vyttila,17,188,0,0,1
2025-12-17,Vyttila,18,190,0,0,1
2025-12-17,Vyttila,19,214,0,0,1
2025-12-17,Vyttila,20,191,0,0,1
2025-12-17,Vyttila,21,95,0,0,0
2025-12-17,Vyttila,22,76,0,0,0
2025-12-17,Thaikoodam,6,78,0,0,0
2025-12-17,Thaikoodam,7,72,0,0,0
2025-12-17,Thaikoodam,8,200,0,1,0
2025-12-17,Thaikoodam,9,204,0,1,0
2025-12-17,Thaikoodam,10,187,0,1,0
2025-12-17,Thaikoodam,11,73,0,0,0
2025-12-17,Thaikoodam,12,90,0,0,0
2025-12-17,Thaikoodam,13,75,0,0,0
2025-12-17,Thaikoodam,14,77,0,0,0
2025-12-17,Thaikoodam,15,76,0,0,0
2025-12-17,Thaikoodam,16,86,0,0,0
2025-12-17,Thaikoodam,17,173,0,0,1
2025-12-17,Thaikoodam,18,180,0,0,1
2025-12-17,Thaikoodam,19,183,0,0,1
2025-12-17,Thaikoodam,20,205,0,0,1
2025-12-17,Thaikoodam,21,83,0,0,0
2025-12-17,Thaikoodam,22,67,0,0,0
2025-12-17,Petta,6,62,0,0,0
2025-12-17,Petta,7,79,0,0,0
2025-12-17,Petta,8,196,0,1,0
2025-12-17,Petta,9,202,0,1,0
2025-12-17,Petta,10,221,0,1,0
2025-12-17,Petta,11,71,0,0,0
2025-12-17,Petta,12,73,0,0,0
2025-12-17,Petta,13,92,0,0,0
2025-12-17,Petta,14,74,0,0,0
2025-12-17,Petta,15,57,0,0,0
2025-12-17,Petta,16,78,0,0,0
2025-12-17,Petta,17,190,0,0,1
2025-12-17,Petta,18,208,0,0,1
2025-12-17,Petta,19,215,0,0,1
2025-12-17,Petta,20,195,0,0,1
2025-12-17,Petta,21,96,0,0,0
2025-12-17,Petta,22,77,0,0,0
2025-12-17,Vadakkekotta,6,81,0,0,0
2025-12-17,Vadakkekotta,7,81,0,0,0
2025-12-17,Vadakkekotta,8,207,0,1,0
2025-12-17,Vadakkekotta,9,201,0,1,0
2025-12-17,Vadakkekotta,10,201,0,1,0
2025-12-17,Vadakkekotta,11,81,0,0,0
2025-12-17,Vadakkekotta,12,88,0,0,0
2025-12-17,Vadakkekotta,13,83,0,0,0
2025-12-17,Vadakkekotta,14,97,0,0,0
2025-12-17,Vadakkekotta,15,75,0,0,0
2025-12-17,Vadakkekotta,16,81,0,0,0
2025-12-17,Vadakkekotta,17,188,0,0,1
2025-12-17,Vadakkekotta,18,176,0,0,1
2025-12-17,Vadakkekotta,19,161,0,0,1
2025-12-17,Vadakkekotta,20,189,0,0,1
2025-12-17,Vadakkekotta,21,74,0,0,0
2025-12-17,Vadakkekotta,22,78,0,0,0
2025-12-17,SN Junction,6,75,0,0,0
2025-12-17,SN Junction,7,78,0,0,0
2025-12-17,SN Junction,8,182,0,1,0
2025-12-17,SN Junction,9,212,0,1,0
2025-12-17,SN Junction,10,200,0,1,0
2025-12-17,SN Junction,11,69,0,0,0
2025-12-17,SN Junction,12,92,0,0,0
2025-12-17,SN Junction,13,86,0,0,0
2025-12-17,SN Junction,14,65,0,0,0
2025-12-17,SN Junction,15,59,0,0,0
2025-12-17,SN Junction,16,106,0,0,0
2025-12-17,SN Junction,17,183,0,0,1
2025-12-17,SN Junction,18,204,0,0,1
2025-12-17,SN Junction,19,210,0,0,1
2025-12-17,SN Junction,20,205,0,0,1
2025-12-17,SN Junction,21,86,0,0,0
2025-12-17,SN Junction,22,82,0,0,0
2025-12-17,Tripunithura Terminal,6,68,0,0,0
2025-12-17,Tripunithura Terminal,7,92,0,0,0
2025-12-17,Tripunithura Terminal,8,208,0,1,0
2025-12-17,Tripunithura Terminal,9,181,0,1,0
2025-12-17,Tripunithura Terminal,10,206,0,1,0
2025-12-17,Tripunithura Terminal,11,77,0,0,0
2025-12-17,Tripunithura Terminal,12,75,0,0,0
2025-12-17,Tripunithura Terminal,13,72,0,0,0
2025-12-17,Tripunithura Terminal,14,75,0,0,0
2025-12-17,Tripunithura Terminal,15,74,0,0,0
2025-12-17,Tripunithura Terminal,16,84,0,0,0
2025-12-17,Tripunithura Terminal,17,195,0,0,1
2025-12-17,Tripunithura Terminal,18,193,0,0,1
2025-12-17,Tripunithura Terminal,19,191,0,0,1
2025-12-17,Tripunithura Terminal,20,199,0,0,1
2025-12-17,Tripunithura Terminal,21,92,0,0,0
2025-12-17,Tripunithura Terminal,22,66,0,0,0
2025-12-24,Aluva,6,193,0,0,0
2025-12-24,Aluva,7,197,0,0,0
2025-12-24,Aluva,8,495,0,1,0
2025-12-24,Aluva,9,516,0,1,0
2025-12-24,Aluva,10,496,0,1,0
2025-12-24,Aluva,11,218,0,0,0
2025-12-24,Aluva,12,194,0,0,0
2025-12-24,Aluva,13,186,0,0,0
2025-12-24,Aluva,14,210,0,0,0
2025-12-24,Aluva,15,195,0,0,0
2025-12-24,Aluva,16,193,0,0,0
2025-12-24,Aluva,17,518,0,0,1
2025-12-24,Aluva,18,476,0,0,1
2025-12-24,Aluva,19,481,0,0,1
2025-12-24,Aluva,20,509,0,0,1
2025-12-24,Aluva,21,184,0,0,0
2025-12-24,Aluva,22,197,0,0,0
2025-12-24,Pulinchodu,6,66,0,0,0
2025-12-24,Pulinchodu,7,78,0,0,0
2025-12-24,Pulinchodu,8,177,0,1,0
2025-12-24,Pulinchodu,9,218,0,1,0
2025-12-24,Pulinchodu,10,211,0,1,0
2025-12-24,Pulinchodu,11,89,0,0,0
2025-12-24,Pulinchodu,12,85,0,0,0
2025-12-24,Pulinchodu,13,76,0,0,0
2025-12-24,Pulinchodu,14,86,0,0,0
2025-12-24,Pulinchodu,15,89,0,0,0
2025-12-24,Pulinchodu,16,86,0,0,0
2025-12-24,Pulinchodu,17,171,0,0,1
2025-12-24,Pulinchodu,18,212,0,0,1
2025-12-24,Pulinchodu,19,194,0,0,1
2025-12-24,Pulinchodu,20,186,0,0,1
2025-12-24,Pulinchodu,21,77,0,0,0
2025-12-24,Pulinchodu,22,81,0,0,0
2025-12-24,Companypady,6,77,0,0,0
2025-12-24,Companypady,7,73,0,0,0
2025-12-24,Companypady,8,212,0,1,0
2025-12-24,Companypady,9,177,0,1,0
2025-12-24,Companypady,10,194,0,1,0
2025-12-24,Companypady,11,76,0,0,0
2025-12-24,Companypady,12,83,0,0,0
2025-12-24,Companypady,13,82,0,0,0
2025-12-24,Companypady,14,76,0,0,0
2025-12-24,Companypady,15,81,0,0,0
2025-12-24,Companypady,16,76,0,0,0
2025-12-24,Companypady,17,195,0,0,1
2025-12-24,Companypady,18,190,0,0,1
2025-12-24,Companypady,19,196,0,0,1
2025-12-24,Companypady,20,235,0,0,1
2025-12-24,Companypady,21,74,0,0,0
2025-12-24,Companypady,22,79,0,0,0
2025-12-24,Ambattukavu,6,78,0,0,0
2025-12-24,Ambattukavu,7,90,0,0,0
2025-12-24,Ambattukavu,8,212,0,1,0
2025-12-24,Ambattukavu,9,190,0,1,0
2025-12-24,Ambattukavu,10,183,0,1,0
2025-12-24,Ambattukavu,11,89,0,0,0
2025-12-24,Ambattukavu,12,82,0,0,0
2025-12-24,Ambattukavu,13,86,0,0,0
2025-12-24,Ambattukavu,14,82,0,0,0
2025-12-24,Ambattukavu,15,78,0,0,0
2025-12-24,Ambattukavu,16,72,0,0,0
2025-12-24,Ambattukavu,17,208,0,0,1
2025-12-24,Ambattukavu,18,175,0,0,1
2025-12-24,Ambattukavu,19,198,0,0,1
2025-12-24,Ambattukavu,20,189,0,0,1
2025-12-24,Ambattukavu,21,100,0,0,0
2025-12-24,Ambattukavu,22,78,0,0,0
2025-12-24,Muttom,6,77,0,0,0
2025-12-24,Muttom,7,76,0,0,0
2025-12-24,Muttom,8,183,0,1,0
2025-12-24,Muttom,9,181,0,1,0
2025-12-24,Muttom,10,218,0,1,0
2025-12-24,Muttom,11,88,0,0,0
2025-12-24,Muttom,12,94,0,0,0
2025-12-24,Muttom,13,75,0,0,0
2025-12-24,Muttom,14,57,0,0,0
2025-12-24,Muttom,15,84,0,0,0
2025-12-24,Muttom,16,76,0,0,0
2025-12-24,Muttom,17,169,0,0,1
2025-12-24,Muttom,18,197,0,0,1
2025-12-24,Muttom,19,208,0,0,1
2025-12-24,Muttom,20,200,0,0,1
2025-12-24,Muttom,21,78,0,0,0
2025-12-24,Muttom,22,72,0,0,0
2025-12-24,Kalamassery,6,219,0,0,0
2025-12-24,Kalamassery,7,195,0,0,0
2025-12-24,Kalamassery,8,514,0,1,0
2025-12-24,Kalamassery,9,467,0,1,0
2025-12-24,Kalamassery,10,525,0,1,0
2025-12-24,Kalamassery,11,204,0,0,0
2025-12-24,Kalamassery,12,182,0,0,0
2025-12-24,Kalamassery,13,208,0,0,0
2025-12-24,Kalamassery,14,204,0,0,0
2025-12-24,Kalamassery,15,201,0,0,0
2025-12-24,Kalamassery,16,197,0,0,0
2025-12-24,Kalamassery,17,498,0,0,1
2025-12-24,Kalamassery,18,489,0,0,1
2025-12-24,Kalamassery,19,497,0,0,1
2025-12-24,Kalamassery,20,498,0,0,1
2025-12-24,Kalamassery,21,195,0,0,0
2025-12-24,Kalamassery,22,204,0,0,0
2025-12-24,CUSAT,6,76,0,0,0
2025-12-24,CUSAT,7,76,0,0,0
2025-12-24,CUSAT,8,184,0,1,0
2025-12-24,CUSAT,9,222,0,1,0
2025-12-24,CUSAT,10,190,0,1,0
2025-12-24,CUSAT,11,94,0,0,0
2025-12-24,CUSAT,12,86,0,0,0
2025-12-24,CUSAT,13,73,0,0,0
2025-12-24,CUSAT,14,106,0,0,0
2025-12-24,CUSAT,15,81,0,0,0
2025-12-24,CUSAT,16,78,0,0,0
2025-12-24,CUSAT,17,222,0,0,1
2025-12-24,CUSAT,18,187,0,0,1
2025-12-24,CUSAT,19,212,0,0,1
2025-12-24,CUSAT,20,228,0,0,1
2025-12-24,CUSAT,21,77,0,0,0
2025-12-24,CUSAT,22,74,0,0,0
2025-12-24,Pathadipalam,6,87,0,0,0
2025-12-24,Pathadipalam,7,76,0,0,0
2025-12-24,Pathadipalam,8,209,0,1,0
2025-12-24,Pathadipalam,9,211,0,1,0
2025-12-24,Pathadipalam,10,213,0,1,0
2025-12-24,Pathadipalam,11,78,0,0,0
2025-12-24,Pathadipalam,12,99,0,0,0
2025-12-24,Pathadipalam,13,83,0,0,0
2025-12-24,Pathadipalam,14,67,0,0,0
2025-12-24,Pathadipalam,15,78,0,0,0
2025-12-24,Pathadipalam,16,72,0,0,0
2025-12-24,Pathadipalam,17,181,0,0,1
2025-12-24,Pathadipalam,18,209,0,0,1
2025-12-24,Pathadipalam,19,208,0,0,1
2025-12-24,Pathadipalam,20,204,0,0,1
2025-12-24,Pathadipalam,21,68,0,0,0
2025-12-24,Pathadipalam,22,61,0,0,0
2025-12-24,Edappally,6,218,0,0,0
2025-12-24,Edappally,7,191,0,0,0
2025-12-24,Edappally,8,509,0,1,0
2025-12-24,Edappally,9,528,0,1,0
2025-12-24,Edappally,10,504,0,1,0
2025-12-24,Edappally,11,201,0,0,0
2025-12-24,Edappally,12,215,0,0,0
2025-12-24,Edappally,13,185,0,0,0
2025-12-24,Edappally,14,195,0,0,0
2025-12-24,Edappally,15,201,0,0,0
2025-12-24,Edappally,16,187,0,0,0
2025-12-24,Edappally,17,495,0,0,1
2025-12-24,Edappally,18,465,0,0,1
2025-12-24,Edappally,19,495,0,0,1
2025-12-24,Edappally,20,465,0,0,1
2025-12-24,Edappally,21,204,0,0,0
2025-12-24,Edappally,22,193,0,0,0
2025-12-24,Changampuzha Park,6,80,0,0,0
2025-12-24,Changampuzha Park,7,78,0,0,0
2025-12-24,Changampuzha Park,8,202,0,1,0
2025-12-24,Changampuzha Park,9,189,0,1,0
2025-12-24,Changampuzha Park,10,213,0,1,0
2025-12-24,Changampuzha Park,11,71,0,0,0
2025-12-24,Changampuzha Park,12,69,0,0,0
2025-12-24,Changampuzha Park,13,88,0,0,0
2025-12-24,Changampuzha Park,14,76,0,0,0
2025-12-24,Changampuzha Park,15,91,0,0,0
2025-12-24,Changampuzha Park,16,73,0,0,0
2025-12-24,Changampuzha Park,17,214,0,0,1
2025-12-24,Changampuzha Park,18,216,0,0,1
2025-12-24,Changampuzha Park,19,195,0,0,1
2025-12-24,Changampuzha Park,20,191,0,0,1
2025-12-24,Changampuzha Park,21,82,0,0,0
2025-12-24,Changampuzha Park,22,87,0,0,0
2025-12-24,Palarivattom,6,86,0,0,0
2025-12-24,Palarivattom,7,89,0,0,0
2025-12-24,Palarivattom,8,177,0,1,0
2025-12-24,Palarivattom,9,189,0,1,0
2025-12-24,Palarivattom,10,180,0,1,0
2025-12-24,Palarivattom,11,73,0,0,0
2025-12-24,Palarivattom,12,74,0,0,0
2025-12-24,Palarivattom,13,95,0,0,0
2025-12-24,Palarivattom,14,86,0,0,0
2025-12-24,Palarivattom,15,84,0,0,0
2025-12-24,Palarivattom,16,77,0,0,0
2025-12-24,Palarivattom,17,204,0,0,1
2025-12-24,Palarivattom,18,192,0,0,1
2025-12-24,Palarivattom,19,213,0,0,1
2025-12-24,Palarivattom,20,197,0,0,1
2025-12-24,Palarivattom,21,84,0,0,0
2025-12-24,Palarivattom,22,85,0,0,0
2025-12-24,JLN Stadium,6,79,0,0,0
2025-12-24,JLN Stadium,7,87,0,0,0
2025-12-24,JLN Stadium,8,204,0,1,0
2025-12-24,JLN Stadium,9,203,0,1,0
2025-12-24,JLN Stadium,10,215,0,1,0
2025-12-24,JLN Stadium,11,80,0,0,0
2025-12-24,JLN Stadium,12,87,0,0,0
2025-12-24,JLN Stadium,13,77,0,0,0
2025-12-24,JLN Stadium,14,83,0,0,0
2025-12-24,JLN Stadium,15,77,0,0,0
2025-12-24,JLN Stadium,16,85,0,0,0
2025-12-24,JLN Stadium,17,189,0,0,1
2025-12-24,JLN Stadium,18,196,0,0,1
2025-12-24,JLN Stadium,19,204,0,0,1
2025-12-24,JLN Stadium,20,211,0,0,1
2025-12-24,JLN Stadium,21,85,0,0,0
2025-12-24,JLN Stadium,22,65,0,0,0
2025-12-24,Kaloor Town Hall,6,71,0,0,0
2025-12-24,Kaloor Town Hall,7,76,0,0,0
2025-12-24,Kaloor Town Hall,8,216,0,1,0
2025-12-24,Kaloor Town Hall,9,189,0,1,0
2025-12-24,Kaloor Town Hall,10,210,0,1,0
2025-12-24,Kaloor Town Hall,11,75,0,0,0
2025-12-24,Kaloor Town Hall,12,57,0,0,0
2025-12-24,Kaloor Town Hall,13,79,0,0,0
2025-12-24,Kaloor Town Hall,14,89,0,0,0
2025-12-24,Kaloor Town Hall,15,93,0,0,0
2025-12-24,Kaloor Town Hall,16,77,0,0,0
2025-12-24,Kaloor Town Hall,17,203,0,0,1
2025-12-24,Kaloor Town Hall,18,206,0,0,1
2025-12-24,Kaloor Town Hall,19,199,0,0,1
2025-12-24,Kaloor Town Hall,20,233,0,0,1
2025-12-24,Kaloor Town Hall,21,80,0,0,0
2025-12-24,Kaloor Town Hall,22,75,0,0,0
2025-12-24,MG Road,6,190,0,0,0
2025-12-24,MG Road,7,188,0,0,0
2025-12-24,MG Road,8,504,0,1,0
2025-12-24,MG Road,9,493,0,1,0
2025-12-24,MG Road,10,515,0,1,0
2025-12-24,MG Road,11,208,0,0,0
2025-12-24,MG Road,12,212,0,0,0
2025-12-24,MG Road,13,199,0,0,0
2025-12-24,MG Road,14,198,0,0,0
2025-12-24,MG Road,15,211,0,0,0
2025-12-24,MG Road,16,199,0,0,0
2025-12-24,MG Road,17,538,0,0,1
2025-12-24,MG Road,18,475,0,0,1
2025-12-24,MG Road,19,510,0,0,1
2025-12-24,MG Road,20,527,0,0,1
2025-12-24,MG Road,21,225,0,0,0
2025-12-24,MG Road,22,194,0,0,0
2025-12-24,Maharaja's College,6,81,0,0,0
2025-12-24,Maharaja's College,7,84,0,0,0
2025-12-24,Maharaja's College,8,180,0,1,0
2025-12-24,Maharaja's College,9,205,0,1,0
2025-12-24,Maharaja's College,10,212,0,1,0
2025-12-24,Maharaja's College,11,64,0,0,0
2025-12-24,Maharaja's College,12,76,0,0,0
2025-12-24,Maharaja's College,13,78,0,0,0
2025-12-24,Maharaja's College,14,82,0,0,0
2025-12-24,Maharaja's College,15,77,0,0,0
2025-12-24,Maharaja's College,16,57,0,0,0
2025-12-24,Maharaja's College,17,209,0,0,1
2025-12-24,Maharaja's College,18,225,0,0,1
2025-12-24,Maharaja's College,19,211,0,0,1
2025-12-24,Maharaja's College,20,173,0,0,1
2025-12-24,Maharaja's College,21,76,0,0,0
2025-12-24,Maharaja's College,22,87,0,0,0
2025-12-24,Ernakulam South,6,193,0,0,0
2025-12-24,Ernakulam South,7,203,0,0,0
2025-12-24,Ernakulam South,8,499,0,1,0
2025-12-24,Ernakulam South,9,533,0,1,0
2025-12-24,Ernakulam South,10,497,0,1,0
2025-12-24,Ernakulam South,11,181,0,0,0
2025-12-24,Ernakulam South,12,214,0,0,0
2025-12-24,Ernakulam South,13,208,0,0,0
2025-12-24,Ernakulam South,14,202,0,0,0
2025-12-24,Ernakulam South,15,190,0,0,0
2025-12-24,Ernakulam South,16,219,0,0,0
2025-12-24,Ernakulam South,17,484,0,0,1
2025-12-24,Ernakulam South,18,466,0,0,1
2025-12-24,Ernakulam South,19,519,0,0,1
2025-12-24,Ernakulam South,20,513,0,0,1
2025-12-24,Ernakulam South,21,210,0,0,0
2025-12-24,Ernakulam South,22,218,0,0,0
2025-12-24,Kadavanthra,6,87,0,0,0
2025-12-24,Kadavanthra,7,79,0,0,0
2025-12-24,Kadavanthra,8,187,0,1,0
2025-12-24,Kadavanthra,9,202,0,1,0
2025-12-24,Kadavanthra,10,213,0,1,0
2025-12-24,Kadavanthra,11,76,0,0,0
2025-12-24,Kadavanthra,12,91,0,0,0
2025-12-24,Kadavanthra,13,76,0,0,0
2025-12-24,Kadavanthra,14,93,0,0,0
2025-12-24,Kadavanthra,15,100,0,0,0
2025-12-24,Kadavanthra,16,84,0,0,0
2025-12-24,Kadavanthra,17,199,0,0,1
2025-12-24,Kadavanthra,18,204,0,0,1
2025-12-24,Kadavanthra,19,198,0,0,1
2025-12-24,Kadavanthra,20,193,0,0,1
2025-12-24,Kadavanthra,21,67,0,0,0
2025-12-24,Kadavanthra,22,98,0,0,0
2025-12-24,Elamkulam,6,79,0,0,0
2025-12-24,Elamkulam,7,79,0,0,0
2025-12-24,Elamkulam,8,203,0,1,0
2025-12-24,Elamkulam,9,189,0,1,0
2025-12-24,Elamkulam,10,196,0,1,0
2025-12-24,Elamkulam,11,74,0,0,0
2025-12-24,Elamkulam,12,88,0,0,0
2025-12-24,Elamkulam,13,83,0,0,0
2025-12-24,Elamkulam,14,79,0,0,0
2025-12-24,Elamkulam,15,87,0,0,0
2025-12-24,Elamkulam,16,84,0,0,0
2025-12-24,Elamkulam,17,206,0,0,1
2025-12-24,Elamkulam,18,189,0,0,1
2025-12-24,Elamkulam,19,199,0,0,1
2025-12-24,Elamkulam,20,193,0,0,1
2025-12-24,Elamkulam,21,81,0,0,0
2025-12-24,Elamkulam,22,84,0,0,0
2025-12-24,Vyttila,6,62,0,0,0
2025-12-24,Vyttila,7,78,0,0,0
2025-12-24,Vyttila,8,197,0,1,0
2025-12-24,Vyttila,9,191,0,1,0
2025-12-24,Vyttila,10,205,0,1,0
2025-12-24,Vyttila,11,68,0,0,0
2025-12-24,Vyttila,12,82,0,0,0
2025-12-24,Vyttila,13,91,0,0,0
2025-12-24,Vyttila,14,66,0,0,0
2025-12-24,Vyttila,15,90,0,0,0
2025-12-24,Vyttila,16,77,0,0,0
2025-12-24,Vyttila,17,198,0,0,1
2025-12-24,Vyttila,18,207,0,0,1
2025-12-24,Vyttila,19,208,0,0,1
2025-12-24,Vyttila,20,212,0,0,1
2025-12-24,Vyttila,21,79,0,0,0
2025-12-24,Vyttila,22,87,0,0,0
2025-12-24,Thaikoodam,6,93,0,0,0
2025-12-24,Thaikoodam,7,80,0,0,0
2025-12-24,Thaikoodam,8,204,0,1,0
2025-12-24,Thaikoodam,9,203,0,1,0
2025-12-24,Thaikoodam,10,191,0,1,0
2025-12-24,Thaikoodam,11,76,0,0,0
2025-12-24,Thaikoodam,12,90,0,0,0
2025-12-24,Thaikoodam,13,94,0,0,0
2025-12-24,Thaikoodam,14,87,0,0,0
2025-12-24,Thaikoodam,15,90,0,0,0
2025-12-24,Thaikoodam,16,68,0,0,0
2025-12-24,Thaikoodam,17,189,0,0,1
2025-12-24,Thaikoodam,18,188,0,0,1
2025-12-24,Thaikoodam,19,201,0,0,1
2025-12-24,Thaikoodam,20,209,0,0,1
2025-12-24,Thaikoodam,21,55,0,0,0
2025-12-24,Thaikoodam,22,79,0,0,0
2025-12-24,Petta,6,74,0,0,0
2025-12-24,Petta,7,93,0,0,0
2025-12-24,Petta,8,215,0,1,0
2025-12-24,Petta,9,215,0,1,0
2025-12-24,Petta,10,198,0,1,0
2025-12-24,Petta,11,99,0,0,0
2025-12-24,Petta,12,77,0,0,0
2025-12-24,Petta,13,69,0,0,0
2025-12-24,Petta,14,79,0,0,0
2025-12-24,Petta,15,89,0,0,0
2025-12-24,Petta,16,84,0,0,0
2025-12-24,Petta,17,188,0,0,1
2025-12-24,Petta,18,205,0,0,1
2025-12-24,Petta,19,194,0,0,1
2025-12-24,Petta,20,175,0,0,1
2025-12-24,Petta,21,90,0,0,0
2025-12-24,Petta,22,70,0,0,0
2025-12-24,Vadakkekotta,6,66,0,0,0
2025-12-24,Vadakkekotta,7,86,0,0,0
2025-12-24,Vadakkekotta,8,215,0,1,0
2025-12-24,Vadakkekotta,9,213,0,1,0
2025-12-24,Vadakkekotta,10,187,0,1,0
2025-12-24,Vadakkekotta,11,59,0,0,0
2025-12-24,Vadakkekotta,12,78,0,0,0
2025-12-24,Vadakkekotta,13,85,0,0,0
2025-12-24,Vadakkekotta,14,83,0,0,0
2025-12-24,Vadakkekotta,15,67,0,0,0
2025-12-24,Vadakkekotta,16,84,0,0,0
2025-12-24,Vadakkekotta,17,191,0,0,1
2025-12-24,Vadakkekotta,18,220,0,0,1
2025-12-24,Vadakkekotta,19,215,0,0,1
2025-12-24,Vadakkekotta,20,207,0,0,1
2025-12-24,Vadakkekotta,21,85,0,0,0
2025-12-24,Vadakkekotta,22,65,0,0,0
2025-12-24,SN Junction,6,86,0,0,0
2025-12-24,SN Junction,7,80,0,0,0
2025-12-24,SN Junction,8,209,0,1,0
2025-12-24,SN Junction,9,202,0,1,0
2025-12-24,SN Junction,10,204,0,1,0
2025-12-24,SN Junction,11,81,0,0,0
2025-12-24,SN Junction,12,58,0,0,0
2025-12-24,SN Junction,13,86,0,0,0
2025-12-24,SN Junction,14,73,0,0,0
2025-12-24,SN Junction,15,78,0,0,0
2025-12-24,SN Junction,16,77,0,0,0
2025-12-24,SN Junction,17,192,0,0,1
2025-12-24,SN Junction,18,203,0,0,1
2025-12-24,SN Junction,19,212,0,0,1
2025-12-24,SN Junction,20,205,0,0,1
2025-12-24,SN Junction,21,82,0,0,0
2025-12-24,SN Junction,22,80,0,0,0
2025-12-24,Tripunithura Terminal,6,81,0,0,0
2025-12-24,Tripunithura Terminal,7,92,0,0,0
2025-12-24,Tripunithura Terminal,8,184,0,1,0
2025-12-24,Tripunithura Terminal,9,208,0,1,0
2025-12-24,Tripunithura Terminal,10,193,0,1,0
2025-12-24,Tripunithura Terminal,11,79,0,0,0
2025-12-24,Tripunithura Terminal,12,77,0,0,0
2025-12-24,Tripunithura Terminal,13,74,0,0,0
2025-12-24,Tripunithura Terminal,14,94,0,0,0
2025-12-24,Tripunithura Terminal,15,86,0,0,0
2025-12-24,Tripunithura Terminal,16,87,0,0,0
2025-12-24,Tripunithura Terminal,17,205,0,0,1
2025-12-24,Tripunithura Terminal,18,191,0,0,1
2025-12-24,Tripunithura Terminal,19,187,0,0,1
2025-12-24,Tripunithura Terminal,20,200,0,0,1
2025-12-24,Tripunithura Terminal,21,86,0,0,0
2025-12-24,Tripunithura Terminal,22,84,0,0,0
2025-12-31,Aluva,6,176,0,0,0
2025-12-31,Aluva,7,205,0,0,0
2025-12-31,Aluva,8,478,0,1,0
2025-12-31,Aluva,9,512,0,1,0
2025-12-31,Aluva,10,489,0,1,0
2025-12-31,Aluva,11,205,0,0,0
2025-12-31,Aluva,12,187,0,0,0
2025-12-31,Aluva,13,170,0,0,0
2025-12-31,Aluva,14,203,0,0,0
2025-12-31,Aluva,15,217,0,0,0
2025-12-31,Aluva,16,199,0,0,0
2025-12-31,Aluva,17,493,0,0,1
2025-12-31,Aluva,18,515,0,0,1
2025-12-31,Aluva,19,493,0,0,1
2025-12-31,Aluva,20,481,0,0,1
2025-12-31,Aluva,21,228,0,0,0
2025-12-31,Aluva,22,177,0,0,0
2025-12-31,Pulinchodu,6,68,0,0,0
2025-12-31,Pulinchodu,7,96,0,0,0
2025-12-31,Pulinchodu,8,195,0,1,0
2025-12-31,Pulinchodu,9,218,0,1,0
2025-12-31,Pulinchodu,10,206,0,1,0
2025-12-31,Pulinchodu,11,90,0,0,0
2025-12-31,Pulinchodu,12,81,0,0,0
2025-12-31,Pulinchodu,13,74,0,0,0
2025-12-31,Pulinchodu,14,102,0,0,0
2025-12-31,Pulinchodu,15,92,0,0,0
2025-12-31,Pulinchodu,16,81,0,0,0
2025-12-31,Pulinchodu,17,220,0,0,1
2025-12-31,Pulinchodu,18,195,0,0,1
2025-12-31,Pulinchodu,19,228,0,0,1
2025-12-31,Pulinchodu,20,214,0,0,1
2025-12-31,Pulinchodu,21,91,0,0,0
2025-12-31,Pulinchodu,22,89,0,0,0
2025-12-31,Companypady,6,84,0,0,0
2025-12-31,Companypady,7,94,0,0,0
2025-12-31,Companypady,8,215,0,1,0
2025-12-31,Companypady,9,215,0,1,0
2025-12-31,Companypady,10,217,0,1,0
2025-12-31,Companypady,11,86,0,0,0
2025-12-31,Companypady,12,75,0,0,0
2025-12-31,Companypady,13,66,0,0,0
2025-12-31,Companypady,14,86,0,0,0
2025-12-31,Companypady,15,70,0,0,0
2025-12-31,Companypady,16,92,0,0,0
2025-12-31,Companypady,17,173,0,0,1
2025-12-31,Companypady,18,197,0,0,1
2025-12-31,Companypady,19,218,0,0,1
2025-12-31,Companypady,20,190,0,0,1
2025-12-31,Companypady,21,77,0,0,0
2025-12-31,Companypady,22,71,0,0,0
2025-12-31,Ambattukavu,6,81,0,0,0
2025-12-31,Ambattukavu,7,76,0,0,0
2025-12-31,Ambattukavu,8,207,0,1,0
2025-12-31,Ambattukavu,9,202,0,1,0
2025-12-31,Ambattukavu,10,199,0,1,0
2025-12-31,Ambattukavu,11,71,0,0,0
2025-12-31,Ambattukavu,12,69,0,0,0
2025-12-31,Ambattukavu,13,86,0,0,0
2025-12-31,Ambattukavu,14,90,0,0,0
2025-12-31,Ambattukavu,15,76,0,0,0
2025-12-31,Ambattukavu,16,86,0,0,0
2025-12-31,Ambattukavu,17,198,0,0,1
2025-12-31,Ambattukavu,18,212,0,0,1
2025-12-31,Ambattukavu,19,228,0,0,1
2025-12-31,Ambattukavu,20,167,0,0,1
2025-12-31,Ambattukavu,21,81,0,0,0
2025-12-31,Ambattukavu,22,90,0,0,0
2025-12-31,Muttom,6,70,0,0,0
2025-12-31,Muttom,7,70,0,0,0
2025-12-31,Muttom,8,178,0,1,0
2025-12-31,Muttom,9,196,0,1,0
2025-12-31,Muttom,10,202,0,1,0
2025-12-31,Muttom,11,86,0,0,0
2025-12-31,Muttom,12,91,0,0,0
2025-12-31,Muttom,13,69,0,0,0
2025-12-31,Muttom,14,56,0,0,0
2025-12-31,Muttom,15,82,0,0,0
2025-12-31,Muttom,16,79,0,0,0
2025-12-31,Muttom,17,190,0,0,1
2025-12-31,Muttom,18,220,0,0,1
2025-12-31,Muttom,19,206,0,0,1
2025-12-31,Muttom,20,194,0,0,1
2025-12-31,Muttom,21,74,0,0,0
2025-12-31,Muttom,22,85,0,0,0
2025-12-31,Kalamassery,6,174,0,0,0
2025-12-31,Kalamassery,7,183,0,0,0
2025-12-31,Kalamassery,8,524,0,1,0
2025-12-31,Kalamassery,9,510,0,1,0
2025-12-31,Kalamassery,10,499,0,1,0
2025-12-31,Kalamassery,11,201,0,0,0
2025-12-31,Kalamassery,12,196,0,0,0
2025-12-31,Kalamassery,13,222,0,0,0
2025-12-31,Kalamassery,14,204,0,0,0
2025-12-31,Kalamassery,15,205,0,0,0
2025-12-31,Kalamassery,16,200,0,0,0
2025-12-31,Kalamassery,17,527,0,0,1
2025-12-31,Kalamassery,18,484,0,0,1
2025-12-31,Kalamassery,19,519,0,0,1
2025-12-31,Kalamassery,20,506,0,0,1
2025-12-31,Kalamassery,21,203,0,0,0
2025-12-31,Kalamassery,22,204,0,0,0
2025-12-31,CUSAT,6,85,0,0,0
2025-12-31,CUSAT,7,76,0,0,0
2025-12-31,CUSAT,8,191,0,1,0
2025-12-31,CUSAT,9,203,0,1,0
2025-12-31,CUSAT,10,199,0,1,0
2025-12-31,CUSAT,11,70,0,0,0
2025-12-31,CUSAT,12,79,0,0,0
2025-12-31,CUSAT,13,73,0,0,0
2025-12-31,CUSAT,14,72,0,0,0
2025-12-31,CUSAT,15,79,0,0,0
2025-12-31,CUSAT,16,70,0,0,0
2025-12-31,CUSAT,17,180,0,0,1
2025-12-31,CUSAT,18,211,0,0,1
2025-12-31,CUSAT,19,204,0,0,1
2025-12-31,CUSAT,20,173,0,0,1
2025-12-31,CUSAT,21,72,0,0,0
2025-12-31,CUSAT,22,61,0,0,0
2025-12-31,Pathadipalam,6,71,0,0,0
2025-12-31,Pathadipalam,7,73,0,0,0
2025-12-31,Pathadipalam,8,198,0,1,0
2025-12-31,Pathadipalam,9,205,0,1,0
2025-12-31,Pathadipalam,10,188,0,1,0
2025-12-31,Pathadipalam,11,97,0,0,0
2025-12-31,Pathadipalam,12,75,0,0,0
2025-12-31,Pathadipalam,13,90,0,0,0
2025-12-31,Pathadipalam,14,80,0,0,0
2025-12-31,Pathadipalam,15,84,0,0,0
2025-12-31,Pathadipalam,16,76,0,0,0
2025-12-31,Pathadipalam,17,217,0,0,1
2025-12-31,Pathadipalam,18,216,0,0,1
2025-12-31,Pathadipalam,19,208,0,0,1
2025-12-31,Pathadipalam,20,209,0,0,1
2025-12-31,Pathadipalam,21,78,0,0,0
2025-12-31,Pathadipalam,22,79,0,0,0
2025-12-31,Edappally,6,227,0,0,0
2025-12-31,Edappally,7,198,0,0,0
2025-12-31,Edappally,8,505,0,1,0
2025-12-31,Edappally,9,484,0,1,0
2025-12-31,Edappally,10,508,0,1,0
2025-12-31,Edappally,11,211,0,0,0
2025-12-31,Edappally,12,188,0,0,0
2025-12-31,Edappally,13,215,0,0,0
2025-12-31,Edappally,14,234,0,0,0
2025-12-31,Edappally,15,194,0,0,0
2025-12-31,Edappally,16,203,0,0,0
2025-12-31,Edappally,17,519,0,0,1
2025-12-31,Edappally,18,494,0,0,1
2025-12-31,Edappally,19,478,0,0,1
2025-12-31,Edappally,20,509,0,0,1
2025-12-31,Edappally,21,217,0,0,0
2025-12-31,Edappally,22,194,0,0,0
2025-12-31,Changampuzha Park,6,74,0,0,0
2025-12-31,Changampuzha Park,7,74,0,0,0
2025-12-31,Changampuzha Park,8,193,0,1,0
2025-12-31,Changampuzha Park,9,221,0,1,0
2025-12-31,Changampuzha Park,10,199,0,1,0
2025-12-31,Changampuzha Park,11,85,0,0,0
2025-12-31,Changampuzha Park,12,70,0,0,0
2025-12-31,Changampuzha Park,13,81,0,0,0
2025-12-31,Changampuzha Park,14,86,0,0,0
2025-12-31,Changampuzha Park,15,76,0,0,0
2025-12-31,Changampuzha Park,16,72,0,0,0
2025-12-31,Changampuzha Park,17,200,0,0,1
2025-12-31,Changampuzha Park,18,206,0,0,1
2025-12-31,Changampuzha Park,19,213,0,0,1
2025-12-31,Changampuzha Park,20,195,0,0,1
2025-12-31,Changampuzha Park,21,87,0,0,0
2025-12-31,Changampuzha Park,22,80,0,0,0
2025-12-31,Palarivattom,6,72,0,0,0
2025-12-31,Palarivattom,7,72,0,0,0
2025-12-31,Palarivattom,8,201,0,1,0
2025-12-31,Palarivattom,9,234,0,1,0
2025-12-31,Palarivattom,10,209,0,1,0
2025-12-31,Palarivattom,11,78,0,0,0
2025-12-31,Palarivattom,12,79,0,0,0
2025-12-31,Palarivattom,13,55,0,0,0
2025-12-31,Palarivattom,14,73,0,0,0
2025-12-31,Palarivattom,15,81,0,0,0
2025-12-31,Palarivattom,16,76,0,0,0
2025-12-31,Palarivattom,17,195,0,0,1
2025-12-31,Palarivattom,18,185,0,0,1
2025-12-31,Palarivattom,19,224,0,0,1
2025-12-31,Palarivattom,20,195,0,0,1
2025-12-31,Palarivattom,21,69,0,0,0
2025-12-31,Palarivattom,22,69,0,0,0
2025-12-31,JLN Stadium,6,91,0,0,0
2025-12-31,JLN Stadium,7,76,0,0,0
2025-12-31,JLN Stadium,8,197,0,1,0
2025-12-31,JLN Stadium,9,205,0,1,0
2025-12-31,JLN Stadium,10,194,0,1,0
2025-12-31,JLN Stadium,11,81,0,0,0
2025-12-31,JLN Stadium,12,83,0,0,0
2025-12-31,JLN Stadium,13,84,0,0,0
2025-12-31,JLN Stadium,14,92,0,0,0
2025-12-31,JLN Stadium,15,80,0,0,0
2025-12-31,JLN Stadium,16,74,0,0,0
2025-12-31,JLN Stadium,17,229,0,0,1
2025-12-31,JLN Stadium,18,189,0,0,1
2025-12-31,JLN Stadium,19,203,0,0,1
2025-12-31,JLN Stadium,20,208,0,0,1
2025-12-31,JLN Stadium,21,91,0,0,0
2025-12-31,JLN Stadium,22,81,0,0,0
2025-12-31,Kaloor Town Hall,6,83,0,0,0
2025-12-31,Kaloor Town Hall,7,85,0,0,0
2025-12-31,Kaloor Town Hall,8,203,0,1,0
2025-12-31,Kaloor Town Hall,9,203,0,1,0
2025-12-31,Kaloor Town Hall,10,198,0,1,0
2025-12-31,Kaloor Town Hall,11,101,0,0,0
2025-12-31,Kaloor Town Hall,12,76,0,0,0
2025-12-31,Kaloor Town Hall,13,85,0,0,0
2025-12-31,Kaloor Town Hall,14,89,0,0,0
2025-12-31,Kaloor Town Hall,15,89,0,0,0
2025-12-31,Kaloor Town Hall,16,89,0,0,0
2025-12-31,Kaloor Town Hall,17,207,0,0,1
2025-12-31,Kaloor Town Hall,18,192,0,0,1
2025-12-31,Kaloor Town Hall,19,206,0,0,1
2025-12-31,Kaloor Town Hall,20,188,0,0,1
2025-12-31,Kaloor Town Hall,21,83,0,0,0
2025-12-31,Kaloor Town Hall,22,82,0,0,0
2025-12-31,MG Road,6,179,0,0,0
2025-12-31,MG Road,7,192,0,0,0
2025-12-31,MG Road,8,507,0,1,0
2025-12-31,MG Road,9,525,0,1,0
2025-12-31,MG Road,10,529,0,1,0
2025-12-31,MG Road,11,200,0,0,0
2025-12-31,MG Road,12,202,0,0,0
2025-12-31,MG Road,13,188,0,0,0
2025-12-31,MG Road,14,210,0,0,0
2025-12-31,MG Road,15,235,0,0,0
2025-12-31,MG Road,16,224,0,0,0
2025-12-31,MG Road,17,486,0,0,1
2025-12-31,MG Road,18,484,0,0,1
2025-12-31,MG Road,19,466,0,0,1
2025-12-31,MG Road,20,480,0,0,1
2025-12-31,MG Road,21,207,0,0,0
2025-12-31,MG Road,22,170,0,0,0
2025-12-31,Maharaja's College,6,91,0,0,0
2025-12-31,Maharaja's College,7,89,0,0,0
2025-12-31,Maharaja's College,8,166,0,1,0
2025-12-31,Maharaja's College,9,191,0,1,0
2025-12-31,Maharaja's College,10,214,0,1,0
2025-12-31,Maharaja's College,11,87,0,0,0
2025-12-31,Maharaja's College,12,93,0,0,0
2025-12-31,Maharaja's College,13,71,0,0,0
2025-12-31,Maharaja's College,14,71,0,0,0
2025-12-31,Maharaja's College,15,77,0,0,0
2025-12-31,Maharaja's College,16,79,0,0,0
2025-12-31,Maharaja's College,17,215,0,0,1
2025-12-31,Maharaja's College,18,171,0,0,1
2025-12-31,Maharaja's College,19,206,0,0,1
2025-12-31,Maharaja's College,20,190,0,0,1
2025-12-31,Maharaja's College,21,78,0,0,0
2025-12-31,Maharaja's College,22,92,0,0,0
2025-12-31,Ernakulam South,6,179,0,0,0
2025-12-31,Ernakulam South,7,212,0,0,0
2025-12-31,Ernakulam South,8,491,0,1,0
2025-12-31,Ernakulam South,9,466,0,1,0
2025-12-31,Ernakulam South,10,504,0,1,0
2025-12-31,Ernakulam South,11,236,0,0,0
2025-12-31,Ernakulam South,12,195,0,0,0
2025-12-31,Ernakulam South,13,190,0,0,0
2025-12-31,Ernakulam South,14,187,0,0,0
2025-12-31,Ernakulam South,15,194,0,0,0
2025-12-31,Ernakulam South,16,223,0,0,0
2025-12-31,Ernakulam South,17,484,0,0,1
2025-12-31,Ernakulam South,18,543,0,0,1
2025-12-31,Ernakulam South,19,505,0,0,1
2025-12-31,Ernakulam South,20,512,0,0,1
2025-12-31,Ernakulam South,21,214,0,0,0
2025-12-31,Ernakulam South,22,191,0,0,0
2025-12-31,Kadavanthra,6,78,0,0,0
2025-12-31,Kadavanthra,7,80,0,0,0
2025-12-31,Kadavanthra,8,227,0,1,0
2025-12-31,Kadavanthra,9,212,0,1,0
2025-12-31,Kadavanthra,10,203,0,1,0
2025-12-31,Kadavanthra,11,60,0,0,0
2025-12-31,Kadavanthra,12,73,0,0,0
2025-12-31,Kadavanthra,13,93,0,0,0
2025-12-31,Kadavanthra,14,82,0,0,0
2025-12-31,Kadavanthra,15,88,0,0,0
2025-12-31,Kadavanthra,16,75,0,0,0
2025-12-31,Kadavanthra,17,179,0,0,1
2025-12-31,Kadavanthra,18,194,0,0,1
2025-12-31,Kadavanthra,19,204,0,0,1
2025-12-31,Kadavanthra,20,189,0,0,1
2025-12-31,Kadavanthra,21,91,0,0,0
2025-12-31,Kadavanthra,22,81,0,0,0
2025-12-31,Elamkulam,6,78,0,0,0
2025-12-31,Elamkulam,7,73,0,0,0
2025-12-31,Elamkulam,8,201,0,1,0
2025-12-31,Elamkulam,9,216,0,1,0
2025-12-31,Elamkulam,10,188,0,1,0
2025-12-31,Elamkulam,11,80,0,0,0
2025-12-31,Elamkulam,12,79,0,0,0
2025-12-31,Elamkulam,13,78,0,0,0
2025-12-31,Elamkulam,14,71,0,0,0
2025-12-31,Elamkulam,15,72,0,0,0
2025-12-31,Elamkulam,16,69,0,0,0
2025-12-31,Elamkulam,17,187,0,0,1
2025-12-31,Elamkulam,18,209,0,0,1
2025-12-31,Elamkulam,19,207,0,0,1
2025-12-31,Elamkulam,20,210,0,0,1
2025-12-31,Elamkulam,21,83,0,0,0
2025-12-31,Elamkulam,22,72,0,0,0
2025-12-31,Vyttila,6,80,0,0,0
2025-12-31,Vyttila,7,75,0,0,0
2025-12-31,Vyttila,8,189,0,1,0
2025-12-31,Vyttila,9,219,0,1,0
2025-12-31,Vyttila,10,184,0,1,0
2025-12-31,Vyttila,11,87,0,0,0
2025-12-31,Vyttila,12,86,0,0,0
2025-12-31,Vyttila,13,85,0,0,0
2025-12-31,Vyttila,14,82,0,0,0
2025-12-31,Vyttila,15,68,0,0,0
2025-12-31,Vyttila,16,89,0,0,0
2025-12-31,Vyttila,17,213,0,0,1
2025-12-31,Vyttila,18,207,0,0,1
2025-12-31,Vyttila,19,183,0,0,1
2025-12-31,Vyttila,20,215,0,0,1
2025-12-31,Vyttila,21,88,0,0,0
2025-12-31,Vyttila,22,91,0,0,0
2025-12-31,Thaikoodam,6,74,0,0,0
2025-12-31,Thaikoodam,7,71,0,0,0
2025-12-31,Thaikoodam,8,187,0,1,0
2025-12-31,Thaikoodam,9,182,0,1,0
2025-12-31,Thaikoodam,10,191,0,1,0
2025-12-31,Thaikoodam,11,78,0,0,0
2025-12-31,Thaikoodam,12,70,0,0,0
2025-12-31,Thaikoodam,13,74,0,0,0
2025-12-31,Thaikoodam,14,79,0,0,0
2025-12-31,Thaikoodam,15,79,0,0,0
2025-12-31,Thaikoodam,16,80,0,0,0
2025-12-31,Thaikoodam,17,172,0,0,1
2025-12-31,Thaikoodam,18,195,0,0,1
2025-12-31,Thaikoodam,19,181,0,0,1
2025-12-31,Thaikoodam,20,190,0,0,1
2025-12-31,Thaikoodam,21,103,0,0,0
2025-12-31,Thaikoodam,22,98,0,0,0
2025-12-31,Petta,6,81,0,0,0
2025-12-31,Petta,7,72,0,0,0
2025-12-31,Petta,8,219,0,1,0
2025-12-31,Petta,9,212,0,1,0
2025-12-31,Petta,10,175,0,1,0
2025-12-31,Petta,11,65,0,0,0
2025-12-31,Petta,12,63,0,0,0
2025-12-31,Petta,13,80,0,0,0
2025-12-31,Petta,14,87,0,0,0
2025-12-31,Petta,15,82,0,0,0
2025-12-31,Petta,16,80,0,0,0
2025-12-31,Petta,17,180,0,0,1
2025-12-31,Petta,18,223,0,0,1
2025-12-31,Petta,19,220,0,0,1
2025-12-31,Petta,20,213,0,0,1
2025-12-31,Petta,21,77,0,0,0
2025-12-31,Petta,22,74,0,0,0
2025-12-31,Vadakkekotta,6,78,0,0,0
2025-12-31,Vadakkekotta,7,68,0,0,0
2025-12-31,Vadakkekotta,8,168,0,1,0
2025-12-31,Vadakkekotta,9,177,0,1,0
2025-12-31,Vadakkekotta,10,178,0,1,0
2025-12-31,Vadakkekotta,11,86,0,0,0
2025-12-31,Vadakkekotta,12,84,0,0,0
2025-12-31,Vadakkekotta,13,72,0,0,0
2025-12-31,Vadakkekotta,14,75,0,0,0
2025-12-31,Vadakkekotta,15,75,0,0,0
2025-12-31,Vadakkekotta,16,66,0,0,0
2025-12-31,Vadakkekotta,17,203,0,0,1
2025-12-31,Vadakkekotta,18,180,0,0,1
2025-12-31,Vadakkekotta,19,205,0,0,1
2025-12-31,Vadakkekotta,20,216,0,0,1
2025-12-31,Vadakkekotta,21,72,0,0,0
2025-12-31,Vadakkekotta,22,79,0,0,0
2025-12-31,SN Junction,6,91,0,0,0
2025-12-31,SN Junction,7,74,0,0,0
2025-12-31,SN Junction,8,190,0,1,0
2025-12-31,SN Junction,9,193,0,1,0
2025-12-31,SN Junction,10,204,0,1,0
2025-12-31,SN Junction,11,78,0,0,0
2025-12-31,SN Junction,12,79,0,0,0
2025-12-31,SN Junction,13,77,0,0,0
2025-12-31,SN Junction,14,78,0,0,0
2025-12-31,SN Junction,15,68,0,0,0
2025-12-31,SN Junction,16,75,0,0,0
2025-12-31,SN Junction,17,223,0,0,1
2025-12-31,SN Junction,18,215,0,0,1
2025-12-31,SN Junction,19,212,0,0,1
2025-12-31,SN Junction,20,194,0,0,1
2025-12-31,SN Junction,21,84,0,0,0
2025-12-31,SN Junction,22,70,0,0,0
2025-12-31,Tripunithura Terminal,6,69,0,0,0
2025-12-31,Tripunithura Terminal,7,82,0,0,0
2025-12-31,Tripunithura Terminal,8,200,0,1,0
2025-12-31,Tripunithura Terminal,9,227,0,1,0
2025-12-31,Tripunithura Terminal,10,226,0,1,0
2025-12-31,Tripunithura Terminal,11,97,0,0,0
2025-12-31,Tripunithura Terminal,12,87,0,0,0
2025-12-31,Tripunithura Terminal,13,90,0,0,0
2025-12-31,Tripunithura Terminal,14,77,0,0,0
2025-12-31,Tripunithura Terminal,15,73,0,0,0
2025-12-31,Tripunithura Terminal,16,92,0,0,0
2025-12-31,Tripunithura Terminal,17,193,0,0,1
2025-12-31,Tripunithura Terminal,18,243,0,0,1
2025-12-31,Tripunithura Terminal,19,215,0,0,1
2025-12-31,Tripunithura Terminal,20,195,0,0,1
2025-12-31,Tripunithura Terminal,21,90,0,0,0
2025-12-31,Tripunithura Terminal,22,63,0,0,0
2026-01-07,Aluva,6,216,0,0,0
2026-01-07,Aluva,7,204,0,0,0
2026-01-07,Aluva,8,485,0,1,0
2026-01-07,Aluva,9,461,0,1,0
2026-01-07,Aluva,10,494,0,1,0
2026-01-07,Aluva,11,191,0,0,0
2026-01-07,Aluva,12,173,0,0,0
2026-01-07,Aluva,13,213,0,0,0
2026-01-07,Aluva,14,204,0,0,0
2026-01-07,Aluva,15,198,0,0,0
2026-01-07,Aluva,16,191,0,0,0
2026-01-07,Aluva,17,549,0,0,1
2026-01-07,Aluva,18,470,0,0,1
2026-01-07,Aluva,19,476,0,0,1
2026-01-07,Aluva,20,464,0,0,1
2026-01-07,Aluva,21,205,0,0,0
2026-01-07,Aluva,22,184,0,0,0
2026-01-07,Pulinchodu,6,73,0,0,0
2026-01-07,Pulinchodu,7,70,0,0,0
2026-01-07,Pulinchodu,8,203,0,1,0
2026-01-07,Pulinchodu,9,198,0,1,0
2026-01-07,Pulinchodu,10,178,0,1,0
2026-01-07,Pulinchodu,11,76,0,0,0
2026-01-07,Pulinchodu,12,85,0,0,0
2026-01-07,Pulinchodu,13,72,0,0,0
2026-01-07,Pulinchodu,14,89,0,0,0
2026-01-07,Pulinchodu,15,84,0,0,0
2026-01-07,Pulinchodu,16,76,0,0,0
2026-01-07,Pulinchodu,17,195,0,0,1
2026-01-07,Pulinchodu,18,203,0,0,1
2026-01-07,Pulinchodu,19,189,0,0,1
2026-01-07,Pulinchodu,20,201,0,0,1
2026-01-07,Pulinchodu,21,74,0,0,0
2026-01-07,Pulinchodu,22,75,0,0,0
2026-01-07,Companypady,6,77,0,0,0
2026-01-07,Companypady,7,75,0,0,0
2026-01-07,Companypady,8,205,0,1,0
2026-01-07,Companypady,9,207,0,1,0
2026-01-07,Companypady,10,189,0,1,0
2026-01-07,Companypady,11,98,0,0,0
2026-01-07,Companypady,12,69,0,0,0
2026-01-07,Companypady,13,89,0,0,0
2026-01-07,Companypady,14,67,0,0,0
2026-01-07,Companypady,15,75,0,0,0
2026-01-07,Companypady,16,83,0,0,0
2026-01-07,Companypady,17,183,0,0,1
2026-01-07,Companypady,18,183,0,0,1
2026-01-07,Companypady,19,202,0,0,1
2026-01-07,Companypady,20,199,0,0,1
2026-01-07,Companypady,21,74,0,0,0
2026-01-07,Companypady,22,90,0,0,0
2026-01-07,Ambattukavu,6,79,0,0,0
2026-01-07,Ambattukavu,7,75,0,0,0
2026-01-07,Ambattukavu,8,206,0,1,0
2026-01-07,Ambattukavu,9,186,0,1,0
2026-01-07,Ambattukavu,10,210,0,1,0
2026-01-07,Ambattukavu,11,98,0,0,0
2026-01-07,Ambattukavu,12,87,0,0,0
2026-01-07,Ambattukavu,13,81,0,0,0
2026-01-07,Ambattukavu,14,69,0,0,0
2026-01-07,Ambattukavu,15,93,0,0,0
2026-01-07,Ambattukavu,16,68,0,0,0
2026-01-07,Ambattukavu,17,181,0,0,1
2026-01-07,Ambattukavu,18,202,0,0,1
2026-01-07,Ambattukavu,19,198,0,0,1
2026-01-07,Ambattukavu,20,175,0,0,1
2026-01-07,Ambattukavu,21,85,0,0,0
2026-01-07,Ambattukavu,22,72,0,0,0
2026-01-07,Muttom,6,69,0,0,0
2026-01-07,Muttom,7,82,0,0,0
2026-01-07,Muttom,8,219,0,1,0
2026-01-07,Muttom,9,170,0,1,0
2026-01-07,Muttom,10,170,0,1,0
2026-01-07,Muttom,11,88,0,0,0
2026-01-07,Muttom,12,89,0,0,0
2026-01-07,Muttom,13,79,0,0,0
2026-01-07,Muttom,14,74,0,0,0
2026-01-07,Muttom,15,80,0,0,0
2026-01-07,Muttom,16,84,0,0,0
2026-01-07,Muttom,17,222,0,0,1
2026-01-07,Muttom,18,205,0,0,1
2026-01-07,Muttom,19,191,0,0,1
2026-01-07,Muttom,20,216,0,0,1
2026-01-07,Muttom,21,84,0,0,0
2026-01-07,Muttom,22,82,0,0,0
2026-01-07,Kalamassery,6,192,0,0,0
2026-01-07,Kalamassery,7,215,0,0,0
2026-01-07,Kalamassery,8,482,0,1,0
2026-01-07,Kalamassery,9,539,0,1,0
2026-01-07,Kalamassery,10,485,0,1,0
2026-01-07,Kalamassery,11,188,0,0,0
2026-01-07,Kalamassery,12,211,0,0,0
2026-01-07,Kalamassery,13,192,0,0,0
2026-01-07,Kalamassery,14,195,0,0,0
2026-01-07,Kalamassery,15,223,0,0,0
2026-01-07,Kalamassery,16,185,0,0,0
2026-01-07,Kalamassery,17,488,0,0,1
2026-01-07,Kalamassery,18,570,0,0,1
2026-01-07,Kalamassery,19,487,0,0,1
2026-01-07,Kalamassery,20,478,0,0,1
2026-01-07,Kalamassery,21,214,0,0,0
2026-01-07,Kalamassery,22,185,0,0,0
2026-01-07,CUSAT,6,87,0,0,0
2026-01-07,CUSAT,7,83,0,0,0
2026-01-07,CUSAT,8,185,0,1,0
2026-01-07,CUSAT,9,197,0,1,0
2026-01-07,CUSAT,10,220,0,1,0
2026-01-07,CUSAT,11,81,0,0,0
2026-01-07,CUSAT,12,78,0,0,0
2026-01-07,CUSAT,13,85,0,0,0
2026-01-07,CUSAT,14,94,0,0,0
2026-01-07,CUSAT,15,104,0,0,0
2026-01-07,CUSAT,16,72,0,0,0
2026-01-07,CUSAT,17,202,0,0,1
2026-01-07,CUSAT,18,200,0,0,1
2026-01-07,CUSAT,19,213,0,0,1
2026-01-07,CUSAT,20,189,0,0,1
2026-01-07,CUSAT,21,82,0,0,0
2026-01-07,CUSAT,22,80,0,0,0
2026-01-07,Pathadipalam,6,71,0,0,0
2026-01-07,Pathadipalam,7,78,0,0,0
2026-01-07,Pathadipalam,8,187,0,1,0
2026-01-07,Pathadipalam,9,210,0,1,0
2026-01-07,Pathadipalam,10,219,0,1,0
2026-01-07,Pathadipalam,11,66,0,0,0
2026-01-07,Pathadipalam,12,94,0,0,0
2026-01-07,Pathadipalam,13,82,0,0,0
2026-01-07,Pathadipalam,14,82,0,0,0
2026-01-07,Pathadipalam,15,86,0,0,0
2026-01-07,Pathadipalam,16,64,0,0,0
2026-01-07,Pathadipalam,17,205,0,0,1
2026-01-07,Pathadipalam,18,166,0,0,1
2026-01-07,Pathadipalam,19,220,0,0,1
2026-01-07,Pathadipalam,20,213,0,0,1
2026-01-07,Pathadipalam,21,85,0,0,0
2026-01-07,Pathadipalam,22,77,0,0,0
2026-01-07,Edappally,6,210,0,0,0
2026-01-07,Edappally,7,207,0,0,0
2026-01-07,Edappally,8,483,0,1,0
2026-01-07,Edappally,9,494,0,1,0
2026-01-07,Edappally,10,528,0,1,0
2026-01-07,Edappally,11,214,0,0,0
2026-01-07,Edappally,12,212,0,0,0
2026-01-07,Edappally,13,176,0,0,0
2026-01-07,Edappally,14,206,0,0,0
2026-01-07,Edappally,15,200,0,0,0
2026-01-07,Edappally,16,186,0,0,0
2026-01-07,Edappally,17,493,0,0,1
2026-01-07,Edappally,18,519,0,0,1
2026-01-07,Edappally,19,522,0,0,1
2026-01-07,Edappally,20,503,0,0,1
2026-01-07,Edappally,21,187,0,0,0
2026-01-07,Edappally,22,225,0,0,0
2026-01-07,Changampuzha Park,6,78,0,0,0
2026-01-07,Changampuzha Park,7,71,0,0,0
2026-01-07,Changampuzha Park,8,199,0,1,0
2026-01-07,Changampuzha Park,9,207,0,1,0
2026-01-07,Changampuzha Park,10,216,0,1,0
2026-01-07,Changampuzha Park,11,73,0,0,0
2026-01-07,Changampuzha Park,12,84,0,0,0
2026-01-07,Changampuzha Park,13,88,0,0,0
2026-01-07,Changampuzha Park,14,85,0,0,0
2026-01-07,Changampuzha Park,15,65,0,0,0
2026-01-07,Changampuzha Park,16,84,0,0,0
2026-01-07,Changampuzha Park,17,190,0,0,1
2026-01-07,Changampuzha Park,18,180,0,0,1
2026-01-07,Changampuzha Park,19,184,0,0,1
2026-01-07,Changampuzha Park,20,178,0,0,1
2026-01-07,Changampuzha Park,21,87,0,0,0
2026-01-07,Changampuzha Park,22,71,0,0,0
2026-01-07,Palarivattom,6,72,0,0,0
2026-01-07,Palarivattom,7,72,0,0,0
2026-01-07,Palarivattom,8,199,0,1,0
2026-01-07,Palarivattom,9,211,0,1,0
2026-01-07,Palarivattom,10,200,0,1,0
2026-01-07,Palarivattom,11,63,0,0,0
2026-01-07,Palarivattom,12,80,0,0,0
2026-01-07,Palarivattom,13,89,0,0,0
2026-01-07,Palarivattom,14,82,0,0,0
2026-01-07,Palarivattom,15,81,0,0,0
2026-01-07,Palarivattom,16,66,0,0,0
2026-01-07,Palarivattom,17,217,0,0,1
2026-01-07,Palarivattom,18,175,0,0,1
2026-01-07,Palarivattom,19,209,0,0,1
2026-01-07,Palarivattom,20,191,0,0,1
2026-01-07,Palarivattom,21,71,0,0,0
2026-01-07,Palarivattom,22,72,0,0,0
2026-01-07,JLN Stadium,6,75,0,0,0
2026-01-07,JLN Stadium,7,67,0,0,0
2026-01-07,JLN Stadium,8,205,0,1,0
2026-01-07,JLN Stadium,9,208,0,1,0
2026-01-07,JLN Stadium,10,240,0,1,0
2026-01-07,JLN Stadium,11,75,0,0,0
2026-01-07,JLN Stadium,12,60,0,0,0
2026-01-07,JLN Stadium,13,76,0,0,0
2026-01-07,JLN Stadium,14,92,0,0,0
2026-01-07,JLN Stadium,15,85,0,0,0
2026-01-07,JLN Stadium,16,88,0,0,0
2026-01-07,JLN Stadium,17,188,0,0,1
2026-01-07,JLN Stadium,18,245,0,0,1
2026-01-07,JLN Stadium,19,203,0,0,1
2026-01-07,JLN Stadium,20,209,0,0,1
2026-01-07,JLN Stadium,21,86,0,0,0
2026-01-07,JLN Stadium,22,82,0,0,0
2026-01-07,Kaloor Town Hall,6,71,0,0,0
2026-01-07,Kaloor Town Hall,7,84,0,0,0
2026-01-07,Kaloor Town Hall,8,200,0,1,0
2026-01-07,Kaloor Town Hall,9,204,0,1,0
2026-01-07,Kaloor Town Hall,10,201,0,1,0
2026-01-07,Kaloor Town Hall,11,82,0,0,0
2026-01-07,Kaloor Town Hall,12,90,0,0,0
2026-01-07,Kaloor Town Hall,13,98,0,0,0
2026-01-07,Kaloor Town Hall,14,65,0,0,0
2026-01-07,Kaloor Town Hall,15,84,0,0,0
2026-01-07,Kaloor Town Hall,16,76,0,0,0
2026-01-07,Kaloor Town Hall,17,197,0,0,1
2026-01-07,Kaloor Town Hall,18,205,0,0,1
2026-01-07,Kaloor Town Hall,19,190,0,0,1
2026-01-07,Kaloor Town Hall,20,205,0,0,1
2026-01-07,Kaloor Town Hall,21,77,0,0,0
2026-01-07,Kaloor Town Hall,22,89,0,0,0
2026-01-07,MG Road,6,191,0,0,0
2026-01-07,MG Road,7,193,0,0,0
2026-01-07,MG Road,8,574,0,1,0
2026-01-07,MG Road,9,509,0,1,0
2026-01-07,MG Road,10,556,0,1,0
2026-01-07,MG Road,11,171,0,0,0
2026-01-07,MG Road,12,184,0,0,0
2026-01-07,MG Road,13,220,0,0,0
2026-01-07,MG Road,14,223,0,0,0
2026-01-07,MG Road,15,209,0,0,0
2026-01-07,MG Road,16,163,0,0,0
2026-01-07,MG Road,17,520,0,0,1
2026-01-07,MG Road,18,497,0,0,1
2026-01-07,MG Road,19,517,0,0,1
2026-01-07,MG Road,20,505,0,0,1
2026-01-07,MG Road,21,195,0,0,0
2026-01-07,MG Road,22,219,0,0,0
2026-01-07,Maharaja's College,6,74,0,0,0
2026-01-07,Maharaja's College,7,84,0,0,0
2026-01-07,Maharaja's College,8,217,0,1,0
2026-01-07,Maharaja's College,9,211,0,1,0
2026-01-07,Maharaja's College,10,183,0,1,0
2026-01-07,Maharaja's College,11,83,0,0,0
2026-01-07,Maharaja's College,12,73,0,0,0
2026-01-07,Maharaja's College,13,68,0,0,0
2026-01-07,Maharaja's College,14,87,0,0,0
2026-01-07,Maharaja's College,15,74,0,0,0
2026-01-07,Maharaja's College,16,90,0,0,0
2026-01-07,Maharaja's College,17,207,0,0,1
2026-01-07,Maharaja's College,18,188,0,0,1
2026-01-07,Maharaja's College,19,204,0,0,1
2026-01-07,Maharaja's College,20,186,0,0,1
2026-01-07,Maharaja's College,21,85,0,0,0
2026-01-07,Maharaja's College,22,81,0,0,0
2026-01-07,Ernakulam South,6,193,0,0,0
2026-01-07,Ernakulam South,7,204,0,0,0
2026-01-07,Ernakulam South,8,506,0,1,0
2026-01-07,Ernakulam South,9,524,0,1,0
2026-01-07,Ernakulam South,10,499,0,1,0
2026-01-07,Ernakulam South,11,212,0,0,0
2026-01-07,Ernakulam South,12,224,0,0,0
2026-01-07,Ernakulam South,13,205,0,0,0
2026-01-07,Ernakulam South,14,197,0,0,0
2026-01-07,Ernakulam South,15,197,0,0,0
2026-01-07,Ernakulam South,16,201,0,0,0
2026-01-07,Ernakulam South,17,509,0,0,1
2026-01-07,Ernakulam South,18,474,0,0,1
2026-01-07,Ernakulam South,19,484,0,0,1
2026-01-07,Ernakulam South,20,521,0,0,1
2026-01-07,Ernakulam South,21,197,0,0,0
2026-01-07,Ernakulam South,22,208,0,0,0
2026-01-07,Kadavanthra,6,73,0,0,0
2026-01-07,Kadavanthra,7,68,0,0,0
2026-01-07,Kadavanthra,8,195,0,1,0
2026-01-07,Kadavanthra,9,186,0,1,0
2026-01-07,Kadavanthra,10,214,0,1,0
2026-01-07,Kadavanthra,11,96,0,0,0
2026-01-07,Kadavanthra,12,93,0,0,0
2026-01-07,Kadavanthra,13,73,0,0,0
2026-01-07,Kadavanthra,14,99,0,0,0
2026-01-07,Kadavanthra,15,74,0,0,0
2026-01-07,Kadavanthra,16,62,0,0,0
2026-01-07,Kadavanthra,17,230,0,0,1
2026-01-07,Kadavanthra,18,194,0,0,1
2026-01-07,Kadavanthra,19,192,0,0,1
2026-01-07,Kadavanthra,20,198,0,0,1
2026-01-07,Kadavanthra,21,76,0,0,0
2026-01-07,Kadavanthra,22,83,0,0,0
2026-01-07,Elamkulam,6,85,0,0,0
2026-01-07,Elamkulam,7,80,0,0,0
2026-01-07,Elamkulam,8,183,0,1,0
2026-01-07,Elamkulam,9,185,0,1,0
2026-01-07,Elamkulam,10,191,0,1,0
2026-01-07,Elamkulam,11,72,0,0,0
2026-01-07,Elamkulam,12,73,0,0,0
2026-01-07,Elamkulam,13,82,0,0,0
2026-01-07,Elamkulam,14,99,0,0,0
2026-01-07,Elamkulam,15,105,0,0,0
2026-01-07,Elamkulam,16,82,0,0,0
2026-01-07,Elamkulam,17,211,0,0,1
2026-01-07,Elamkulam,18,192,0,0,1
2026-01-07,Elamkulam,19,211,0,0,1
2026-01-07,Elamkulam,20,205,0,0,1
2026-01-07,Elamkulam,21,71,0,0,0
2026-01-07,Elamkulam,22,74,0,0,0
2026-01-07,Vyttila,6,74,0,0,0
2026-01-07,Vyttila,7,84,0,0,0
2026-01-07,Vyttila,8,185,0,1,0
2026-01-07,Vyttila,9,202,0,1,0
2026-01-07,Vyttila,10,218,0,1,0
2026-01-07,Vyttila,11,81,0,0,0
2026-01-07,Vyttila,12,80,0,0,0
2026-01-07,Vyttila,13,70,0,0,0
2026-01-07,Vyttila,14,88,0,0,0
2026-01-07,Vyttila,15,81,0,0,0
2026-01-07,Vyttila,16,67,0,0,0
2026-01-07,Vyttila,17,229,0,0,1
2026-01-07,Vyttila,18,205,0,0,1
2026-01-07,Vyttila,19,187,0,0,1
2026-01-07,Vyttila,20,196,0,0,1
2026-01-07,Vyttila,21,79,0,0,0
2026-01-07,Vyttila,22,82,0,0,0
2026-01-07,Thaikoodam,6,100,0,0,0
2026-01-07,Thaikoodam,7,74,0,0,0
2026-01-07,Thaikoodam,8,197,0,1,0
2026-01-07,Thaikoodam,9,186,0,1,0
2026-01-07,Thaikoodam,10,203,0,1,0
2026-01-07,Thaikoodam,11,80,0,0,0
2026-01-07,Thaikoodam,12,73,0,0,0
2026-01-07,Thaikoodam,13,64,0,0,0
2026-01-07,Thaikoodam,14,73,0,0,0
2026-01-07,Thaikoodam,15,85,0,0,0
2026-01-07,Thaikoodam,16,55,0,0,0
2026-01-07,Thaikoodam,17,195,0,0,1
2026-01-07,Thaikoodam,18,212,0,0,1
2026-01-07,Thaikoodam,19,224,0,0,1
2026-01-07,Thaikoodam,20,201,0,0,1
2026-01-07,Thaikoodam,21,77,0,0,0
2026-01-07,Thaikoodam,22,75,0,0,0
2026-01-07,Petta,6,71,0,0,0
2026-01-07,Petta,7,71,0,0,0
2026-01-07,Petta,8,228,0,1,0
2026-01-07,Petta,9,178,0,1,0
2026-01-07,Petta,10,204,0,1,0
2026-01-07,Petta,11,78,0,0,0
2026-01-07,Petta,12,86,0,0,0
2026-01-07,Petta,13,77,0,0,0
2026-01-07,Petta,14,101,0,0,0
2026-01-07,Petta,15,74,0,0,0
2026-01-07,Petta,16,86,0,0,0
2026-01-07,Petta,17,217,0,0,1
2026-01-07,Petta,18,199,0,0,1
2026-01-07,Petta,19,215,0,0,1
2026-01-07,Petta,20,215,0,0,1
2026-01-07,Petta,21,80,0,0,0
2026-01-07,Petta,22,83,0,0,0
2026-01-07,Vadakkekotta,6,81,0,0,0
2026-01-07,Vadakkekotta,7,87,0,0,0
2026-01-07,Vadakkekotta,8,203,0,1,0
2026-01-07,Vadakkekotta,9,208,0,1,0
2026-01-07,Vadakkekotta,10,200,0,1,0
2026-01-07,Vadakkekotta,11,86,0,0,0
2026-01-07,Vadakkekotta,12,84,0,0,0
2026-01-07,Vadakkekotta,13,87,0,0,0
2026-01-07,Vadakkekotta,14,82,0,0,0
2026-01-07,Vadakkekotta,15,83,0,0,0
2026-01-07,Vadakkekotta,16,76,0,0,0
2026-01-07,Vadakkekotta,17,172,0,0,1
2026-01-07,Vadakkekotta,18,210,0,0,1
2026-01-07,Vadakkekotta,19,207,0,0,1
2026-01-07,Vadakkekotta,20,208,0,0,1
2026-01-07,Vadakkekotta,21,89,0,0,0
2026-01-07,Vadakkekotta,22,87,0,0,0
2026-01-07,SN Junction,6,58,0,0,0
2026-01-07,SN Junction,7,89,0,0,0
2026-01-07,SN Junction,8,206,0,1,0
2026-01-07,SN Junction,9,187,0,1,0
2026-01-07,SN Junction,10,213,0,1,0
2026-01-07,SN Junction,11,85,0,0,0
2026-01-07,SN Junction,12,80,0,0,0
2026-01-07,SN Junction,13,90,0,0,0
2026-01-07,SN Junction,14,72,0,0,0
2026-01-07,SN Junction,15,76,0,0,0
2026-01-07,SN Junction,16,86,0,0,0
2026-01-07,SN Junction,17,225,0,0,1
2026-01-07,SN Junction,18,204,0,0,1
2026-01-07,SN Junction,19,176,0,0,1
2026-01-07,SN Junction,20,198,0,0,1
2026-01-07,SN Junction,21,62,0,0,0
2026-01-07,SN Junction,22,78,0,0,0
2026-01-07,Tripunithura Terminal,6,77,0,0,0
2026-01-07,Tripunithura Terminal,7,80,0,0,0
2026-01-07,Tripunithura Terminal,8,201,0,1,0
2026-01-07,Tripunithura Terminal,9,188,0,1,0
2026-01-07,Tripunithura Terminal,10,181,0,1,0
2026-01-07,Tripunithura Terminal,11,77,0,0,0
2026-01-07,Tripunithura Terminal,12,54,0,0,0
2026-01-07,Tripunithura Terminal,13,82,0,0,0
2026-01-07,Tripunithura Terminal,14,70,0,0,0
2026-01-07,Tripunithura Terminal,15,76,0,0,0
2026-01-07,Tripunithura Terminal,16,78,0,0,0
2026-01-07,Tripunithura Terminal,17,220,0,0,1
2026-01-07,Tripunithura Terminal,18,211,0,0,1
2026-01-07,Tripunithura Terminal,19,202,0,0,1
2026-01-07,Tripunithura Terminal,20,190,0,0,1
2026-01-07,Tripunithura Terminal,21,83,0,0,0
2026-01-07,Tripunithura Terminal,22,71,0,0,0
2026-01-14,Aluva,6,205,0,0,0
2026-01-14,Aluva,7,208,0,0,0
2026-01-14,Aluva,8,481,0,1,0
2026-01-14,Aluva,9,453,0,1,0
2026-01-14,Aluva,10,500,0,1,0
2026-01-14,Aluva,11,210,0,0,0
2026-01-14,Aluva,12,198,0,0,0
2026-01-14,Aluva,13,181,0,0,0
2026-01-14,Aluva,14,200,0,0,0
2026-01-14,Aluva,15,211,0,0,0
2026-01-14,Aluva,16,216,0,0,0
2026-01-14,Aluva,17,492,0,0,1
2026-01-14,Aluva,18,500,0,0,1
2026-01-14,Aluva,19,479,0,0,1
2026-01-14,Aluva,20,512,0,0,1
2026-01-14,Aluva,21,209,0,0,0
2026-01-14,Aluva,22,206,0,0,0
2026-01-14,Pulinchodu,6,64,0,0,0
2026-01-14,Pulinchodu,7,90,0,0,0
2026-01-14,Pulinchodu,8,188,0,1,0
2026-01-14,Pulinchodu,9,226,0,1,0
2026-01-14,Pulinchodu,10,163,0,1,0
2026-01-14,Pulinchodu,11,82,0,0,0
2026-01-14,Pulinchodu,12,71,0,0,0
2026-01-14,Pulinchodu,13,65,0,0,0
2026-01-14,Pulinchodu,14,85,0,0,0
2026-01-14,Pulinchodu,15,72,0,0,0
2026-01-14,Pulinchodu,16,76,0,0,0
2026-01-14,Pulinchodu,17,195,0,0,1
2026-01-14,Pulinchodu,18,194,0,0,1
2026-01-14,Pulinchodu,19,214,0,0,1
2026-01-14,Pulinchodu,20,191,0,0,1
2026-01-14,Pulinchodu,21,75,0,0,0
2026-01-14,Pulinchodu,22,80,0,0,0
2026-01-14,Companypady,6,78,0,0,0
2026-01-14,Companypady,7,90,0,0,0
2026-01-14,Companypady,8,218,0,1,0
2026-01-14,Companypady,9,217,0,1,0
2026-01-14,Companypady,10,205,0,1,0
2026-01-14,Companypady,11,84,0,0,0
2026-01-14,Companypady,12,97,0,0,0
2026-01-14,Companypady,13,67,0,0,0
2026-01-14,Companypady,14,87,0,0,0
2026-01-14,Companypady,15,85,0,0,0
2026-01-14,Companypady,16,78,0,0,0
2026-01-14,Companypady,17,177,0,0,1
2026-01-14,Companypady,18,203,0,0,1
2026-01-14,Companypady,19,201,0,0,1
2026-01-14,Companypady,20,214,0,0,1
2026-01-14,Companypady,21,75,0,0,0
2026-01-14,Companypady,22,79,0,0,0
2026-01-14,Ambattukavu,6,89,0,0,0
2026-01-14,Ambattukavu,7,87,0,0,0
2026-01-14,Ambattukavu,8,214,0,1,0
2026-01-14,Ambattukavu,9,203,0,1,0
2026-01-14,Ambattukavu,10,199,0,1,0
2026-01-14,Ambattukavu,11,67,0,0,0
2026-01-14,Ambattukavu,12,87,0,0,0
2026-01-14,Ambattukavu,13,76,0,0,0
2026-01-14,Ambattukavu,14,72,0,0,0
2026-01-14,Ambattukavu,15,71,0,0,0
2026-01-14,Ambattukavu,16,85,0,0,0
2026-01-14,Ambattukavu,17,215,0,0,1
2026-01-14,Ambattukavu,18,197,0,0,1
2026-01-14,Ambattukavu,19,215,0,0,1
2026-01-14,Ambattukavu,20,210,0,0,1
2026-01-14,Ambattukavu,21,73,0,0,0
2026-01-14,Ambattukavu,22,90,0,0,0
2026-01-14,Muttom,6,72,0,0,0
2026-01-14,Muttom,7,80,0,0,0
2026-01-14,Muttom,8,194,0,1,0
2026-01-14,Muttom,9,175,0,1,0
2026-01-14,Muttom,10,196,0,1,0
2026-01-14,Muttom,11,83,0,0,0
2026-01-14,Muttom,12,81,0,0,0
2026-01-14,Muttom,13,70,0,0,0
2026-01-14,Muttom,14,72,0,0,0
2026-01-14,Muttom,15,77,0,0,0
2026-01-14,Muttom,16,66,0,0,0
2026-01-14,Muttom,17,190,0,0,1
2026-01-14,Muttom,18,206,0,0,1
2026-01-14,Muttom,19,202,0,0,1
2026-01-14,Muttom,20,184,0,0,1
2026-01-14,Muttom,21,64,0,0,0
2026-01-14,Muttom,22,89,0,0,0
2026-01-14,Kalamassery,6,199,0,0,0
2026-01-14,Kalamassery,7,178,0,0,0
2026-01-14,Kalamassery,8,509,0,1,0
2026-01-14,Kalamassery,9,497,0,1,0
2026-01-14,Kalamassery,10,507,0,1,0
2026-01-14,Kalamassery,11,191,0,0,0
2026-01-14,Kalamassery,12,204,0,0,0
2026-01-14,Kalamassery,13,195,0,0,0
2026-01-14,Kalamassery,14,196,0,0,0
2026-01-14,Kalamassery,15,196,0,0,0
2026-01-14,Kalamassery,16,217,0,0,0
2026-01-14,Kalamassery,17,466,0,0,1
2026-01-14,Kalamassery,18,512,0,0,1
2026-01-14,Kalamassery,19,486,0,0,1
2026-01-14,Kalamassery,20,479,0,0,1
2026-01-14,Kalamassery,21,198,0,0,0
2026-01-14,Kalamassery,22,198,0,0,0
2026-01-14,CUSAT,6,79,0,0,0
2026-01-14,CUSAT,7,67,0,0,0
2026-01-14,CUSAT,8,200,0,1,0
2026-01-14,CUSAT,9,189,0,1,0
2026-01-14,CUSAT,10,208,0,1,0
2026-01-14,CUSAT,11,81,0,0,0
2026-01-14,CUSAT,12,88,0,0,0
2026-01-14,CUSAT,13,75,0,0,0
2026-01-14,CUSAT,14,95,0,0,0
2026-01-14,CUSAT,15,70,0,0,0
2026-01-14,CUSAT,16,92,0,0,0
2026-01-14,CUSAT,17,210,0,0,1
2026-01-14,CUSAT,18,196,0,0,1
2026-01-14,CUSAT,19,196,0,0,1
2026-01-14,CUSAT,20,185,0,0,1
2026-01-14,CUSAT,21,85,0,0,0
2026-01-14,CUSAT,22,86,0,0,0
2026-01-14,Pathadipalam,6,87,0,0,0
2026-01-14,Pathadipalam,7,85,0,0,0
2026-01-14,Pathadipalam,8,197,0,1,0
2026-01-14,Pathadipalam,9,189,0,1,0
2026-01-14,Pathadipalam,10,206,0,1,0
2026-01-14,Pathadipalam,11,76,0,0,0
2026-01-14,Pathadipalam,12,91,0,0,0
2026-01-14,Pathadipalam,13,91,0,0,0
2026-01-14,Pathadipalam,14,75,0,0,0
2026-01-14,Pathadipalam,15,71,0,0,0
2026-01-14,Pathadipalam,16,66,0,0,0
2026-01-14,Pathadipalam,17,204,0,0,1
2026-01-14,Pathadipalam,18,182,0,0,1
2026-01-14,Pathadipalam,19,222,0,0,1
2026-01-14,Pathadipalam,20,188,0,0,1
2026-01-14,Pathadipalam,21,81,0,0,0
2026-01-14,Pathadipalam,22,96,0,0,0
2026-01-14,Edappally,6,199,0,0,0
2026-01-14,Edappally,7,201,0,0,0
2026-01-14,Edappally,8,475,0,1,0
2026-01-14,Edappally,9,472,0,1,0
2026-01-14,Edappally,10,484,0,1,0
2026-01-14,Edappally,11,200,0,0,0
2026-01-14,Edappally,12,198,0,0,0
2026-01-14,Edappally,13,201,0,0,0
2026-01-14,Edappally,14,225,0,0,0
2026-01-14,Edappally,15,196,0,0,0
2026-01-14,Edappally,16,205,0,0,0
2026-01-14,Edappally,17,514,0,0,1
2026-01-14,Edappally,18,503,0,0,1
2026-01-14,Edappally,19,476,0,0,1
2026-01-14,Edappally,20,538,0,0,1
2026-01-14,Edappally,21,211,0,0,0
2026-01-14,Edappally,22,205,0,0,0
2026-01-14,Changampuzha Park,6,91,0,0,0
2026-01-14,Changampuzha Park,7,86,0,0,0
2026-01-14,Changampuzha Park,8,220,0,1,0
2026-01-14,Changampuzha Park,9,194,0,1,0
2026-01-14,Changampuzha Park,10,205,0,1,0
2026-01-14,Changampuzha Park,11,72,0,0,0
2026-01-14,Changampuzha Park,12,86,0,0,0
2026-01-14,Changampuzha Park,13,88,0,0,0
2026-01-14,Changampuzha Park,14,95,0,0,0
2026-01-14,Changampuzha Park,15,74,0,0,0
2026-01-14,Changampuzha Park,16,98,0,0,0
2026-01-14,Changampuzha Park,17,198,0,0,1
2026-01-14,Changampuzha Park,18,200,0,0,1
2026-01-14,Changampuzha Park,19,188,0,0,1
2026-01-14,Changampuzha Park,20,193,0,0,1
2026-01-14,Changampuzha Park,21,71,0,0,0
2026-01-14,Changampuzha Park,22,74,0,0,0
2026-01-14,Palarivattom,6,91,0,0,0
2026-01-14,Palarivattom,7,90,0,0,0
2026-01-14,Palarivattom,8,197,0,1,0
2026-01-14,Palarivattom,9,186,0,1,0
2026-01-14,Palarivattom,10,175,0,1,0
2026-01-14,Palarivattom,11,90,0,0,0
2026-01-14,Palarivattom,12,87,0,0,0
2026-01-14,Palarivattom,13,85,0,0,0
2026-01-14,Palarivattom,14,91,0,0,0
2026-01-14,Palarivattom,15,74,0,0,0
2026-01-14,Palarivattom,16,82,0,0,0
2026-01-14,Palarivattom,17,189,0,0,1
2026-01-14,Palarivattom,18,185,0,0,1
2026-01-14,Palarivattom,19,197,0,0,1
2026-01-14,Palarivattom,20,193,0,0,1
2026-01-14,Palarivattom,21,85,0,0,0
2026-01-14,Palarivattom,22,74,0,0,0
2026-01-14,JLN Stadium,6,72,0,0,0
2026-01-14,JLN Stadium,7,87,0,0,0
2026-01-14,JLN Stadium,8,185,0,1,0
2026-01-14,JLN Stadium,9,196,0,1,0
2026-01-14,JLN Stadium,10,205,0,1,0
2026-01-14,JLN Stadium,11,72,0,0,0
2026-01-14,JLN Stadium,12,74,0,0,0
2026-01-14,JLN Stadium,13,76,0,0,0
2026-01-14,JLN Stadium,14,79,0,0,0
2026-01-14,JLN Stadium,15,79,0,0,0
2026-01-14,JLN Stadium,16,69,0,0,0
2026-01-14,JLN Stadium,17,184,0,0,1
2026-01-14,JLN Stadium,18,185,0,0,1
2026-01-14,JLN Stadium,19,202,0,0,1
2026-01-14,JLN Stadium,20,198,0,0,1
2026-01-14,JLN Stadium,21,89,0,0,0
2026-01-14,JLN Stadium,22,71,0,0,0
2026-01-14,Kaloor Town Hall,6,65,0,0,0
2026-01-14,Kaloor Town Hall,7,81,0,0,0
2026-01-14,Kaloor Town Hall,8,196,0,1,0
2026-01-14,Kaloor Town Hall,9,194,0,1,0
2026-01-14,Kaloor Town Hall,10,202,0,1,0
2026-01-14,Kaloor Town Hall,11,62,0,0,0
2026-01-14,Kaloor Town Hall,12,98,0,0,0
2026-01-14,Kaloor Town Hall,13,66,0,0,0
2026-01-14,Kaloor Town Hall,14,68,0,0,0
2026-01-14,Kaloor Town Hall,15,83,0,0,0
2026-01-14,Kaloor Town Hall,16,83,0,0,0
2026-01-14,Kaloor Town Hall,17,224,0,0,1
2026-01-14,Kaloor Town Hall,18,178,0,0,1
2026-01-14,Kaloor Town Hall,19,202,0,0,1
2026-01-14,Kaloor Town Hall,20,202,0,0,1
2026-01-14,Kaloor Town Hall,21,87,0,0,0
2026-01-14,Kaloor Town Hall,22,91,0,0,0
2026-01-14,MG Road,6,189,0,0,0
2026-01-14,MG Road,7,191,0,0,0
2026-01-14,MG Road,8,536,0,1,0
2026-01-14,MG Road,9,494,0,1,0
2026-01-14,MG Road,10,484,0,1,0
2026-01-14,MG Road,11,180,0,0,0
2026-01-14,MG Road,12,224,0,0,0
2026-01-14,MG Road,13,194,0,0,0
2026-01-14,MG Road,14,213,0,0,0
2026-01-14,MG Road,15,215,0,0,0
2026-01-14,MG Road,16,190,0,0,0
2026-01-14,MG Road,17,504,0,0,1
2026-01-14,MG Road,18,473,0,0,1
2026-01-14,MG Road,19,518,0,0,1
2026-01-14,MG Road,20,518,0,0,1
2026-01-14,MG Road,21,204,0,0,0
2026-01-14,MG Road,22,222,0,0,0
2026-01-14,Maharaja's College,6,69,0,0,0
2026-01-14,Maharaja's College,7,75,0,0,0
2026-01-14,Maharaja's College,8,197,0,1,0
2026-01-14,Maharaja's College,9,201,0,1,0
2026-01-14,Maharaja's College,10,219,0,1,0
2026-01-14,Maharaja's College,11,79,0,0,0
2026-01-14,Maharaja's College,12,89,0,0,0
2026-01-14,Maharaja's College,13,77,0,0,0
2026-01-14,Maharaja's College,14,81,0,0,0
2026-01-14,Maharaja's College,15,64,0,0,0
2026-01-14,Maharaja's College,16,75,0,0,0
2026-01-14,Maharaja's College,17,182,0,0,1
2026-01-14,Maharaja's College,18,186,0,0,1
2026-01-14,Maharaja's College,19,196,0,0,1
2026-01-14,Maharaja's College,20,205,0,0,1
2026-01-14,Maharaja's College,21,83,0,0,0
2026-01-14,Maharaja's College,22,69,0,0,0
2026-01-14,Ernakulam South,6,199,0,0,0
2026-01-14,Ernakulam South,7,231,0,0,0
2026-01-14,Ernakulam South,8,524,0,1,0
2026-01-14,Ernakulam South,9,524,0,1,0
2026-01-14,Ernakulam South,10,514,0,1,0
2026-01-14,Ernakulam South,11,217,0,0,0
2026-01-14,Ernakulam South,12,191,0,0,0
2026-01-14,Ernakulam South,13,183,0,0,0
2026-01-14,Ernakulam South,14,181,0,0,0
2026-01-14,Ernakulam South,15,171,0,0,0
2026-01-14,Ernakulam South,16,212,0,0,0
2026-01-14,Ernakulam South,17,523,0,0,1
2026-01-14,Ernakulam South,18,499,0,0,1
2026-01-14,Ernakulam South,19,489,0,0,1
2026-01-14,Ernakulam South,20,480,0,0,1
2026-01-14,Ernakulam South,21,225,0,0,0
2026-01-14,Ernakulam South,22,195,0,0,0
2026-01-14,Kadavanthra,6,83,0,0,0
2026-01-14,Kadavanthra,7,75,0,0,0
2026-01-14,Kadavanthra,8,186,0,1,0
2026-01-14,Kadavanthra,9,220,0,1,0
2026-01-14,Kadavanthra,10,224,0,1,0
2026-01-14,Kadavanthra,11,89,0,0,0
2026-01-14,Kadavanthra,12,87,0,0,0
2026-01-14,Kadavanthra,13,87,0,0,0
2026-01-14,Kadavanthra,14,73,0,0,0
2026-01-14,Kadavanthra,15,78,0,0,0
2026-01-14,Kadavanthra,16,85,0,0,0
2026-01-14,Kadavanthra,17,185,0,0,1
2026-01-14,Kadavanthra,18,186,0,0,1
2026-01-14,Kadavanthra,19,221,0,0,1
2026-01-14,Kadavanthra,20,182,0,0,1
2026-01-14,Kadavanthra,21,74,0,0,0
2026-01-14,Kadavanthra,22,89,0,0,0
2026-01-14,Elamkulam,6,85,0,0,0
2026-01-14,Elamkulam,7,67,0,0,0
2026-01-14,Elamkulam,8,209,0,1,0
2026-01-14,Elamkulam,9,178,0,1,0
2026-01-14,Elamkulam,10,193,0,1,0
2026-01-14,Elamkulam,11,78,0,0,0
2026-01-14,Elamkulam,12,75,0,0,0
2026-01-14,Elamkulam,13,89,0,0,0
2026-01-14,Elamkulam,14,84,0,0,0
2026-01-14,Elamkulam,15,80,0,0,0
2026-01-14,Elamkulam,16,80,0,0,0
2026-01-14,Elamkulam,17,198,0,0,1
2026-01-14,Elamkulam,18,195,0,0,1
2026-01-14,Elamkulam,19,191,0,0,1
2026-01-14,Elamkulam,20,232,0,0,1
2026-01-14,Elamkulam,21,76,0,0,0
2026-01-14,Elamkulam,22,85,0,0,0
2026-01-14,Vyttila,6,76,0,0,0
2026-01-14,Vyttila,7,81,0,0,0
2026-01-14,Vyttila,8,212,0,1,0
2026-01-14,Vyttila,9,220,0,1,0
2026-01-14,Vyttila,10,181,0,1,0
2026-01-14,Vyttila,11,80,0,0,0
2026-01-14,Vyttila,12,93,0,0,0
2026-01-14,Vyttila,13,59,0,0,0
2026-01-14,Vyttila,14,70,0,0,0
2026-01-14,Vyttila,15,72,0,0,0
2026-01-14,Vyttila,16,77,0,0,0
2026-01-14,Vyttila,17,210,0,0,1
2026-01-14,Vyttila,18,213,0,0,1
2026-01-14,Vyttila,19,225,0,0,1
2026-01-14,Vyttila,20,201,0,0,1
2026-01-14,Vyttila,21,82,0,0,0
2026-01-14,Vyttila,22,67,0,0,0
2026-01-14,Thaikoodam,6,83,0,0,0
2026-01-14,Thaikoodam,7,87,0,0,0
2026-01-14,Thaikoodam,8,208,0,1,0
2026-01-14,Thaikoodam,9,193,0,1,0
2026-01-14,Thaikoodam,10,175,0,1,0
2026-01-14,Thaikoodam,11,75,0,0,0
2026-01-14,Thaikoodam,12,74,0,0,0
2026-01-14,Thaikoodam,13,90,0,0,0
2026-01-14,Thaikoodam,14,76,0,0,0
2026-01-14,Thaikoodam,15,82,0,0,0
2026-01-14,Thaikoodam,16,80,0,0,0
2026-01-14,Thaikoodam,17,222,0,0,1
2026-01-14,Thaikoodam,18,215,0,0,1
2026-01-14,Thaikoodam,19,213,0,0,1
2026-01-14,Thaikoodam,20,229,0,0,1
2026-01-14,Thaikoodam,21,79,0,0,0
2026-01-14,Thaikoodam,22,64,0,0,0
2026-01-14,Petta,6,72,0,0,0
2026-01-14,Petta,7,97,0,0,0
2026-01-14,Petta,8,194,0,1,0
2026-01-14,Petta,9,205,0,1,0
2026-01-14,Petta,10,205,0,1,0
2026-01-14,Petta,11,88,0,0,0
2026-01-14,Petta,12,83,0,0,0
2026-01-14,Petta,13,74,0,0,0
2026-01-14,Petta,14,87,0,0,0
2026-01-14,Petta,15,70,0,0,0
2026-01-14,Petta,16,91,0,0,0
2026-01-14,Petta,17,216,0,0,1
2026-01-14,Petta,18,217,0,0,1
2026-01-14,Petta,19,206,0,0,1
2026-01-14,Petta,20,214,0,0,1
2026-01-14,Petta,21,89,0,0,0
2026-01-14,Petta,22,79,0,0,0
2026-01-14,Vadakkekotta,6,93,0,0,0
2026-01-14,Vadakkekotta,7,78,0,0,0
2026-01-14,Vadakkekotta,8,175,0,1,0
2026-01-14,Vadakkekotta,9,194,0,1,0
2026-01-14,Vadakkekotta,10,201,0,1,0
2026-01-14,Vadakkekotta,11,89,0,0,0
2026-01-14,Vadakkekotta,12,81,0,0,0
2026-01-14,Vadakkekotta,13,82,0,0,0
2026-01-14,Vadakkekotta,14,94,0,0,0
2026-01-14,Vadakkekotta,15,99,0,0,0
2026-01-14,Vadakkekotta,16,73,0,0,0
2026-01-14,Vadakkekotta,17,247,0,0,1
2026-01-14,Vadakkekotta,18,198,0,0,1
2026-01-14,Vadakkekotta,19,196,0,0,1
2026-01-14,Vadakkekotta,20,214,0,0,1
2026-01-14,Vadakkekotta,21,68,0,0,0
2026-01-14,Vadakkekotta,22,100,0,0,0
2026-01-14,SN Junction,6,85,0,0,0
2026-01-14,SN Junction,7,74,0,0,0
2026-01-14,SN Junction,8,176,0,1,0
2026-01-14,SN Junction,9,199,0,1,0
2026-01-14,SN Junction,10,205,0,1,0
2026-01-14,SN Junction,11,66,0,0,0
2026-01-14,SN Junction,12,88,0,0,0
2026-01-14,SN Junction,13,77,0,0,0
2026-01-14,SN Junction,14,83,0,0,0
2026-01-14,SN Junction,15,79,0,0,0
2026-01-14,SN Junction,16,76,0,0,0
2026-01-14,SN Junction,17,196,0,0,1
2026-01-14,SN Junction,18,194,0,0,1
2026-01-14,SN Junction,19,212,0,0,1
2026-01-14,SN Junction,20,217,0,0,1
2026-01-14,SN Junction,21,74,0,0,0
2026-01-14,SN Junction,22,76,0,0,0
2026-01-14,Tripunithura Terminal,6,78,0,0,0
2026-01-14,Tripunithura Terminal,7,78,0,0,0
2026-01-14,Tripunithura Terminal,8,203,0,1,0
2026-01-14,Tripunithura Terminal,9,204,0,1,0
2026-01-14,Tripunithura Terminal,10,213,0,1,0
2026-01-14,Tripunithura Terminal,11,77,0,0,0
2026-01-14,Tripunithura Terminal,12,80,0,0,0
2026-01-14,Tripunithura Terminal,13,79,0,0,0
2026-01-14,Tripunithura Terminal,14,82,0,0,0
2026-01-14,Tripunithura Terminal,15,84,0,0,0
2026-01-14,Tripunithura Terminal,16,87,0,0,0
2026-01-14,Tripunithura Terminal,17,207,0,0,1
2026-01-14,Tripunithura Terminal,18,197,0,0,1
2026-01-14,Tripunithura Terminal,19,195,0,0,1
2026-01-14,Tripunithura Terminal,20,189,0,0,1
2026-01-14,Tripunithura Terminal,21,70,0,0,0
2026-01-14,Tripunithura Terminal,22,68,0,0,0
2026-01-21,Aluva,6,190,0,0,0
2026-01-21,Aluva,7,196,0,0,0
2026-01-21,Aluva,8,479,0,1,0
2026-01-21,Aluva,9,497,0,1,0
2026-01-21,Aluva,10,479,0,1,0
2026-01-21,Aluva,11,210,0,0,0
2026-01-21,Aluva,12,201,0,0,0
2026-01-21,Aluva,13,219,0,0,0
2026-01-21,Aluva,14,209,0,0,0
2026-01-21,Aluva,15,181,0,0,0
2026-01-21,Aluva,16,229,0,0,0
2026-01-21,Aluva,17,509,0,0,1
2026-01-21,Aluva,18,519,0,0,1
2026-01-21,Aluva,19,526,0,0,1
2026-01-21,Aluva,20,468,0,0,1
2026-01-21,Aluva,21,190,0,0,0
2026-01-21,Aluva,22,212,0,0,0
2026-01-21,Pulinchodu,6,81,0,0,0
2026-01-21,Pulinchodu,7,64,0,0,0
2026-01-21,Pulinchodu,8,213,0,1,0
2026-01-21,Pulinchodu,9,206,0,1,0
2026-01-21,Pulinchodu,10,234,0,1,0
2026-01-21,Pulinchodu,11,86,0,0,0
2026-01-21,Pulinchodu,12,78,0,0,0
2026-01-21,Pulinchodu,13,76,0,0,0
2026-01-21,Pulinchodu,14,71,0,0,0
2026-01-21,Pulinchodu,15,78,0,0,0
2026-01-21,Pulinchodu,16,66,0,0,0
2026-01-21,Pulinchodu,17,194,0,0,1
2026-01-21,Pulinchodu,18,214,0,0,1
2026-01-21,Pulinchodu,19,183,0,0,1
2026-01-21,Pulinchodu,20,190,0,0,1
2026-01-21,Pulinchodu,21,83,0,0,0
2026-01-21,Pulinchodu,22,89,0,0,0
2026-01-21,Companypady,6,109,0,0,0
2026-01-21,Companypady,7,87,0,0,0
2026-01-21,Companypady,8,194,0,1,0
2026-01-21,Companypady,9,191,0,1,0
2026-01-21,Companypady,10,194,0,1,0
2026-01-21,Companypady,11,81,0,0,0
2026-01-21,Companypady,12,83,0,0,0
2026-01-21,Companypady,13,81,0,0,0
2026-01-21,Companypady,14,82,0,0,0
2026-01-21,Companypady,15,71,0,0,0
2026-01-21,Companypady,16,88,0,0,0
2026-01-21,Companypady,17,217,0,0,1
2026-01-21,Companypady,18,199,0,0,1
2026-01-21,Companypady,19,175,0,0,1
2026-01-21,Companypady,20,193,0,0,1
2026-01-21,Companypady,21,83,0,0,0
2026-01-21,Companypady,22,74,0,0,0
2026-01-21,Ambattukavu,6,86,0,0,0
2026-01-21,Ambattukavu,7,86,0,0,0
2026-01-21,Ambattukavu,8,236,0,1,0
2026-01-21,Ambattukavu,9,210,0,1,0
2026-01-21,Ambattukavu,10,202,0,1,0
2026-01-21,Ambattukavu,11,89,0,0,0
2026-01-21,Ambattukavu,12,77,0,0,0
2026-01-21,Ambattukavu,13,84,0,0,0
2026-01-21,Ambattukavu,14,87,0,0,0
2026-01-21,Ambattukavu,15,85,0,0,0
2026-01-21,Ambattukavu,16,79,0,0,0
2026-01-21,Ambattukavu,17,202,0,0,1
2026-01-21,Ambattukavu,18,201,0,0,1
2026-01-21,Ambattukavu,19,179,0,0,1
2026-01-21,Ambattukavu,20,215,0,0,1
2026-01-21,Ambattukavu,21,76,0,0,0
2026-01-21,Ambattukavu,22,75,0,0,0
2026-01-21,Muttom,6,70,0,0,0
2026-01-21,Muttom,7,74,0,0,0
2026-01-21,Muttom,8,216,0,1,0
2026-01-21,Muttom,9,210,0,1,0
2026-01-21,Muttom,10,210,0,1,0
2026-01-21,Muttom,11,73,0,0,0
2026-01-21,Muttom,12,89,0,0,0
2026-01-21,Muttom,13,70,0,0,0
2026-01-21,Muttom,14,91,0,0,0
2026-01-21,Muttom,15,68,0,0,0
2026-01-21,Muttom,16,96,0,0,0
2026-01-21,Muttom,17,218,0,0,1
2026-01-21,Muttom,18,205,0,0,1
2026-01-21,Muttom,19,208,0,0,1
2026-01-21,Muttom,20,193,0,0,1
2026-01-21,Muttom,21,68,0,0,0
2026-01-21,Muttom,22,89,0,0,0
2026-01-21,Kalamassery,6,201,0,0,0
2026-01-21,Kalamassery,7,178,0,0,0
2026-01-21,Kalamassery,8,470,0,1,0
2026-01-21,Kalamassery,9,559,0,1,0
2026-01-21,Kalamassery,10,485,0,1,0
2026-01-21,Kalamassery,11,203,0,0,0
2026-01-21,Kalamassery,12,212,0,0,0
2026-01-21,Kalamassery,13,184,0,0,0
2026-01-21,Kalamassery,14,182,0,0,0
2026-01-21,Kalamassery,15,191,0,0,0
2026-01-21,Kalamassery,16,227,0,0,0
2026-01-21,Kalamassery,17,497,0,0,1
2026-01-21,Kalamassery,18,487,0,0,1
2026-01-21,Kalamassery,19,505,0,0,1
2026-01-21,Kalamassery,20,470,0,0,1
2026-01-21,Kalamassery,21,177,0,0,0
2026-01-21,Kalamassery,22,164,0,0,0
2026-01-21,CUSAT,6,84,0,0,0
2026-01-21,CUSAT,7,73,0,0,0
2026-01-21,CUSAT,8,187,0,1,0
2026-01-21,CUSAT,9,212,0,1,0
2026-01-21,CUSAT,10,191,0,1,0
2026-01-21,CUSAT,11,80,0,0,0
2026-01-21,CUSAT,12,78,0,0,0
2026-01-21,CUSAT,13,72,0,0,0
2026-01-21,CUSAT,14,90,0,0,0
2026-01-21,CUSAT,15,82,0,0,0
2026-01-21,CUSAT,16,86,0,0,0
2026-01-21,CUSAT,17,213,0,0,1
2026-01-21,CUSAT,18,233,0,0,1
2026-01-21,CUSAT,19,184,0,0,1
2026-01-21,CUSAT,20,216,0,0,1
2026-01-21,CUSAT,21,79,0,0,0
2026-01-21,CUSAT,22,88,0,0,0
2026-01-21,Pathadipalam,6,68,0,0,0
2026-01-21,Pathadipalam,7,93,0,0,0
2026-01-21,Pathadipalam,8,203,0,1,0
2026-01-21,Pathadipalam,9,197,0,1,0
2026-01-21,Pathadipalam,10,220,0,1,0
2026-01-21,Pathadipalam,11,81,0,0,0
2026-01-21,Pathadipalam,12,70,0,0,0
2026-01-21,Pathadipalam,13,84,0,0,0
2026-01-21,Pathadipalam,14,76,0,0,0
2026-01-21,Pathadipalam,15,87,0,0,0
2026-01-21,Pathadipalam,16,93,0,0,0
2026-01-21,Pathadipalam,17,187,0,0,1
2026-01-21,Pathadipalam,18,201,0,0,1
2026-01-21,Pathadipalam,19,202,0,0,1
2026-01-21,Pathadipalam,20,183,0,0,1
2026-01-21,Pathadipalam,21,86,0,0,0
2026-01-21,Pathadipalam,22,82,0,0,0
2026-01-21,Edappally,6,216,0,0,0
2026-01-21,Edappally,7,196,0,0,0
2026-01-21,Edappally,8,504,0,1,0
2026-01-21,Edappally,9,543,0,1,0
2026-01-21,Edappally,10,534,0,1,0
2026-01-21,Edappally,11,195,0,0,0
2026-01-21,Edappally,12,210,0,0,0
2026-01-21,Edappally,13,203,0,0,0
2026-01-21,Edappally,14,189,0,0,0
2026-01-21,Edappally,15,210,0,0,0
2026-01-21,Edappally,16,232,0,0,0
2026-01-21,Edappally,17,480,0,0,1
2026-01-21,Edappally,18,505,0,0,1
2026-01-21,Edappally,19,490,0,0,1
2026-01-21,Edappally,20,493,0,0,1
2026-01-21,Edappally,21,194,0,0,0
2026-01-21,Edappally,22,188,0,0,0
2026-01-21,Changampuzha Park,6,80,0,0,0
2026-01-21,Changampuzha Park,7,89,0,0,0
2026-01-21,Changampuzha Park,8,212,0,1,0
2026-01-21,Changampuzha Park,9,209,0,1,0
2026-01-21,Changampuzha Park,10,184,0,1,0
2026-01-21,Changampuzha Park,11,81,0,0,0
2026-01-21,Changampuzha Park,12,93,0,0,0
2026-01-21,Changampuzha Park,13,70,0,0,0
2026-01-21,Changampuzha Park,14,90,0,0,0
2026-01-21,Changampuzha Park,15,76,0,0,0
2026-01-21,Changampuzha Park,16,86,0,0,0
2026-01-21,Changampuzha Park,17,225,0,0,1
2026-01-21,Changampuzha Park,18,203,0,0,1
2026-01-21,Changampuzha Park,19,201,0,0,1
2026-01-21,Changampuzha Park,20,223,0,0,1
2026-01-21,Changampuzha Park,21,69,0,0,0
2026-01-21,Changampuzha Park,22,79,0,0,0
2026-01-21,Palarivattom,6,79,0,0,0
2026-01-21,Palarivattom,7,65,0,0,0
2026-01-21,Palarivattom,8,202,0,1,0
2026-01-21,Palarivattom,9,184,0,1,0
2026-01-21,Palarivattom,10,178,0,1,0
2026-01-21,Palarivattom,11,84,0,0,0
2026-01-21,Palarivattom,12,71,0,0,0
2026-01-21,Palarivattom,13,62,0,0,0
2026-01-21,Palarivattom,14,88,0,0,0
2026-01-21,Palarivattom,15,87,0,0,0
2026-01-21,Palarivattom,16,69,0,0,0
2026-01-21,Palarivattom,17,197,0,0,1
2026-01-21,Palarivattom,18,198,0,0,1
2026-01-21,Palarivattom,19,172,0,0,1
2026-01-21,Palarivattom,20,226,0,0,1
2026-01-21,Palarivattom,21,87,0,0,0
2026-01-21,Palarivattom,22,81,0,0,0
2026-01-21,JLN Stadium,6,73,0,0,0
2026-01-21,JLN Stadium,7,90,0,0,0
2026-01-21,JLN Stadium,8,222,0,1,0
2026-01-21,JLN Stadium,9,203,0,1,0
2026-01-21,JLN Stadium,10,192,0,1,0
2026-01-21,JLN Stadium,11,69,0,0,0
2026-01-21,JLN Stadium,12,89,0,0,0
2026-01-21,JLN Stadium,13,90,0,0,0
2026-01-21,JLN Stadium,14,82,0,0,0
2026-01-21,JLN Stadium,15,84,0,0,0
2026-01-21,JLN Stadium,16,78,0,0,0
2026-01-21,JLN Stadium,17,183,0,0,1
2026-01-21,JLN Stadium,18,203,0,0,1
2026-01-21,JLN Stadium,19,203,0,0,1
2026-01-21,JLN Stadium,20,204,0,0,1
2026-01-21,JLN Stadium,21,93,0,0,0
2026-01-21,JLN Stadium,22,88,0,0,0
2026-01-21,Kaloor Town Hall,6,71,0,0,0
2026-01-21,Kaloor Town Hall,7,74,0,0,0
2026-01-21,Kaloor Town Hall,8,191,0,1,0
2026-01-21,Kaloor Town Hall,9,192,0,1,0
2026-01-21,Kaloor Town Hall,10,198,0,1,0
2026-01-21,Kaloor Town Hall,11,87,0,0,0
2026-01-21,Kaloor Town Hall,12,86,0,0,0
2026-01-21,Kaloor Town Hall,13,84,0,0,0
2026-01-21,Kaloor Town Hall,14,77,0,0,0
2026-01-21,Kaloor Town Hall,15,92,0,0,0
2026-01-21,Kaloor Town Hall,16,82,0,0,0
2026-01-21,Kaloor Town Hall,17,221,0,0,1
2026-01-21,Kaloor Town Hall,18,197,0,0,1
2026-01-21,Kaloor Town Hall,19,214,0,0,1
2026-01-21,Kaloor Town Hall,20,198,0,0,1
2026-01-21,Kaloor Town Hall,21,75,0,0,0
2026-01-21,Kaloor Town Hall,22,71,0,0,0
2026-01-21,MG Road,6,209,0,0,0
2026-01-21,MG Road,7,192,0,0,0
2026-01-21,MG Road,8,473,0,1,0
2026-01-21,MG Road,9,508,0,1,0
2026-01-21,MG Road,10,496,0,1,0
2026-01-21,MG Road,11,190,0,0,0
2026-01-21,MG Road,12,201,0,0,0
2026-01-21,MG Road,13,180,0,0,0
2026-01-21,MG Road,14,215,0,0,0
2026-01-21,MG Road,15,240,0,0,0
2026-01-21,MG Road,16,190,0,0,0
2026-01-21,MG Road,17,491,0,0,1
2026-01-21,MG Road,18,485,0,0,1
2026-01-21,MG Road,19,506,0,0,1
2026-01-21,MG Road,20,486,0,0,1
2026-01-21,MG Road,21,198,0,0,0
2026-01-21,MG Road,22,215,0,0,0
2026-01-21,Maharaja's College,6,72,0,0,0
2026-01-21,Maharaja's College,7,89,0,0,0
2026-01-21,Maharaja's College,8,183,0,1,0
2026-01-21,Maharaja's College,9,196,0,1,0
2026-01-21,Maharaja's College,10,191,0,1,0
2026-01-21,Maharaja's College,11,103,0,0,0
2026-01-21,Maharaja's College,12,72,0,0,0
2026-01-21,Maharaja's College,13,89,0,0,0
2026-01-21,Maharaja's College,14,81,0,0,0
2026-01-21,Maharaja's College,15,86,0,0,0
2026-01-21,Maharaja's College,16,71,0,0,0
2026-01-21,Maharaja's College,17,190,0,0,1
2026-01-21,Maharaja's College,18,210,0,0,1
2026-01-21,Maharaja's College,19,211,0,0,1
2026-01-21,Maharaja's College,20,195,0,0,1
2026-01-21,Maharaja's College,21,87,0,0,0
2026-01-21,Maharaja's College,22,70,0,0,0
2026-01-21,Ernakulam South,6,201,0,0,0
2026-01-21,Ernakulam South,7,192,0,0,0
2026-01-21,Ernakulam South,8,431,0,1,0
2026-01-21,Ernakulam South,9,536,0,1,0
2026-01-21,Ernakulam South,10,469,0,1,0
2026-01-21,Ernakulam South,11,197,0,0,0
2026-01-21,Ernakulam South,12,196,0,0,0
2026-01-21,Ernakulam South,13,199,0,0,0
2026-01-21,Ernakulam South,14,220,0,0,0
2026-01-21,Ernakulam South,15,190,0,0,0
2026-01-21,Ernakulam South,16,174,0,0,0
2026-01-21,Ernakulam South,17,514,0,0,1
2026-01-21,Ernakulam South,18,518,0,0,1
2026-01-21,Ernakulam South,19,538,0,0,1
2026-01-21,Ernakulam South,20,505,0,0,1
2026-01-21,Ernakulam South,21,181,0,0,0
2026-01-21,Ernakulam South,22,208,0,0,0
2026-01-21,Kadavanthra,6,78,0,0,0
2026-01-21,Kadavanthra,7,76,0,0,0
2026-01-21,Kadavanthra,8,175,0,1,0
2026-01-21,Kadavanthra,9,217,0,1,0
2026-01-21,Kadavanthra,10,209,0,1,0
2026-01-21,Kadavanthra,11,87,0,0,0
2026-01-21,Kadavanthra,12,87,0,0,0
2026-01-21,Kadavanthra,13,97,0,0,0
2026-01-21,Kadavanthra,14,105,0,0,0
2026-01-21,Kadavanthra,15,71,0,0,0
2026-01-21,Kadavanthra,16,81,0,0,0
2026-01-21,Kadavanthra,17,214,0,0,1
2026-01-21,Kadavanthra,18,187,0,0,1
2026-01-21,Kadavanthra,19,193,0,0,1
2026-01-21,Kadavanthra,20,168,0,0,1
2026-01-21,Kadavanthra,21,74,0,0,0
2026-01-21,Kadavanthra,22,67,0,0,0
2026-01-21,Elamkulam,6,84,0,0,0
2026-01-21,Elamkulam,7,77,0,0,0
2026-01-21,Elamkulam,8,189,0,1,0
2026-01-21,Elamkulam,9,203,0,1,0
2026-01-21,Elamkulam,10,193,0,1,0
2026-01-21,Elamkulam,11,69,0,0,0
2026-01-21,Elamkulam,12,74,0,0,0
2026-01-21,Elamkulam,13,86,0,0,0
2026-01-21,Elamkulam,14,92,0,0,0
2026-01-21,Elamkulam,15,80,0,0,0
2026-01-21,Elamkulam,16,88,0,0,0
2026-01-21,Elamkulam,17,207,0,0,1
2026-01-21,Elamkulam,18,215,0,0,1
2026-01-21,Elamkulam,19,205,0,0,1
2026-01-21,Elamkulam,20,212,0,0,1
2026-01-21,Elamkulam,21,94,0,0,0
2026-01-21,Elamkulam,22,80,0,0,0
2026-01-21,Vyttila,6,88,0,0,0
2026-01-21,Vyttila,7,77,0,0,0
2026-01-21,Vyttila,8,188,0,1,0
2026-01-21,Vyttila,9,183,0,1,0
2026-01-21,Vyttila,10,205,0,1,0
2026-01-21,Vyttila,11,91,0,0,0
2026-01-21,Vyttila,12,78,0,0,0
2026-01-21,Vyttila,13,90,0,0,0
2026-01-21,Vyttila,14,77,0,0,0
2026-01-21,Vyttila,15,86,0,0,0
2026-01-21,Vyttila,16,67,0,0,0
2026-01-21,Vyttila,17,188,0,0,1
2026-01-21,Vyttila,18,186,0,0,1
2026-01-21,Vyttila,19,198,0,0,1
2026-01-21,Vyttila,20,179,0,0,1
2026-01-21,Vyttila,21,76,0,0,0
2026-01-21,Vyttila,22,77,0,0,0
2026-01-21,Thaikoodam,6,84,0,0,0
2026-01-21,Thaikoodam,7,73,0,0,0
2026-01-21,Thaikoodam,8,219,0,1,0
2026-01-21,Thaikoodam,9,203,0,1,0
2026-01-21,Thaikoodam,10,194,0,1,0
2026-01-21,Thaikoodam,11,69,0,0,0
2026-01-21,Thaikoodam,12,66,0,0,0
2026-01-21,Thaikoodam,13,81,0,0,0
2026-01-21,Thaikoodam,14,91,0,0,0
2026-01-21,Thaikoodam,15,70,0,0,0
2026-01-21,Thaikoodam,16,75,0,0,0
2026-01-21,Thaikoodam,17,192,0,0,1
2026-01-21,Thaikoodam,18,204,0,0,1
2026-01-21,Thaikoodam,19,185,0,0,1
2026-01-21,Thaikoodam,20,197,0,0,1
2026-01-21,Thaikoodam,21,83,0,0,0
2026-01-21,Thaikoodam,22,85,0,0,0
2026-01-21,Petta,6,81,0,0,0
2026-01-21,Petta,7,85,0,0,0
2026-01-21,Petta,8,185,0,1,0
2026-01-21,Petta,9,197,0,1,0
2026-01-21,Petta,10,207,0,1,0
2026-01-21,Petta,11,83,0,0,0
2026-01-21,Petta,12,73,0,0,0
2026-01-21,Petta,13,76,0,0,0
2026-01-21,Petta,14,84,0,0,0
2026-01-21,Petta,15,78,0,0,0
2026-01-21,Petta,16,83,0,0,0
2026-01-21,Petta,17,200,0,0,1
2026-01-21,Petta,18,239,0,0,1
2026-01-21,Petta,19,215,0,0,1
2026-01-21,Petta,20,197,0,0,1
2026-01-21,Petta,21,100,0,0,0
2026-01-21,Petta,22,93,0,0,0
2026-01-21,Vadakkekotta,6,94,0,0,0
2026-01-21,Vadakkekotta,7,69,0,0,0
2026-01-21,Vadakkekotta,8,198,0,1,0
2026-01-21,Vadakkekotta,9,200,0,1,0
2026-01-21,Vadakkekotta,10,200,0,1,0
2026-01-21,Vadakkekotta,11,90,0,0,0
2026-01-21,Vadakkekotta,12,75,0,0,0
2026-01-21,Vadakkekotta,13,75,0,0,0
2026-01-21,Vadakkekotta,14,70,0,0,0
2026-01-21,Vadakkekotta,15,83,0,0,0
2026-01-21,Vadakkekotta,16,78,0,0,0
2026-01-21,Vadakkekotta,17,174,0,0,1
2026-01-21,Vadakkekotta,18,208,0,0,1
2026-01-21,Vadakkekotta,19,193,0,0,1
2026-01-21,Vadakkekotta,20,180,0,0,1
2026-01-21,Vadakkekotta,21,73,0,0,0
2026-01-21,Vadakkekotta,22,97,0,0,0
2026-01-21,SN Junction,6,79,0,0,0
2026-01-21,SN Junction,7,85,0,0,0
2026-01-21,SN Junction,8,190,0,1,0
2026-01-21,SN Junction,9,178,0,1,0
2026-01-21,SN Junction,10,198,0,1,0
2026-01-21,SN Junction,11,78,0,0,0
2026-01-21,SN Junction,12,75,0,0,0
2026-01-21,SN Junction,13,64,0,0,0
2026-01-21,SN Junction,14,72,0,0,0
2026-01-21,SN Junction,15,84,0,0,0
2026-01-21,SN Junction,16,86,0,0,0
2026-01-21,SN Junction,17,183,0,0,1
2026-01-21,SN Junction,18,166,0,0,1
2026-01-21,SN Junction,19,215,0,0,1
2026-01-21,SN Junction,20,193,0,0,1
2026-01-21,SN Junction,21,91,0,0,0
2026-01-21,SN Junction,22,83,0,0,0
2026-01-21,Tripunithura Terminal,6,86,0,0,0
2026-01-21,Tripunithura Terminal,7,94,0,0,0
2026-01-21,Tripunithura Terminal,8,175,0,1,0
2026-01-21,Tripunithura Terminal,9,230,0,1,0
2026-01-21,Tripunithura Terminal,10,205,0,1,0
2026-01-21,Tripunithura Terminal,11,80,0,0,0
2026-01-21,Tripunithura Terminal,12,69,0,0,0
2026-01-21,Tripunithura Terminal,13,87,0,0,0
2026-01-21,Tripunithura Terminal,14,75,0,0,0
2026-01-21,Tripunithura Terminal,15,83,0,0,0
2026-01-21,Tripunithura Terminal,16,73,0,0,0
2026-01-21,Tripunithura Terminal,17,199,0,0,1
2026-01-21,Tripunithura Terminal,18,189,0,0,1
2026-01-21,Tripunithura Terminal,19,191,0,0,1
2026-01-21,Tripunithura Terminal,20,201,0,0,1
2026-01-21,Tripunithura Terminal,21,92,0,0,0
2026-01-21,Tripunithura Terminal,22,86,0,0,0
2026-01-28,Aluva,6,215,0,0,0
2026-01-28,Aluva,7,182,0,0,0
2026-01-28,Aluva,8,481,0,1,0
2026-01-28,Aluva,9,508,0,1,0
2026-01-28,Aluva,10,477,0,1,0
2026-01-28,Aluva,11,185,0,0,0
2026-01-28,Aluva,12,224,0,0,0
2026-01-28,Aluva,13,196,0,0,0
2026-01-28,Aluva,14,187,0,0,0
2026-01-28,Aluva,15,192,0,0,0
2026-01-28,Aluva,16,212,0,0,0
2026-01-28,Aluva,17,533,0,0,1
2026-01-28,Aluva,18,510,0,0,1
2026-01-28,Aluva,19,495,0,0,1
2026-01-28,Aluva,20,477,0,0,1
2026-01-28,Aluva,21,205,0,0,0
2026-01-28,Aluva,22,201,0,0,0
2026-01-28,Pulinchodu,6,93,0,0,0
2026-01-28,Pulinchodu,7,68,0,0,0
2026-01-28,Pulinchodu,8,205,0,1,0
2026-01-28,Pulinchodu,9,220,0,1,0
2026-01-28,Pulinchodu,10,201,0,1,0
2026-01-28,Pulinchodu,11,79,0,0,0
2026-01-28,Pulinchodu,12,76,0,0,0
2026-01-28,Pulinchodu,13,68,0,0,0
2026-01-28,Pulinchodu,14,70,0,0,0
2026-01-28,Pulinchodu,15,88,0,0,0
2026-01-28,Pulinchodu,16,73,0,0,0
2026-01-28,Pulinchodu,17,196,0,0,1
2026-01-28,Pulinchodu,18,198,0,0,1
2026-01-28,Pulinchodu,19,183,0,0,1
2026-01-28,Pulinchodu,20,224,0,0,1
2026-01-28,Pulinchodu,21,97,0,0,0
2026-01-28,Pulinchodu,22,74,0,0,0
2026-01-28,Companypady,6,80,0,0,0
2026-01-28,Companypady,7,84,0,0,0
2026-01-28,Companypady,8,237,0,1,0
2026-01-28,Companypady,9,196,0,1,0
2026-01-28,Companypady,10,171,0,1,0
2026-01-28,Companypady,11,68,0,0,0
2026-01-28,Companypady,12,90,0,0,0
2026-01-28,Companypady,13,88,0,0,0
2026-01-28,Companypady,14,89,0,0,0
2026-01-28,Companypady,15,84,0,0,0
2026-01-28,Companypady,16,72,0,0,0
2026-01-28,Companypady,17,189,0,0,1
2026-01-28,Companypady,18,199,0,0,1
2026-01-28,Companypady,19,210,0,0,1
2026-01-28,Companypady,20,201,0,0,1
2026-01-28,Companypady,21,94,0,0,0
2026-01-28,Companypady,22,76,0,0,0
2026-01-28,Ambattukavu,6,66,0,0,0
2026-01-28,Ambattukavu,7,86,0,0,0
2026-01-28,Ambattukavu,8,207,0,1,0
2026-01-28,Ambattukavu,9,199,0,1,0
2026-01-28,Ambattukavu,10,206,0,1,0
2026-01-28,Ambattukavu,11,84,0,0,0
2026-01-28,Ambattukavu,12,80,0,0,0
2026-01-28,Ambattukavu,13,71,0,0,0
2026-01-28,Ambattukavu,14,75,0,0,0
2026-01-28,Ambattukavu,15,82,0,0,0
2026-01-28,Ambattukavu,16,78,0,0,0
2026-01-28,Ambattukavu,17,205,0,0,1
2026-01-28,Ambattukavu,18,202,0,0,1
2026-01-28,Ambattukavu,19,208,0,0,1
2026-01-28,Ambattukavu,20,181,0,0,1
2026-01-28,Ambattukavu,21,90,0,0,0
2026-01-28,Ambattukavu,22,66,0,0,0
2026-01-28,Muttom,6,81,0,0,0
2026-01-28,Muttom,7,77,0,0,0
2026-01-28,Muttom,8,202,0,1,0
2026-01-28,Muttom,9,210,0,1,0
2026-01-28,Muttom,10,207,0,1,0
2026-01-28,Muttom,11,70,0,0,0
2026-01-28,Muttom,12,74,0,0,0
2026-01-28,Muttom,13,78,0,0,0
2026-01-28,Muttom,14,71,0,0,0
2026-01-28,Muttom,15,90,0,0,0
2026-01-28,Muttom,16,83,0,0,0
2026-01-28,Muttom,17,190,0,0,1
2026-01-28,Muttom,18,203,0,0,1
2026-01-28,Muttom,19,201,0,0,1
2026-01-28,Muttom,20,202,0,0,1
2026-01-28,Muttom,21,85,0,0,0
2026-01-28,Muttom,22,69,0,0,0
2026-01-28,Kalamassery,6,198,0,0,0
2026-01-28,Kalamassery,7,212,0,0,0
2026-01-28,Kalamassery,8,494,0,1,0
2026-01-28,Kalamassery,9,450,0,1,0
2026-01-28,Kalamassery,10,546,0,1,0
2026-01-28,Kalamassery,11,197,0,0,0
2026-01-28,Kalamassery,12,203,0,0,0
2026-01-28,Kalamassery,13,185,0,0,0
2026-01-28,Kalamassery,14,192,0,0,0
2026-01-28,Kalamassery,15,210,0,0,0
2026-01-28,Kalamassery,16,201,0,0,0
2026-01-28,Kalamassery,17,528,0,0,1
2026-01-28,Kalamassery,18,506,0,0,1
2026-01-28,Kalamassery,19,487,0,0,1
2026-01-28,Kalamassery,20,473,0,0,1
2026-01-28,Kalamassery,21,195,0,0,0
2026-01-28,Kalamassery,22,203,0,0,0
2026-01-28,CUSAT,6,89,0,0,0
2026-01-28,CUSAT,7,77,0,0,0
2026-01-28,CUSAT,8,192,0,1,0
2026-01-28,CUSAT,9,199,0,1,0
2026-01-28,CUSAT,10,212,0,1,0
2026-01-28,CUSAT,11,74,0,0,0
2026-01-28,CUSAT,12,79,0,0,0
2026-01-28,CUSAT,13,77,0,0,0
2026-01-28,CUSAT,14,77,0,0,0
2026-01-28,CUSAT,15,75,0,0,0
2026-01-28,CUSAT,16,89,0,0,0
2026-01-28,CUSAT,17,185,0,0,1
2026-01-28,CUSAT,18,191,0,0,1
2026-01-28,CUSAT,19,180,0,0,1
2026-01-28,CUSAT,20,197,0,0,1
2026-01-28,CUSAT,21,93,0,0,0
2026-01-28,CUSAT,22,80,0,0,0
2026-01-28,Pathadipalam,6,71,0,0,0
2026-01-28,Pathadipalam,7,85,0,0,0
2026-01-28,Pathadipalam,8,166,0,1,0
2026-01-28,Pathadipalam,9,189,0,1,0
2026-01-28,Pathadipalam,10,185,0,1,0
2026-01-28,Pathadipalam,11,87,0,0,0
2026-01-28,Pathadipalam,12,77,0,0,0
2026-01-28,Pathadipalam,13,79,0,0,0
2026-01-28,Pathadipalam,14,72,0,0,0
2026-01-28,Pathadipalam,15,62,0,0,0
2026-01-28,Pathadipalam,16,78,0,0,0
2026-01-28,Pathadipalam,17,213,0,0,1
2026-01-28,Pathadipalam,18,188,0,0,1
2026-01-28,Pathadipalam,19,184,0,0,1
2026-01-28,Pathadipalam,20,207,0,0,1
2026-01-28,Pathadipalam,21,85,0,0,0
2026-01-28,Pathadipalam,22,71,0,0,0
2026-01-28,Edappally,6,189,0,0,0
2026-01-28,Edappally,7,200,0,0,0
2026-01-28,Edappally,8,508,0,1,0
2026-01-28,Edappally,9,486,0,1,0
2026-01-28,Edappally,10,499,0,1,0
2026-01-28,Edappally,11,204,0,0,0
2026-01-28,Edappally,12,208,0,0,0
2026-01-28,Edappally,13,200,0,0,0
2026-01-28,Edappally,14,186,0,0,0
2026-01-28,Edappally,15,195,0,0,0
2026-01-28,Edappally,16,191,0,0,0
2026-01-28,Edappally,17,481,0,0,1
2026-01-28,Edappally,18,493,0,0,1
2026-01-28,Edappally,19,484,0,0,1
2026-01-28,Edappally,20,491,0,0,1
2026-01-28,Edappally,21,223,0,0,0
2026-01-28,Edappally,22,187,0,0,0
2026-01-28,Changampuzha Park,6,86,0,0,0
2026-01-28,Changampuzha Park,7,103,0,0,0
2026-01-28,Changampuzha Park,8,196,0,1,0
2026-01-28,Changampuzha Park,9,217,0,1,0
2026-01-28,Changampuzha Park,10,205,0,1,0
2026-01-28,Changampuzha Park,11,83,0,0,0
2026-01-28,Changampuzha Park,12,69,0,0,0
2026-01-28,Changampuzha Park,13,90,0,0,0
2026-01-28,Changampuzha Park,14,85,0,0,0
2026-01-28,Changampuzha Park,15,74,0,0,0
2026-01-28,Changampuzha Park,16,81,0,0,0
2026-01-28,Changampuzha Park,17,208,0,0,1
2026-01-28,Changampuzha Park,18,209,0,0,1
2026-01-28,Changampuzha Park,19,215,0,0,1
2026-01-28,Changampuzha Park,20,208,0,0,1
2026-01-28,Changampuzha Park,21,77,0,0,0
2026-01-28,Changampuzha Park,22,69,0,0,0
2026-01-28,Palarivattom,6,97,0,0,0
2026-01-28,Palarivattom,7,107,0,0,0
2026-01-28,Palarivattom,8,201,0,1,0
2026-01-28,Palarivattom,9,213,0,1,0
2026-01-28,Palarivattom,10,187,0,1,0
2026-01-28,Palarivattom,11,94,0,0,0
2026-01-28,Palarivattom,12,78,0,0,0
2026-01-28,Palarivattom,13,78,0,0,0
2026-01-28,Palarivattom,14,78,0,0,0
2026-01-28,Palarivattom,15,84,0,0,0
2026-01-28,Palarivattom,16,79,0,0,0
2026-01-28,Palarivattom,17,188,0,0,1
2026-01-28,Palarivattom,18,201,0,0,1
2026-01-28,Palarivattom,19,220,0,0,1
2026-01-28,Palarivattom,20,215,0,0,1
2026-01-28,Palarivattom,21,94,0,0,0
2026-01-28,Palarivattom,22,89,0,0,0
2026-01-28,JLN Stadium,6,80,0,0,0
2026-01-28,JLN Stadium,7,79,0,0,0
2026-01-28,JLN Stadium,8,217,0,1,0
2026-01-28,JLN Stadium,9,236,0,1,0
2026-01-28,JLN Stadium,10,196,0,1,0
2026-01-28,JLN Stadium,11,71,0,0,0
2026-01-28,JLN Stadium,12,95,0,0,0
2026-01-28,JLN Stadium,13,69,0,0,0
2026-01-28,JLN Stadium,14,92,0,0,0
2026-01-28,JLN Stadium,15,89,0,0,0
2026-01-28,JLN Stadium,16,72,0,0,0
2026-01-28,JLN Stadium,17,201,0,0,1
2026-01-28,JLN Stadium,18,195,0,0,1
2026-01-28,JLN Stadium,19,207,0,0,1
2026-01-28,JLN Stadium,20,198,0,0,1
2026-01-28,JLN Stadium,21,82,0,0,0
2026-01-28,JLN Stadium,22,79,0,0,0
2026-01-28,Kaloor Town Hall,6,65,0,0,0
2026-01-28,Kaloor Town Hall,7,66,0,0,0
2026-01-28,Kaloor Town Hall,8,209,0,1,0
2026-01-28,Kaloor Town Hall,9,217,0,1,0
2026-01-28,Kaloor Town Hall,10,175,0,1,0
2026-01-28,Kaloor Town Hall,11,59,0,0,0
2026-01-28,Kaloor Town Hall,12,84,0,0,0
2026-01-28,Kaloor Town Hall,13,89,0,0,0
2026-01-28,Kaloor Town Hall,14,70,0,0,0
2026-01-28,Kaloor Town Hall,15,72,0,0,0
2026-01-28,Kaloor Town Hall,16,72,0,0,0
2026-01-28,Kaloor Town Hall,17,218,0,0,1
2026-01-28,Kaloor Town Hall,18,197,0,0,1
2026-01-28,Kaloor Town Hall,19,219,0,0,1
2026-01-28,Kaloor Town Hall,20,207,0,0,1
2026-01-28,Kaloor Town Hall,21,71,0,0,0
2026-01-28,Kaloor Town Hall,22,92,0,0,0
2026-01-28,MG Road,6,202,0,0,0
2026-01-28,MG Road,7,187,0,0,0
2026-01-28,MG Road,8,553,0,1,0
2026-01-28,MG Road,9,470,0,1,0
2026-01-28,MG Road,10,508,0,1,0
2026-01-28,MG Road,11,218,0,0,0
2026-01-28,MG Road,12,198,0,0,0
2026-01-28,MG Road,13,234,0,0,0
2026-01-28,MG Road,14,206,0,0,0
2026-01-28,MG Road,15,201,0,0,0
2026-01-28,MG Road,16,205,0,0,0
2026-01-28,MG Road,17,507,0,0,1
2026-01-28,MG Road,18,523,0,0,1
2026-01-28,MG Road,19,513,0,0,1
2026-01-28,MG Road,20,488,0,0,1
2026-01-28,MG Road,21,221,0,0,0
2026-01-28,MG Road,22,192,0,0,0
2026-01-28,Maharaja's College,6,86,0,0,0
2026-01-28,Maharaja's College,7,66,0,0,0
2026-01-28,Maharaja's College,8,188,0,1,0
2026-01-28,Maharaja's College,9,206,0,1,0
2026-01-28,Maharaja's College,10,198,0,1,0
2026-01-28,Maharaja's College,11,75,0,0,0
2026-01-28,Maharaja's College,12,79,0,0,0
2026-01-28,Maharaja's College,13,101,0,0,0
2026-01-28,Maharaja's College,14,76,0,0,0
2026-01-28,Maharaja's College,15,76,0,0,0
2026-01-28,Maharaja's College,16,75,0,0,0
2026-01-28,Maharaja's College,17,187,0,0,1
2026-01-28,Maharaja's College,18,176,0,0,1
2026-01-28,Maharaja's College,19,214,0,0,1
2026-01-28,Maharaja's College,20,209,0,0,1
2026-01-28,Maharaja's College,21,77,0,0,0
2026-01-28,Maharaja's College,22,79,0,0,0
2026-01-28,Ernakulam South,6,208,0,0,0
2026-01-28,Ernakulam South,7,182,0,0,0
2026-01-28,Ernakulam South,8,496,0,1,0
2026-01-28,Ernakulam South,9,524,0,1,0
2026-01-28,Ernakulam South,10,494,0,1,0
2026-01-28,Ernakulam South,11,190,0,0,0
2026-01-28,Ernakulam South,12,230,0,0,0
2026-01-28,Ernakulam South,13,192,0,0,0
2026-01-28,Ernakulam South,14,201,0,0,0
2026-01-28,Ernakulam South,15,184,0,0,0
2026-01-28,Ernakulam South,16,201,0,0,0
2026-01-28,Ernakulam South,17,503,0,0,1
2026-01-28,Ernakulam South,18,505,0,0,1
2026-01-28,Ernakulam South,19,465,0,0,1
2026-01-28,Ernakulam South,20,501,0,0,1
2026-01-28,Ernakulam South,21,205,0,0,0
2026-01-28,Ernakulam South,22,222,0,0,0
2026-01-28,Kadavanthra,6,69,0,0,0
2026-01-28,Kadavanthra,7,81,0,0,0
2026-01-28,Kadavanthra,8,197,0,1,0
2026-01-28,Kadavanthra,9,181,0,1,0
2026-01-28,Kadavanthra,10,205,0,1,0
2026-01-28,Kadavanthra,11,81,0,0,0
2026-01-28,Kadavanthra,12,90,0,0,0
2026-01-28,Kadavanthra,13,86,0,0,0
2026-01-28,Kadavanthra,14,82,0,0,0
2026-01-28,Kadavanthra,15,65,0,0,0
2026-01-28,Kadavanthra,16,78,0,0,0
2026-01-28,Kadavanthra,17,206,0,0,1
2026-01-28,Kadavanthra,18,226,0,0,1
2026-01-28,Kadavanthra,19,207,0,0,1
2026-01-28,Kadavanthra,20,187,0,0,1
2026-01-28,Kadavanthra,21,83,0,0,0
2026-01-28,Kadavanthra,22,83,0,0,0
2026-01-28,Elamkulam,6,84,0,0,0
2026-01-28,Elamkulam,7,91,0,0,0
2026-01-28,Elamkulam,8,188,0,1,0
2026-01-28,Elamkulam,9,218,0,1,0
2026-01-28,Elamkulam,10,208,0,1,0
2026-01-28,Elamkulam,11,84,0,0,0
2026-01-28,Elamkulam,12,78,0,0,0
2026-01-28,Elamkulam,13,84,0,0,0
2026-01-28,Elamkulam,14,67,0,0,0
2026-01-28,Elamkulam,15,96,0,0,0
2026-01-28,Elamkulam,16,84,0,0,0
2026-01-28,Elamkulam,17,199,0,0,1
2026-01-28,Elamkulam,18,191,0,0,1
2026-01-28,Elamkulam,19,178,0,0,1
2026-01-28,Elamkulam,20,207,0,0,1
2026-01-28,Elamkulam,21,101,0,0,0
2026-01-28,Elamkulam,22,74,0,0,0
2026-01-28,Vyttila,6,85,0,0,0
2026-01-28,Vyttila,7,74,0,0,0
2026-01-28,Vyttila,8,213,0,1,0
2026-01-28,Vyttila,9,198,0,1,0
2026-01-28,Vyttila,10,178,0,1,0
2026-01-28,Vyttila,11,80,0,0,0
2026-01-28,Vyttila,12,79,0,0,0
2026-01-28,Vyttila,13,68,0,0,0
2026-01-28,Vyttila,14,91,0,0,0
2026-01-28,Vyttila,15,66,0,0,0
2026-01-28,Vyttila,16,81,0,0,0
2026-01-28,Vyttila,17,214,0,0,1
2026-01-28,Vyttila,18,205,0,0,1
2026-01-28,Vyttila,19,168,0,0,1
2026-01-28,Vyttila,20,204,0,0,1
2026-01-28,Vyttila,21,76,0,0,0
2026-01-28,Vyttila,22,81,0,0,0
2026-01-28,Thaikoodam,6,74,0,0,0
2026-01-28,Thaikoodam,7,82,0,0,0
2026-01-28,Thaikoodam,8,177,0,1,0
2026-01-28,Thaikoodam,9,197,0,1,0
2026-01-28,Thaikoodam,10,206,0,1,0
2026-01-28,Thaikoodam,11,78,0,0,0
2026-01-28,Thaikoodam,12,78,0,0,0
2026-01-28,Thaikoodam,13,78,0,0,0
2026-01-28,Thaikoodam,14,78,0,0,0
2026-01-28,Thaikoodam,15,94,0,0,0
2026-01-28,Thaikoodam,16,68,0,0,0
2026-01-28,Thaikoodam,17,209,0,0,1
2026-01-28,Thaikoodam,18,193,0,0,1
2026-01-28,Thaikoodam,19,189,0,0,1
2026-01-28,Thaikoodam,20,216,0,0,1
2026-01-28,Thaikoodam,21,79,0,0,0
2026-01-28,Thaikoodam,22,88,0,0,0
2026-01-28,Petta,6,87,0,0,0
2026-01-28,Petta,7,90,0,0,0
2026-01-28,Petta,8,184,0,1,0
2026-01-28,Petta,9,237,0,1,0
2026-01-28,Petta,10,213,0,1,0
2026-01-28,Petta,11,89,0,0,0
2026-01-28,Petta,12,87,0,0,0
2026-01-28,Petta,13,88,0,0,0
2026-01-28,Petta,14,87,0,0,0
2026-01-28,Petta,15,89,0,0,0
2026-01-28,Petta,16,73,0,0,0
2026-01-28,Petta,17,190,0,0,1
2026-01-28,Petta,18,219,0,0,1
2026-01-28,Petta,19,210,0,0,1
2026-01-28,Petta,20,209,0,0,1
2026-01-28,Petta,21,77,0,0,0
2026-01-28,Petta,22,96,0,0,0
2026-01-28,Vadakkekotta,6,74,0,0,0
2026-01-28,Vadakkekotta,7,74,0,0,0
2026-01-28,Vadakkekotta,8,223,0,1,0
2026-01-28,Vadakkekotta,9,201,0,1,0
2026-01-28,Vadakkekotta,10,212,0,1,0
2026-01-28,Vadakkekotta,11,77,0,0,0
2026-01-28,Vadakkekotta,12,102,0,0,0
2026-01-28,Vadakkekotta,13,96,0,0,0
2026-01-28,Vadakkekotta,14,82,0,0,0
2026-01-28,Vadakkekotta,15,76,0,0,0
2026-01-28,Vadakkekotta,16,76,0,0,0
2026-01-28,Vadakkekotta,17,207,0,0,1
2026-01-28,Vadakkekotta,18,207,0,0,1
2026-01-28,Vadakkekotta,19,210,0,0,1
2026-01-28,Vadakkekotta,20,183,0,0,1
2026-01-28,Vadakkekotta,21,69,0,0,0
2026-01-28,Vadakkekotta,22,80,0,0,0
2026-01-28,SN Junction,6,92,0,0,0
2026-01-28,SN Junction,7,76,0,0,0
2026-01-28,SN Junction,8,206,0,1,0
2026-01-28,SN Junction,9,188,0,1,0
2026-01-28,SN Junction,10,199,0,1,0
2026-01-28,SN Junction,11,71,0,0,0
2026-01-28,SN Junction,12,73,0,0,0
2026-01-28,SN Junction,13,95,0,0,0
2026-01-28,SN Junction,14,91,0,0,0
2026-01-28,SN Junction,15,83,0,0,0
2026-01-28,SN Junction,16,72,0,0,0
2026-01-28,SN Junction,17,213,0,0,1
2026-01-28,SN Junction,18,189,0,0,1
2026-01-28,SN Junction,19,211,0,0,1
2026-01-28,SN Junction,20,213,0,0,1
2026-01-28,SN Junction,21,72,0,0,0
2026-01-28,SN Junction,22,87,0,0,0
2026-01-28,Tripunithura Terminal,6,72,0,0,0
2026-01-28,Tripunithura Terminal,7,80,0,0,0
2026-01-28,Tripunithura Terminal,8,228,0,1,0
2026-01-28,Tripunithura Terminal,9,204,0,1,0
2026-01-28,Tripunithura Terminal,10,207,0,1,0
2026-01-28,Tripunithura Terminal,11,74,0,0,0
2026-01-28,Tripunithura Terminal,12,82,0,0,0
2026-01-28,Tripunithura Terminal,13,94,0,0,0
2026-01-28,Tripunithura Terminal,14,66,0,0,0
2026-01-28,Tripunithura Terminal,15,64,0,0,0
2026-01-28,Tripunithura Terminal,16,75,0,0,0
2026-01-28,Tripunithura Terminal,17,196,0,0,1
2026-01-28,Tripunithura Terminal,18,199,0,0,1
2026-01-28,Tripunithura Terminal,19,222,0,0,1
2026-01-28,Tripunithura Terminal,20,202,0,0,1
2026-01-28,Tripunithura Terminal,21,70,0,0,0
2026-01-28,Tripunithura Terminal,22,73,0,0,0
2026-02-04,Aluva,6,176,0,0,0
2026-02-04,Aluva,7,202,0,0,0
2026-02-04,Aluva,8,496,0,1,0
2026-02-04,Aluva,9,474,0,1,0
2026-02-04,Aluva,10,485,0,1,0
2026-02-04,Aluva,11,179,0,0,0
2026-02-04,Aluva,12,203,0,0,0
2026-02-04,Aluva,13,184,0,0,0
2026-02-04,Aluva,14,192,0,0,0
2026-02-04,Aluva,15,195,0,0,0
2026-02-04,Aluva,16,210,0,0,0
2026-02-04,Aluva,17,490,0,0,1
2026-02-04,Aluva,18,540,0,0,1
2026-02-04,Aluva,19,487,0,0,1
2026-02-04,Aluva,20,482,0,0,1
2026-02-04,Aluva,21,203,0,0,0
2026-02-04,Aluva,22,187,0,0,0
2026-02-04,Pulinchodu,6,81,0,0,0
2026-02-04,Pulinchodu,7,64,0,0,0
2026-02-04,Pulinchodu,8,196,0,1,0
2026-02-04,Pulinchodu,9,198,0,1,0
2026-02-04,Pulinchodu,10,196,0,1,0
2026-02-04,Pulinchodu,11,72,0,0,0
2026-02-04,Pulinchodu,12,91,0,0,0
2026-02-04,Pulinchodu,13,74,0,0,0
2026-02-04,Pulinchodu,14,88,0,0,0
2026-02-04,Pulinchodu,15,88,0,0,0
2026-02-04,Pulinchodu,16,87,0,0,0
2026-02-04,Pulinchodu,17,192,0,0,1
2026-02-04,Pulinchodu,18,204,0,0,1
2026-02-04,Pulinchodu,19,209,0,0,1
2026-02-04,Pulinchodu,20,180,0,0,1
2026-02-04,Pulinchodu,21,81,0,0,0
2026-02-04,Pulinchodu,22,63,0,0,0
2026-02-04,Companypady,6,81,0,0,0
2026-02-04,Companypady,7,81,0,0,0
2026-02-04,Companypady,8,204,0,1,0
2026-02-04,Companypady,9,209,0,1,0
2026-02-04,Companypady,10,190,0,1,0
2026-02-04,Companypady,11,69,0,0,0
2026-02-04,Companypady,12,70,0,0,0
2026-02-04,Companypady,13,70,0,0,0
2026-02-04,Companypady,14,97,0,0,0
2026-02-04,Companypady,15,84,0,0,0
2026-02-04,Companypady,16,93,0,0,0
2026-02-04,Companypady,17,207,0,0,1
2026-02-04,Companypady,18,195,0,0,1
2026-02-04,Companypady,19,171,0,0,1
2026-02-04,Companypady,20,196,0,0,1
2026-02-04,Companypady,21,84,0,0,0
2026-02-04,Companypady,22,83,0,0,0
2026-02-04,Ambattukavu,6,77,0,0,0
2026-02-04,Ambattukavu,7,95,0,0,0
2026-02-04,Ambattukavu,8,189,0,1,0
2026-02-04,Ambattukavu,9,203,0,1,0
2026-02-04,Ambattukavu,10,204,0,1,0
2026-02-04,Ambattukavu,11,74,0,0,0
2026-02-04,Ambattukavu,12,77,0,0,0
2026-02-04,Ambattukavu,13,73,0,0,0
2026-02-04,Ambattukavu,14,85,0,0,0
2026-02-04,Ambattukavu,15,84,0,0,0
2026-02-04,Ambattukavu,16,82,0,0,0
2026-02-04,Ambattukavu,17,224,0,0,1
2026-02-04,Ambattukavu,18,189,0,0,1
2026-02-04,Ambattukavu,19,193,0,0,1
2026-02-04,Ambattukavu,20,199,0,0,1
2026-02-04,Ambattukavu,21,77,0,0,0
2026-02-04,Ambattukavu,22,72,0,0,0
2026-02-04,Muttom,6,87,0,0,0
2026-02-04,Muttom,7,64,0,0,0
2026-02-04,Muttom,8,203,0,1,0
2026-02-04,Muttom,9,189,0,1,0
2026-02-04,Muttom,10,209,0,1,0
2026-02-04,Muttom,11,79,0,0,0
2026-02-04,Muttom,12,81,0,0,0
2026-02-04,Muttom,13,64,0,0,0
2026-02-04,Muttom,14,76,0,0,0
2026-02-04,Muttom,15,80,0,0,0
2026-02-04,Muttom,16,70,0,0,0
2026-02-04,Muttom,17,222,0,0,1
2026-02-04,Muttom,18,177,0,0,1
2026-02-04,Muttom,19,195,0,0,1
2026-02-04,Muttom,20,203,0,0,1
2026-02-04,Muttom,21,70,0,0,0
2026-02-04,Muttom,22,73,0,0,0
2026-02-04,Kalamassery,6,203,0,0,0
2026-02-04,Kalamassery,7,183,0,0,0
2026-02-04,Kalamassery,8,528,0,1,0
2026-02-04,Kalamassery,9,557,0,1,0
2026-02-04,Kalamassery,10,517,0,1,0
2026-02-04,Kalamassery,11,199,0,0,0
2026-02-04,Kalamassery,12,194,0,0,0
2026-02-04,Kalamassery,13,226,0,0,0
2026-02-04,Kalamassery,14,200,0,0,0
2026-02-04,Kalamassery,15,194,0,0,0
2026-02-04,Kalamassery,16,216,0,0,0
2026-02-04,Kalamassery,17,477,0,0,1
2026-02-04,Kalamassery,18,497,0,0,1
2026-02-04,Kalamassery,19,488,0,0,1
2026-02-04,Kalamassery,20,494,0,0,1
2026-02-04,Kalamassery,21,210,0,0,0
2026-02-04,Kalamassery,22,207,0,0,0
2026-02-04,CUSAT,6,76,0,0,0
2026-02-04,CUSAT,7,89,0,0,0
2026-02-04,CUSAT,8,193,0,1,0
2026-02-04,CUSAT,9,179,0,1,0
2026-02-04,CUSAT,10,221,0,1,0
2026-02-04,CUSAT,11,83,0,0,0
2026-02-04,CUSAT,12,77,0,0,0
2026-02-04,CUSAT,13,89,0,0,0
2026-02-04,CUSAT,14,79,0,0,0
2026-02-04,CUSAT,15,82,0,0,0
2026-02-04,CUSAT,16,87,0,0,0
2026-02-04,CUSAT,17,192,0,0,1
2026-02-04,CUSAT,18,205,0,0,1
2026-02-04,CUSAT,19,222,0,0,1
2026-02-04,CUSAT,20,196,0,0,1
2026-02-04,CUSAT,21,83,0,0,0
2026-02-04,CUSAT,22,89,0,0,0
2026-02-04,Pathadipalam,6,95,0,0,0
2026-02-04,Pathadipalam,7,86,0,0,0
2026-02-04,Pathadipalam,8,195,0,1,0
2026-02-04,Pathadipalam,9,207,0,1,0
2026-02-04,Pathadipalam,10,213,0,1,0
2026-02-04,Pathadipalam,11,73,0,0,0
2026-02-04,Pathadipalam,12,76,0,0,0
2026-02-04,Pathadipalam,13,67,0,0,0
2026-02-04,Pathadipalam,14,86,0,0,0
2026-02-04,Pathadipalam,15,93,0,0,0
2026-02-04,Pathadipalam,16,84,0,0,0
2026-02-04,Pathadipalam,17,195,0,0,1
2026-02-04,Pathadipalam,18,198,0,0,1
2026-02-04,Pathadipalam,19,189,0,0,1
2026-02-04,Pathadipalam,20,180,0,0,1
2026-02-04,Pathadipalam,21,89,0,0,0
2026-02-04,Pathadipalam,22,83,0,0,0
2026-02-04,Edappally,6,211,0,0,0
2026-02-04,Edappally,7,214,0,0,0
2026-02-04,Edappally,8,515,0,1,0
2026-02-04,Edappally,9,451,0,1,0
2026-02-04,Edappally,10,464,0,1,0
2026-02-04,Edappally,11,167,0,0,0
2026-02-04,Edappally,12,190,0,0,0
2026-02-04,Edappally,13,207,0,0,0
2026-02-04,Edappally,14,221,0,0,0
2026-02-04,Edappally,15,201,0,0,0
2026-02-04,Edappally,16,222,0,0,0
2026-02-04,Edappally,17,488,0,0,1
2026-02-04,Edappally,18,482,0,0,1
2026-02-04,Edappally,19,510,0,0,1
2026-02-04,Edappally,20,512,0,0,1
2026-02-04,Edappally,21,210,0,0,0
2026-02-04,Edappally,22,201,0,0,0
2026-02-04,Changampuzha Park,6,94,0,0,0
2026-02-04,Changampuzha Park,7,90,0,0,0
2026-02-04,Changampuzha Park,8,183,0,1,0
2026-02-04,Changampuzha Park,9,192,0,1,0
2026-02-04,Changampuzha Park,10,213,0,1,0
2026-02-04,Changampuzha Park,11,89,0,0,0
2026-02-04,Changampuzha Park,12,77,0,0,0
2026-02-04,Changampuzha Park,13,88,0,0,0
2026-02-04,Changampuzha Park,14,95,0,0,0
2026-02-04,Changampuzha Park,15,82,0,0,0
2026-02-04,Changampuzha Park,16,96,0,0,0
2026-02-04,Changampuzha Park,17,197,0,0,1
2026-02-04,Changampuzha Park,18,179,0,0,1
2026-02-04,Changampuzha Park,19,186,0,0,1
2026-02-04,Changampuzha Park,20,183,0,0,1
2026-02-04,Changampuzha Park,21,84,0,0,0
2026-02-04,Changampuzha Park,22,72,0,0,0
2026-02-04,Palarivattom,6,48,0,0,0
2026-02-04,Palarivattom,7,83,0,0,0
2026-02-04,Palarivattom,8,192,0,1,0
2026-02-04,Palarivattom,9,209,0,1,0
2026-02-04,Palarivattom,10,194,0,1,0
2026-02-04,Palarivattom,11,64,0,0,0
2026-02-04,Palarivattom,12,66,0,0,0
2026-02-04,Palarivattom,13,76,0,0,0
2026-02-04,Palarivattom,14,68,0,0,0
2026-02-04,Palarivattom,15,67,0,0,0
2026-02-04,Palarivattom,16,84,0,0,0
2026-02-04,Palarivattom,17,202,0,0,1
2026-02-04,Palarivattom,18,197,0,0,1
2026-02-04,Palarivattom,19,189,0,0,1
2026-02-04,Palarivattom,20,212,0,0,1
2026-02-04,Palarivattom,21,77,0,0,0
2026-02-04,Palarivattom,22,72,0,0,0
2026-02-04,JLN Stadium,6,68,0,0,0
2026-02-04,JLN Stadium,7,83,0,0,0
2026-02-04,JLN Stadium,8,194,0,1,0
2026-02-04,JLN Stadium,9,210,0,1,0
2026-02-04,JLN Stadium,10,203,0,1,0
2026-02-04,JLN Stadium,11,66,0,0,0
2026-02-04,JLN Stadium,12,83,0,0,0
2026-02-04,JLN Stadium,13,88,0,0,0
2026-02-04,JLN Stadium,14,65,0,0,0
2026-02-04,JLN Stadium,15,76,0,0,0
2026-02-04,JLN Stadium,16,87,0,0,0
2026-02-04,JLN Stadium,17,215,0,0,1
2026-02-04,JLN Stadium,18,194,0,0,1
2026-02-04,JLN Stadium,19,187,0,0,1
2026-02-04,JLN Stadium,20,200,0,0,1
2026-02-04,JLN Stadium,21,80,0,0,0
2026-02-04,JLN Stadium,22,70,0,0,0
2026-02-04,Kaloor Town Hall,6,82,0,0,0
2026-02-04,Kaloor Town Hall,7,97,0,0,0
2026-02-04,Kaloor Town Hall,8,193,0,1,0
2026-02-04,Kaloor Town Hall,9,176,0,1,0
2026-02-04,Kaloor Town Hall,10,190,0,1,0
2026-02-04,Kaloor Town Hall,11,82,0,0,0
2026-02-04,Kaloor Town Hall,12,76,0,0,0
2026-02-04,Kaloor Town Hall,13,94,0,0,0
2026-02-04,Kaloor Town Hall,14,79,0,0,0
2026-02-04,Kaloor Town Hall,15,80,0,0,0
2026-02-04,Kaloor Town Hall,16,96,0,0,0
2026-02-04,Kaloor Town Hall,17,201,0,0,1
2026-02-04,Kaloor Town Hall,18,175,0,0,1
2026-02-04,Kaloor Town Hall,19,185,0,0,1
2026-02-04,Kaloor Town Hall,20,195,0,0,1
2026-02-04,Kaloor Town Hall,21,73,0,0,0
2026-02-04,Kaloor Town Hall,22,99,0,0,0
2026-02-04,MG Road,6,196,0,0,0
2026-02-04,MG Road,7,188,0,0,0
2026-02-04,MG Road,8,487,0,1,0
2026-02-04,MG Road,9,505,0,1,0
2026-02-04,MG Road,10,502,0,1,0
2026-02-04,MG Road,11,197,0,0,0
2026-02-04,MG Road,12,190,0,0,0
2026-02-04,MG Road,13,187,0,0,0
2026-02-04,MG Road,14,208,0,0,0
2026-02-04,MG Road,15,195,0,0,0
2026-02-04,MG Road,16,191,0,0,0
2026-02-04,MG Road,17,474,0,0,1
2026-02-04,MG Road,18,473,0,0,1
2026-02-04,MG Road,19,502,0,0,1
2026-02-04,MG Road,20,495,0,0,1
2026-02-04,MG Road,21,184,0,0,0
2026-02-04,MG Road,22,181,0,0,0
2026-02-04,Maharaja's College,6,78,0,0,0
2026-02-04,Maharaja's College,7,78,0,0,0
2026-02-04,Maharaja's College,8,201,0,1,0
2026-02-04,Maharaja's College,9,192,0,1,0
2026-02-04,Maharaja's College,10,205,0,1,0
2026-02-04,Maharaja's College,11,80,0,0,0
2026-02-04,Maharaja's College,12,82,0,0,0
2026-02-04,Maharaja's College,13,76,0,0,0
2026-02-04,Maharaja's College,14,73,0,0,0
2026-02-04,Maharaja's College,15,86,0,0,0
2026-02-04,Maharaja's College,16,80,0,0,0
2026-02-04,Maharaja's College,17,202,0,0,1
2026-02-04,Maharaja's College,18,232,0,0,1
2026-02-04,Maharaja's College,19,211,0,0,1
2026-02-04,Maharaja's College,20,216,0,0,1
2026-02-04,Maharaja's College,21,84,0,0,0
2026-02-04,Maharaja's College,22,87,0,0,0
2026-02-04,Ernakulam South,6,212,0,0,0
2026-02-04,Ernakulam South,7,200,0,0,0
2026-02-04,Ernakulam South,8,530,0,1,0
2026-02-04,Ernakulam South,9,532,0,1,0
2026-02-04,Ernakulam South,10,497,0,1,0
2026-02-04,Ernakulam South,11,212,0,0,0
2026-02-04,Ernakulam South,12,204,0,0,0
2026-02-04,Ernakulam South,13,217,0,0,0
2026-02-04,Ernakulam South,14,215,0,0,0
2026-02-04,Ernakulam South,15,207,0,0,0
2026-02-04,Ernakulam South,16,189,0,0,0
2026-02-04,Ernakulam South,17,477,0,0,1
2026-02-04,Ernakulam South,18,528,0,0,1
2026-02-04,Ernakulam South,19,467,0,0,1
2026-02-04,Ernakulam South,20,473,0,0,1
2026-02-04,Ernakulam South,21,169,0,0,0
2026-02-04,Ernakulam South,22,242,0,0,0
2026-02-04,Kadavanthra,6,76,0,0,0
2026-02-04,Kadavanthra,7,84,0,0,0
2026-02-04,Kadavanthra,8,202,0,1,0
2026-02-04,Kadavanthra,9,210,0,1,0
2026-02-04,Kadavanthra,10,193,0,1,0
2026-02-04,Kadavanthra,11,89,0,0,0
2026-02-04,Kadavanthra,12,75,0,0,0
2026-02-04,Kadavanthra,13,69,0,0,0
2026-02-04,Kadavanthra,14,83,0,0,0
2026-02-04,Kadavanthra,15,92,0,0,0
2026-02-04,Kadavanthra,16,92,0,0,0
2026-02-04,Kadavanthra,17,201,0,0,1
2026-02-04,Kadavanthra,18,198,0,0,1
2026-02-04,Kadavanthra,19,199,0,0,1
2026-02-04,Kadavanthra,20,172,0,0,1
2026-02-04,Kadavanthra,21,87,0,0,0
2026-02-04,Kadavanthra,22,73,0,0,0
2026-02-04,Elamkulam,6,82,0,0,0
2026-02-04,Elamkulam,7,69,0,0,0
2026-02-04,Elamkulam,8,195,0,1,0
2026-02-04,Elamkulam,9,206,0,1,0
2026-02-04,Elamkulam,10,195,0,1,0
2026-02-04,Elamkulam,11,72,0,0,0
2026-02-04,Elamkulam,12,79,0,0,0
2026-02-04,Elamkulam,13,74,0,0,0
2026-02-04,Elamkulam,14,85,0,0,0
2026-02-04,Elamkulam,15,59,0,0,0
2026-02-04,Elamkulam,16,73,0,0,0
2026-02-04,Elamkulam,17,192,0,0,1
2026-02-04,Elamkulam,18,186,0,0,1
2026-02-04,Elamkulam,19,190,0,0,1
2026-02-04,Elamkulam,20,190,0,0,1
2026-02-04,Elamkulam,21,78,0,0,0
2026-02-04,Elamkulam,22,77,0,0,0
2026-02-04,Vyttila,6,95,0,0,0
2026-02-04,Vyttila,7,85,0,0,0
2026-02-04,Vyttila,8,177,0,1,0
2026-02-04,Vyttila,9,191,0,1,0
2026-02-04,Vyttila,10,223,0,1,0
2026-02-04,Vyttila,11,82,0,0,0
2026-02-04,Vyttila,12,88,0,0,0
2026-02-04,Vyttila,13,71,0,0,0
2026-02-04,Vyttila,14,75,0,0,0
2026-02-04,Vyttila,15,75,0,0,0
2026-02-04,Vyttila,16,93,0,0,0
2026-02-04,Vyttila,17,198,0,0,1
2026-02-04,Vyttila,18,209,0,0,1
2026-02-04,Vyttila,19,198,0,0,1
2026-02-04,Vyttila,20,189,0,0,1
2026-02-04,Vyttila,21,90,0,0,0
2026-02-04,Vyttila,22,73,0,0,0
2026-02-04,Thaikoodam,6,68,0,0,0
2026-02-04,Thaikoodam,7,84,0,0,0
2026-02-04,Thaikoodam,8,190,0,1,0
2026-02-04,Thaikoodam,9,169,0,1,0
2026-02-04,Thaikoodam,10,204,0,1,0
2026-02-04,Thaikoodam,11,85,0,0,0
2026-02-04,Thaikoodam,12,88,0,0,0
2026-02-04,Thaikoodam,13,85,0,0,0
2026-02-04,Thaikoodam,14,72,0,0,0
2026-02-04,Thaikoodam,15,85,0,0,0
2026-02-04,Thaikoodam,16,97,0,0,0
2026-02-04,Thaikoodam,17,185,0,0,1
2026-02-04,Thaikoodam,18,212,0,0,1
2026-02-04,Thaikoodam,19,215,0,0,1
2026-02-04,Thaikoodam,20,205,0,0,1
2026-02-04,Thaikoodam,21,73,0,0,0
2026-02-04,Thaikoodam,22,83,0,0,0
2026-02-04,Petta,6,76,0,0,0
2026-02-04,Petta,7,95,0,0,0
2026-02-04,Petta,8,181,0,1,0
2026-02-04,Petta,9,240,0,1,0
2026-02-04,Petta,10,188,0,1,0
2026-02-04,Petta,11,86,0,0,0
2026-02-04,Petta,12,81,0,0,0
2026-02-04,Petta,13,81,0,0,0
2026-02-04,Petta,14,75,0,0,0
2026-02-04,Petta,15,88,0,0,0
2026-02-04,Petta,16,82,0,0,0
2026-02-04,Petta,17,220,0,0,1
2026-02-04,Petta,18,177,0,0,1
2026-02-04,Petta,19,205,0,0,1
2026-02-04,Petta,20,200,0,0,1
2026-02-04,Petta,21,80,0,0,0
2026-02-04,Petta,22,70,0,0,0
2026-02-04,Vadakkekotta,6,81,0,0,0
2026-02-04,Vadakkekotta,7,77,0,0,0
2026-02-04,Vadakkekotta,8,247,0,1,0
2026-02-04,Vadakkekotta,9,172,0,1,0
2026-02-04,Vadakkekotta,10,199,0,1,0
2026-02-04,Vadakkekotta,11,83,0,0,0
2026-02-04,Vadakkekotta,12,87,0,0,0
2026-02-04,Vadakkekotta,13,73,0,0,0
2026-02-04,Vadakkekotta,14,67,0,0,0
2026-02-04,Vadakkekotta,15,88,0,0,0
2026-02-04,Vadakkekotta,16,77,0,0,0
2026-02-04,Vadakkekotta,17,204,0,0,1
2026-02-04,Vadakkekotta,18,194,0,0,1
2026-02-04,Vadakkekotta,19,185,0,0,1
2026-02-04,Vadakkekotta,20,201,0,0,1
2026-02-04,Vadakkekotta,21,74,0,0,0
2026-02-04,Vadakkekotta,22,77,0,0,0
2026-02-04,SN Junction,6,75,0,0,0
2026-02-04,SN Junction,7,65,0,0,0
2026-02-04,SN Junction,8,201,0,1,0
2026-02-04,SN Junction,9,188,0,1,0
2026-02-04,SN Junction,10,201,0,1,0
2026-02-04,SN Junction,11,90,0,0,0
2026-02-04,SN Junction,12,79,0,0,0
2026-02-04,SN Junction,13,92,0,0,0
2026-02-04,SN Junction,14,75,0,0,0
2026-02-04,SN Junction,15,74,0,0,0
2026-02-04,SN Junction,16,73,0,0,0
2026-02-04,SN Junction,17,194,0,0,1
2026-02-04,SN Junction,18,211,0,0,1
2026-02-04,SN Junction,19,221,0,0,1
2026-02-04,SN Junction,20,222,0,0,1
2026-02-04,SN Junction,21,63,0,0,0
2026-02-04,SN Junction,22,89,0,0,0
2026-02-04,Tripunithura Terminal,6,82,0,0,0
2026-02-04,Tripunithura Terminal,7,85,0,0,0
2026-02-04,Tripunithura Terminal,8,199,0,1,0
2026-02-04,Tripunithura Terminal,9,225,0,1,0
2026-02-04,Tripunithura Terminal,10,189,0,1,0
2026-02-04,Tripunithura Terminal,11,64,0,0,0
2026-02-04,Tripunithura Terminal,12,81,0,0,0
2026-02-04,Tripunithura Terminal,13,80,0,0,0
2026-02-04,Tripunithura Terminal,14,92,0,0,0
2026-02-04,Tripunithura Terminal,15,66,0,0,0
2026-02-04,Tripunithura Terminal,16,82,0,0,0
2026-02-04,Tripunithura Terminal,17,206,0,0,1
2026-02-04,Tripunithura Terminal,18,193,0,0,1
2026-02-04,Tripunithura Terminal,19,217,0,0,1
2026-02-04,Tripunithura Terminal,20,221,0,0,1
2026-02-04,Tripunithura Terminal,21,78,0,0,0
2026-02-04,Tripunithura Terminal,22,74,0,0,0
2026-02-11,Aluva,6,223,0,0,0
2026-02-11,Aluva,7,192,0,0,0
2026-02-11,Aluva,8,495,0,1,0
2026-02-11,Aluva,9,530,0,1,0
2026-02-11,Aluva,10,508,0,1,0
2026-02-11,Aluva,11,184,0,0,0
2026-02-11,Aluva,12,203,0,0,0
2026-02-11,Aluva,13,222,0,0,0
2026-02-11,Aluva,14,200,0,0,0
2026-02-11,Aluva,15,205,0,0,0
2026-02-11,Aluva,16,207,0,0,0
2026-02-11,Aluva,17,511,0,0,1
2026-02-11,Aluva,18,488,0,0,1
2026-02-11,Aluva,19,528,0,0,1
2026-02-11,Aluva,20,502,0,0,1
2026-02-11,Aluva,21,210,0,0,0
2026-02-11,Aluva,22,225,0,0,0
2026-02-11,Pulinchodu,6,95,0,0,0
2026-02-11,Pulinchodu,7,86,0,0,0
2026-02-11,Pulinchodu,8,190,0,1,0
2026-02-11,Pulinchodu,9,184,0,1,0
2026-02-11,Pulinchodu,10,214,0,1,0
2026-02-11,Pulinchodu,11,90,0,0,0
2026-02-11,Pulinchodu,12,58,0,0,0
2026-02-11,Pulinchodu,13,73,0,0,0
2026-02-11,Pulinchodu,14,88,0,0,0
2026-02-11,Pulinchodu,15,74,0,0,0
2026-02-11,Pulinchodu,16,84,0,0,0
2026-02-11,Pulinchodu,17,203,0,0,1
2026-02-11,Pulinchodu,18,215,0,0,1
2026-02-11,Pulinchodu,19,198,0,0,1
2026-02-11,Pulinchodu,20,209,0,0,1
2026-02-11,Pulinchodu,21,95,0,0,0
2026-02-11,Pulinchodu,22,80,0,0,0
2026-02-11,Companypady,6,77,0,0,0
2026-02-11,Companypady,7,76,0,0,0
2026-02-11,Companypady,8,188,0,1,0
2026-02-11,Companypady,9,183,0,1,0
2026-02-11,Companypady,10,170,0,1,0
2026-02-11,Companypady,11,64,0,0,0
2026-02-11,Companypady,12,79,0,0,0
2026-02-11,Companypady,13,80,0,0,0
2026-02-11,Companypady,14,92,0,0,0
2026-02-11,Companypady,15,80,0,0,0
2026-02-11,Companypady,16,60,0,0,0
2026-02-11,Companypady,17,206,0,0,1
2026-02-11,Companypady,18,206,0,0,1
2026-02-11,Companypady,19,183,0,0,1
2026-02-11,Companypady,20,178,0,0,1
2026-02-11,Companypady,21,71,0,0,0
2026-02-11,Companypady,22,75,0,0,0
2026-02-11,Ambattukavu,6,75,0,0,0
2026-02-11,Ambattukavu,7,75,0,0,0
2026-02-11,Ambattukavu,8,168,0,1,0
2026-02-11,Ambattukavu,9,204,0,1,0
2026-02-11,Ambattukavu,10,220,0,1,0
2026-02-11,Ambattukavu,11,73,0,0,0
2026-02-11,Ambattukavu,12,88,0,0,0
2026-02-11,Ambattukavu,13,92,0,0,0
2026-02-11,Ambattukavu,14,82,0,0,0
2026-02-11,Ambattukavu,15,76,0,0,0
2026-02-11,Ambattukavu,16,83,0,0,0
2026-02-11,Ambattukavu,17,200,0,0,1
2026-02-11,Ambattukavu,18,204,0,0,1
2026-02-11,Ambattukavu,19,193,0,0,1
2026-02-11,Ambattukavu,20,192,0,0,1
2026-02-11,Ambattukavu,21,71,0,0,0
2026-02-11,Ambattukavu,22,70,0,0,0
2026-02-11,Muttom,6,73,0,0,0
2026-02-11,Muttom,7,77,0,0,0
2026-02-11,Muttom,8,202,0,1,0
2026-02-11,Muttom,9,210,0,1,0
2026-02-11,Muttom,10,195,0,1,0
2026-02-11,Muttom,11,90,0,0,0
2026-02-11,Muttom,12,63,0,0,0
2026-02-11,Muttom,13,75,0,0,0
2026-02-11,Muttom,14,78,0,0,0
2026-02-11,Muttom,15,71,0,0,0
2026-02-11,Muttom,16,100,0,0,0
2026-02-11,Muttom,17,193,0,0,1
2026-02-11,Muttom,18,201,0,0,1
2026-02-11,Muttom,19,223,0,0,1
2026-02-11,Muttom,20,193,0,0,1
2026-02-11,Muttom,21,80,0,0,0
2026-02-11,Muttom,22,90,0,0,0
2026-02-11,Kalamassery,6,187,0,0,0
2026-02-11,Kalamassery,7,206,0,0,0
2026-02-11,Kalamassery,8,488,0,1,0
2026-02-11,Kalamassery,9,493,0,1,0
2026-02-11,Kalamassery,10,478,0,1,0
2026-02-11,Kalamassery,11,209,0,0,0
2026-02-11,Kalamassery,12,193,0,0,0
2026-02-11,Kalamassery,13,212,0,0,0
2026-02-11,Kalamassery,14,189,0,0,0
2026-02-11,Kalamassery,15,187,0,0,0
2026-02-11,Kalamassery,16,214,0,0,0
2026-02-11,Kalamassery,17,525,0,0,1
2026-02-11,Kalamassery,18,522,0,0,1
2026-02-11,Kalamassery,19,500,0,0,1
2026-02-11,Kalamassery,20,500,0,0,1
2026-02-11,Kalamassery,21,216,0,0,0
2026-02-11,Kalamassery,22,196,0,0,0
2026-02-11,CUSAT,6,87,0,0,0
2026-02-11,CUSAT,7,106,0,0,0
2026-02-11,CUSAT,8,158,0,1,0
2026-02-11,CUSAT,9,178,0,1,0
2026-02-11,CUSAT,10,185,0,1,0
2026-02-11,CUSAT,11,72,0,0,0
2026-02-11,CUSAT,12,86,0,0,0
2026-02-11,CUSAT,13,67,0,0,0
2026-02-11,CUSAT,14,94,0,0,0
2026-02-11,CUSAT,15,81,0,0,0
2026-02-11,CUSAT,16,76,0,0,0
2026-02-11,CUSAT,17,210,0,0,1
2026-02-11,CUSAT,18,171,0,0,1
2026-02-11,CUSAT,19,207,0,0,1
2026-02-11,CUSAT,20,201,0,0,1
2026-02-11,CUSAT,21,88,0,0,0
2026-02-11,CUSAT,22,104,0,0,0
2026-02-11,Pathadipalam,6,90,0,0,0
2026-02-11,Pathadipalam,7,69,0,0,0
2026-02-11,Pathadipalam,8,211,0,1,0
2026-02-11,Pathadipalam,9,215,0,1,0
2026-02-11,Pathadipalam,10,195,0,1,0
2026-02-11,Pathadipalam,11,92,0,0,0
2026-02-11,Pathadipalam,12,80,0,0,0
2026-02-11,Pathadipalam,13,85,0,0,0
2026-02-11,Pathadipalam,14,80,0,0,0
2026-02-11,Pathadipalam,15,70,0,0,0
2026-02-11,Pathadipalam,16,65,0,0,0
2026-02-11,Pathadipalam,17,192,0,0,1
2026-02-11,Pathadipalam,18,178,0,0,1
2026-02-11,Pathadipalam,19,178,0,0,1
2026-02-11,Pathadipalam,20,181,0,0,1
2026-02-11,Pathadipalam,21,88,0,0,0
2026-02-11,Pathadipalam,22,67,0,0,0
2026-02-11,Edappally,6,222,0,0,0
2026-02-11,Edappally,7,202,0,0,0
2026-02-11,Edappally,8,514,0,1,0
2026-02-11,Edappally,9,482,0,1,0
2026-02-11,Edappally,10,486,0,1,0
2026-02-11,Edappally,11,229,0,0,0
2026-02-11,Edappally,12,212,0,0,0
2026-02-11,Edappally,13,203,0,0,0
2026-02-11,Edappally,14,177,0,0,0
2026-02-11,Edappally,15,193,0,0,0
2026-02-11,Edappally,16,191,0,0,0
2026-02-11,Edappally,17,483,0,0,1
2026-02-11,Edappally,18,497,0,0,1
2026-02-11,Edappally,19,473,0,0,1
2026-02-11,Edappally,20,509,0,0,1
2026-02-11,Edappally,21,197,0,0,0
2026-02-11,Edappally,22,203,0,0,0
2026-02-11,Changampuzha Park,6,76,0,0,0
2026-02-11,Changampuzha Park,7,83,0,0,0
2026-02-11,Changampuzha Park,8,215,0,1,0
2026-02-11,Changampuzha Park,9,170,0,1,0
2026-02-11,Changampuzha Park,10,183,0,1,0
2026-02-11,Changampuzha Park,11,104,0,0,0
2026-02-11,Changampuzha Park,12,88,0,0,0
2026-02-11,Changampuzha Park,13,77,0,0,0
2026-02-11,Changampuzha Park,14,61,0,0,0
2026-02-11,Changampuzha Park,15,91,0,0,0
2026-02-11,Changampuzha Park,16,78,0,0,0
2026-02-11,Changampuzha Park,17,218,0,0,1
2026-02-11,Changampuzha Park,18,194,0,0,1
2026-02-11,Changampuzha Park,19,212,0,0,1
2026-02-11,Changampuzha Park,20,212,0,0,1
2026-02-11,Changampuzha Park,21,69,0,0,0
2026-02-11,Changampuzha Park,22,81,0,0,0
2026-02-11,Palarivattom,6,81,0,0,0
2026-02-11,Palarivattom,7,92,0,0,0
2026-02-11,Palarivattom,8,191,0,1,0
2026-02-11,Palarivattom,9,215,0,1,0
2026-02-11,Palarivattom,10,207,0,1,0
2026-02-11,Palarivattom,11,74,0,0,0
2026-02-11,Palarivattom,12,88,0,0,0
2026-02-11,Palarivattom,13,89,0,0,0
2026-02-11,Palarivattom,14,87,0,0,0
2026-02-11,Palarivattom,15,75,0,0,0
2026-02-11,Palarivattom,16,68,0,0,0
2026-02-11,Palarivattom,17,189,0,0,1
2026-02-11,Palarivattom,18,209,0,0,1
2026-02-11,Palarivattom,19,207,0,0,1
2026-02-11,Palarivattom,20,208,0,0,1
2026-02-11,Palarivattom,21,77,0,0,0
2026-02-11,Palarivattom,22,75,0,0,0
2026-02-11,JLN Stadium,6,90,0,0,0
2026-02-11,JLN Stadium,7,76,0,0,0
2026-02-11,JLN Stadium,8,194,0,1,0
2026-02-11,JLN Stadium,9,171,0,1,0
2026-02-11,JLN Stadium,10,205,0,1,0
2026-02-11,JLN Stadium,11,59,0,0,0
2026-02-11,JLN Stadium,12,78,0,0,0
2026-02-11,JLN Stadium,13,74,0,0,0
2026-02-11,JLN Stadium,14,69,0,0,0
2026-02-11,JLN Stadium,15,74,0,0,0
2026-02-11,JLN Stadium,16,88,0,0,0
2026-02-11,JLN Stadium,17,182,0,0,1
2026-02-11,JLN Stadium,18,189,0,0,1
2026-02-11,JLN Stadium,19,193,0,0,1
2026-02-11,JLN Stadium,20,211,0,0,1
2026-02-11,JLN Stadium,21,79,0,0,0
2026-02-11,JLN Stadium,22,90,0,0,0
2026-02-11,Kaloor Town Hall,6,85,0,0,0
2026-02-11,Kaloor Town Hall,7,71,0,0,0
2026-02-11,Kaloor Town Hall,8,195,0,1,0
2026-02-11,Kaloor Town Hall,9,202,0,1,0
2026-02-11,Kaloor Town Hall,10,194,0,1,0
2026-02-11,Kaloor Town Hall,11,82,0,0,0
2026-02-11,Kaloor Town Hall,12,69,0,0,0
2026-02-11,Kaloor Town Hall,13,75,0,0,0
2026-02-11,Kaloor Town Hall,14,80,0,0,0
2026-02-11,Kaloor Town Hall,15,78,0,0,0
2026-02-11,Kaloor Town Hall,16,82,0,0,0
2026-02-11,Kaloor Town Hall,17,214,0,0,1
2026-02-11,Kaloor Town Hall,18,187,0,0,1
2026-02-11,Kaloor Town Hall,19,214,0,0,1
2026-02-11,Kaloor Town Hall,20,219,0,0,1
2026-02-11,Kaloor Town Hall,21,76,0,0,0
2026-02-11,Kaloor Town Hall,22,82,0,0,0
2026-02-11,MG Road,6,202,0,0,0
2026-02-11,MG Road,7,211,0,0,0
2026-02-11,MG Road,8,499,0,1,0
2026-02-11,MG Road,9,490,0,1,0
2026-02-11,MG Road,10,536,0,1,0
2026-02-11,MG Road,11,208,0,0,0
2026-02-11,MG Road,12,185,0,0,0
2026-02-11,MG Road,13,192,0,0,0
2026-02-11,MG Road,14,186,0,0,0
2026-02-11,MG Road,15,192,0,0,0
2026-02-11,MG Road,16,181,0,0,0
2026-02-11,MG Road,17,521,0,0,1
2026-02-11,MG Road,18,488,0,0,1
2026-02-11,MG Road,19,505,0,0,1
2026-02-11,MG Road,20,483,0,0,1
2026-02-11,MG Road,21,221,0,0,0
2026-02-11,MG Road,22,187,0,0,0
2026-02-11,Maharaja's College,6,76,0,0,0
2026-02-11,Maharaja's College,7,75,0,0,0
2026-02-11,Maharaja's College,8,201,0,1,0
2026-02-11,Maharaja's College,9,209,0,1,0
2026-02-11,Maharaja's College,10,203,0,1,0
2026-02-11,Maharaja's College,11,77,0,0,0
2026-02-11,Maharaja's College,12,93,0,0,0
2026-02-11,Maharaja's College,13,86,0,0,0
2026-02-11,Maharaja's College,14,79,0,0,0
2026-02-11,Maharaja's College,15,87,0,0,0
2026-02-11,Maharaja's College,16,74,0,0,0
2026-02-11,Maharaja's College,17,221,0,0,1
2026-02-11,Maharaja's College,18,209,0,0,1
2026-02-11,Maharaja's College,19,180,0,0,1
2026-02-11,Maharaja's College,20,211,0,0,1
2026-02-11,Maharaja's College,21,80,0,0,0
2026-02-11,Maharaja's College,22,59,0,0,0
2026-02-11,Ernakulam South,6,221,0,0,0
2026-02-11,Ernakulam South,7,214,0,0,0
2026-02-11,Ernakulam South,8,508,0,1,0
2026-02-11,Ernakulam South,9,495,0,1,0
2026-02-11,Ernakulam South,10,475,0,1,0
2026-02-11,Ernakulam South,11,206,0,0,0
2026-02-11,Ernakulam South,12,194,0,0,0
2026-02-11,Ernakulam South,13,190,0,0,0
2026-02-11,Ernakulam South,14,190,0,0,0
2026-02-11,Ernakulam South,15,202,0,0,0
2026-02-11,Ernakulam South,16,173,0,0,0
2026-02-11,Ernakulam South,17,510,0,0,1
2026-02-11,Ernakulam South,18,484,0,0,1
2026-02-11,Ernakulam South,19,529,0,0,1
2026-02-11,Ernakulam South,20,535,0,0,1
2026-02-11,Ernakulam South,21,191,0,0,0
2026-02-11,Ernakulam South,22,209,0,0,0
2026-02-11,Kadavanthra,6,85,0,0,0
2026-02-11,Kadavanthra,7,84,0,0,0
2026-02-11,Kadavanthra,8,208,0,1,0
2026-02-11,Kadavanthra,9,223,0,1,0
2026-02-11,Kadavanthra,10,191,0,1,0
2026-02-11,Kadavanthra,11,69,0,0,0
2026-02-11,Kadavanthra,12,74,0,0,0
2026-02-11,Kadavanthra,13,84,0,0,0
2026-02-11,Kadavanthra,14,92,0,0,0
2026-02-11,Kadavanthra,15,71,0,0,0
2026-02-11,Kadavanthra,16,71,0,0,0
2026-02-11,Kadavanthra,17,193,0,0,1
2026-02-11,Kadavanthra,18,187,0,0,1
2026-02-11,Kadavanthra,19,243,0,0,1
2026-02-11,Kadavanthra,20,250,0,0,1
2026-02-11,Kadavanthra,21,77,0,0,0
2026-02-11,Kadavanthra,22,73,0,0,0
2026-02-11,Elamkulam,6,77,0,0,0
2026-02-11,Elamkulam,7,85,0,0,0
2026-02-11,Elamkulam,8,196,0,1,0
2026-02-11,Elamkulam,9,183,0,1,0
2026-02-11,Elamkulam,10,177,0,1,0
2026-02-11,Elamkulam,11,82,0,0,0
2026-02-11,Elamkulam,12,78,0,0,0
2026-02-11,Elamkulam,13,74,0,0,0
2026-02-11,Elamkulam,14,84,0,0,0
2026-02-11,Elamkulam,15,85,0,0,0
2026-02-11,Elamkulam,16,77,0,0,0
2026-02-11,Elamkulam,17,210,0,0,1
2026-02-11,Elamkulam,18,206,0,0,1
2026-02-11,Elamkulam,19,205,0,0,1
2026-02-11,Elamkulam,20,183,0,0,1
2026-02-11,Elamkulam,21,74,0,0,0
2026-02-11,Elamkulam,22,76,0,0,0
2026-02-11,Vyttila,6,71,0,0,0
2026-02-11,Vyttila,7,90,0,0,0
2026-02-11,Vyttila,8,178,0,1,0
2026-02-11,Vyttila,9,202,0,1,0
2026-02-11,Vyttila,10,186,0,1,0
2026-02-11,Vyttila,11,86,0,0,0
2026-02-11,Vyttila,12,81,0,0,0
2026-02-11,Vyttila,13,65,0,0,0
2026-02-11,Vyttila,14,92,0,0,0
2026-02-11,Vyttila,15,83,0,0,0
2026-02-11,Vyttila,16,75,0,0,0
2026-02-11,Vyttila,17,206,0,0,1
2026-02-11,Vyttila,18,196,0,0,1
2026-02-11,Vyttila,19,198,0,0,1
2026-02-11,Vyttila,20,223,0,0,1
2026-02-11,Vyttila,21,82,0,0,0
2026-02-11,Vyttila,22,78,0,0,0
2026-02-11,Thaikoodam,6,74,0,0,0
2026-02-11,Thaikoodam,7,80,0,0,0
2026-02-11,Thaikoodam,8,222,0,1,0
2026-02-11,Thaikoodam,9,211,0,1,0
2026-02-11,Thaikoodam,10,213,0,1,0
2026-02-11,Thaikoodam,11,72,0,0,0
2026-02-11,Thaikoodam,12,70,0,0,0
2026-02-11,Thaikoodam,13,97,0,0,0
2026-02-11,Thaikoodam,14,75,0,0,0
2026-02-11,Thaikoodam,15,85,0,0,0
2026-02-11,Thaikoodam,16,86,0,0,0
2026-02-11,Thaikoodam,17,191,0,0,1
2026-02-11,Thaikoodam,18,191,0,0,1
2026-02-11,Thaikoodam,19,197,0,0,1
2026-02-11,Thaikoodam,20,221,0,0,1
2026-02-11,Thaikoodam,21,84,0,0,0
2026-02-11,Thaikoodam,22,70,0,0,0
2026-02-11,Petta,6,85,0,0,0
2026-02-11,Petta,7,84,0,0,0
2026-02-11,Petta,8,217,0,1,0
2026-02-11,Petta,9,218,0,1,0
2026-02-11,Petta,10,195,0,1,0
2026-02-11,Petta,11,98,0,0,0
2026-02-11,Petta,12,88,0,0,0
2026-02-11,Petta,13,77,0,0,0
2026-02-11,Petta,14,71,0,0,0
2026-02-11,Petta,15,73,0,0,0
2026-02-11,Petta,16,60,0,0,0
2026-02-11,Petta,17,205,0,0,1
2026-02-11,Petta,18,241,0,0,1
2026-02-11,Petta,19,206,0,0,1
2026-02-11,Petta,20,188,0,0,1
2026-02-11,Petta,21,81,0,0,0
2026-02-11,Petta,22,73,0,0,0
2026-02-11,Vadakkekotta,6,76,0,0,0
2026-02-11,Vadakkekotta,7,70,0,0,0
2026-02-11,Vadakkekotta,8,203,0,1,0
2026-02-11,Vadakkekotta,9,197,0,1,0
2026-02-11,Vadakkekotta,10,205,0,1,0
2026-02-11,Vadakkekotta,11,99,0,0,0
2026-02-11,Vadakkekotta,12,78,0,0,0
2026-02-11,Vadakkekotta,13,95,0,0,0
2026-02-11,Vadakkekotta,14,83,0,0,0
2026-02-11,Vadakkekotta,15,80,0,0,0
2026-02-11,Vadakkekotta,16,76,0,0,0
2026-02-11,Vadakkekotta,17,206,0,0,1
2026-02-11,Vadakkekotta,18,211,0,0,1
2026-02-11,Vadakkekotta,19,184,0,0,1
2026-02-11,Vadakkekotta,20,200,0,0,1
2026-02-11,Vadakkekotta,21,100,0,0,0
2026-02-11,Vadakkekotta,22,80,0,0,0
2026-02-11,SN Junction,6,77,0,0,0
2026-02-11,SN Junction,7,79,0,0,0
2026-02-11,SN Junction,8,196,0,1,0
2026-02-11,SN Junction,9,189,0,1,0
2026-02-11,SN Junction,10,207,0,1,0
2026-02-11,SN Junction,11,70,0,0,0
2026-02-11,SN Junction,12,76,0,0,0
2026-02-11,SN Junction,13,61,0,0,0
2026-02-11,SN Junction,14,88,0,0,0
2026-02-11,SN Junction,15,81,0,0,0
2026-02-11,SN Junction,16,86,0,0,0
2026-02-11,SN Junction,17,193,0,0,1
2026-02-11,SN Junction,18,203,0,0,1
2026-02-11,SN Junction,19,195,0,0,1
2026-02-11,SN Junction,20,187,0,0,1
2026-02-11,SN Junction,21,80,0,0,0
2026-02-11,SN Junction,22,72,0,0,0
2026-02-11,Tripunithura Terminal,6,89,0,0,0
2026-02-11,Tripunithura Terminal,7,85,0,0,0
2026-02-11,Tripunithura Terminal,8,225,0,1,0
2026-02-11,Tripunithura Terminal,9,196,0,1,0
2026-02-11,Tripunithura Terminal,10,190,0,1,0
2026-02-11,Tripunithura Terminal,11,81,0,0,0
2026-02-11,Tripunithura Terminal,12,84,0,0,0
2026-02-11,Tripunithura Terminal,13,88,0,0,0
2026-02-11,Tripunithura Terminal,14,84,0,0,0
2026-02-11,Tripunithura Terminal,15,78,0,0,0
2026-02-11,Tripunithura Terminal,16,76,0,0,0
2026-02-11,Tripunithura Terminal,17,193,0,0,1
2026-02-11,Tripunithura Terminal,18,205,0,0,1
2026-02-11,Tripunithura Terminal,19,246,0,0,1
2026-02-11,Tripunithura Terminal,20,201,0,0,1
2026-02-11,Tripunithura Terminal,21,77,0,0,0
2026-02-11,Tripunithura Terminal,22,96,0,0,0
2026-02-18,Aluva,6,180,0,0,0
2026-02-18,Aluva,7,215,0,0,0
2026-02-18,Aluva,8,538,0,1,0
2026-02-18,Aluva,9,563,0,1,0
2026-02-18,Aluva,10,519,0,1,0
2026-02-18,Aluva,11,213,0,0,0
2026-02-18,Aluva,12,209,0,0,0
2026-02-18,Aluva,13,189,0,0,0
2026-02-18,Aluva,14,205,0,0,0
2026-02-18,Aluva,15,199,0,0,0
2026-02-18,Aluva,16,178,0,0,0
2026-02-18,Aluva,17,505,0,0,1
2026-02-18,Aluva,18,504,0,0,1
2026-02-18,Aluva,19,499,0,0,1
2026-02-18,Aluva,20,509,0,0,1
2026-02-18,Aluva,21,187,0,0,0
2026-02-18,Aluva,22,208,0,0,0
2026-02-18,Pulinchodu,6,72,0,0,0
2026-02-18,Pulinchodu,7,76,0,0,0
2026-02-18,Pulinchodu,8,216,0,1,0
2026-02-18,Pulinchodu,9,176,0,1,0
2026-02-18,Pulinchodu,10,177,0,1,0
2026-02-18,Pulinchodu,11,67,0,0,0
2026-02-18,Pulinchodu,12,98,0,0,0
2026-02-18,Pulinchodu,13,82,0,0,0
2026-02-18,Pulinchodu,14,76,0,0,0
2026-02-18,Pulinchodu,15,81,0,0,0
2026-02-18,Pulinchodu,16,75,0,0,0
2026-02-18,Pulinchodu,17,203,0,0,1
2026-02-18,Pulinchodu,18,189,0,0,1
2026-02-18,Pulinchodu,19,175,0,0,1
2026-02-18,Pulinchodu,20,174,0,0,1
2026-02-18,Pulinchodu,21,95,0,0,0
2026-02-18,Pulinchodu,22,77,0,0,0
2026-02-18,Companypady,6,81,0,0,0
2026-02-18,Companypady,7,81,0,0,0
2026-02-18,Companypady,8,208,0,1,0
2026-02-18,Companypady,9,194,0,1,0
2026-02-18,Companypady,10,221,0,1,0
2026-02-18,Companypady,11,84,0,0,0
2026-02-18,Companypady,12,83,0,0,0
2026-02-18,Companypady,13,95,0,0,0
2026-02-18,Companypady,14,84,0,0,0
2026-02-18,Companypady,15,64,0,0,0
2026-02-18,Companypady,16,80,0,0,0
2026-02-18,Companypady,17,203,0,0,1
2026-02-18,Companypady,18,235,0,0,1
2026-02-18,Companypady,19,198,0,0,1
2026-02-18,Companypady,20,199,0,0,1
2026-02-18,Companypady,21,74,0,0,0
2026-02-18,Companypady,22,94,0,0,0
2026-02-18,Ambattukavu,6,71,0,0,0
2026-02-18,Ambattukavu,7,77,0,0,0
2026-02-18,Ambattukavu,8,226,0,1,0
2026-02-18,Ambattukavu,9,203,0,1,0
2026-02-18,Ambattukavu,10,224,0,1,0
2026-02-18,Ambattukavu,11,74,0,0,0
2026-02-18,Ambattukavu,12,108,0,0,0
2026-02-18,Ambattukavu,13,93,0,0,0
2026-02-18,Ambattukavu,14,76,0,0,0
2026-02-18,Ambattukavu,15,77,0,0,0
2026-02-18,Ambattukavu,16,66,0,0,0
2026-02-18,Ambattukavu,17,221,0,0,1
2026-02-18,Ambattukavu,18,214,0,0,1
2026-02-18,Ambattukavu,19,229,0,0,1
2026-02-18,Ambattukavu,20,192,0,0,1
2026-02-18,Ambattukavu,21,79,0,0,0
2026-02-18,Ambattukavu,22,74,0,0,0
2026-02-18,Muttom,6,92,0,0,0
2026-02-18,Muttom,7,95,0,0,0
2026-02-18,Muttom,8,206,0,1,0
2026-02-18,Muttom,9,214,0,1,0
2026-02-18,Muttom,10,226,0,1,0
2026-02-18,Muttom,11,75,0,0,0
2026-02-18,Muttom,12,85,0,0,0
2026-02-18,Muttom,13,85,0,0,0
2026-02-18,Muttom,14,84,0,0,0
2026-02-18,Muttom,15,96,0,0,0
2026-02-18,Muttom,16,78,0,0,0
2026-02-18,Muttom,17,194,0,0,1
2026-02-18,Muttom,18,202,0,0,1
2026-02-18,Muttom,19,191,0,0,1
2026-02-18,Muttom,20,226,0,0,1
2026-02-18,Muttom,21,90,0,0,0
2026-02-18,Muttom,22,95,0,0,0
2026-02-18,Kalamassery,6,199,0,0,0
2026-02-18,Kalamassery,7,203,0,0,0
2026-02-18,Kalamassery,8,506,0,1,0
2026-02-18,Kalamassery,9,481,0,1,0
2026-02-18,Kalamassery,10,491,0,1,0
2026-02-18,Kalamassery,11,189,0,0,0
2026-02-18,Kalamassery,12,196,0,0,0
2026-02-18,Kalamassery,13,194,0,0,0
2026-02-18,Kalamassery,14,187,0,0,0
2026-02-18,Kalamassery,15,211,0,0,0
2026-02-18,Kalamassery,16,180,0,0,0
2026-02-18,Kalamassery,17,533,0,0,1
2026-02-18,Kalamassery,18,474,0,0,1
2026-02-18,Kalamassery,19,467,0,0,1
2026-02-18,Kalamassery,20,481,0,0,1
2026-02-18,Kalamassery,21,174,0,0,0
2026-02-18,Kalamassery,22,205,0,0,0
2026-02-18,CUSAT,6,91,0,0,0
2026-02-18,CUSAT,7,75,0,0,0
2026-02-18,CUSAT,8,212,0,1,0
2026-02-18,CUSAT,9,203,0,1,0
2026-02-18,CUSAT,10,216,0,1,0
2026-02-18,CUSAT,11,78,0,0,0
2026-02-18,CUSAT,12,80,0,0,0
2026-02-18,CUSAT,13,76,0,0,0
2026-02-18,CUSAT,14,77,0,0,0
2026-02-18,CUSAT,15,81,0,0,0
2026-02-18,CUSAT,16,83,0,0,0
2026-02-18,CUSAT,17,205,0,0,1
2026-02-18,CUSAT,18,196,0,0,1
2026-02-18,CUSAT,19,196,0,0,1
2026-02-18,CUSAT,20,197,0,0,1
2026-02-18,CUSAT,21,88,0,0,0
2026-02-18,CUSAT,22,75,0,0,0
2026-02-18,Pathadipalam,6,79,0,0,0
2026-02-18,Pathadipalam,7,60,0,0,0
2026-02-18,Pathadipalam,8,190,0,1,0
2026-02-18,Pathadipalam,9,201,0,1,0
2026-02-18,Pathadipalam,10,201,0,1,0
2026-02-18,Pathadipalam,11,95,0,0,0
2026-02-18,Pathadipalam,12,93,0,0,0
2026-02-18,Pathadipalam,13,68,0,0,0
2026-02-18,Pathadipalam,14,83,0,0,0
2026-02-18,Pathadipalam,15,81,0,0,0
2026-02-18,Pathadipalam,16,102,0,0,0
2026-02-18,Pathadipalam,17,207,0,0,1
2026-02-18,Pathadipalam,18,212,0,0,1
2026-02-18,Pathadipalam,19,196,0,0,1
2026-02-18,Pathadipalam,20,184,0,0,1
2026-02-18,Pathadipalam,21,77,0,0,0
2026-02-18,Pathadipalam,22,76,0,0,0
2026-02-18,Edappally,6,223,0,0,0
2026-02-18,Edappally,7,175,0,0,0
2026-02-18,Edappally,8,521,0,1,0
2026-02-18,Edappally,9,503,0,1,0
2026-02-18,Edappally,10,476,0,1,0
2026-02-18,Edappally,11,214,0,0,0
2026-02-18,Edappally,12,210,0,0,0
2026-02-18,Edappally,13,184,0,0,0
2026-02-18,Edappally,14,189,0,0,0
2026-02-18,Edappally,15,193,0,0,0
2026-02-18,Edappally,16,220,0,0,0
2026-02-18,Edappally,17,496,0,0,1
2026-02-18,Edappally,18,480,0,0,1
2026-02-18,Edappally,19,517,0,0,1
2026-02-18,Edappally,20,502,0,0,1
2026-02-18,Edappally,21,209,0,0,0
2026-02-18,Edappally,22,177,0,0,0
2026-02-18,Changampuzha Park,6,79,0,0,0
2026-02-18,Changampuzha Park,7,93,0,0,0
2026-02-18,Changampuzha Park,8,191,0,1,0
2026-02-18,Changampuzha Park,9,206,0,1,0
2026-02-18,Changampuzha Park,10,210,0,1,0
2026-02-18,Changampuzha Park,11,87,0,0,0
2026-02-18,Changampuzha Park,12,71,0,0,0
2026-02-18,Changampuzha Park,13,79,0,0,0
2026-02-18,Changampuzha Park,14,59,0,0,0
2026-02-18,Changampuzha Park,15,89,0,0,0
2026-02-18,Changampuzha Park,16,76,0,0,0
2026-02-18,Changampuzha Park,17,202,0,0,1
2026-02-18,Changampuzha Park,18,204,0,0,1
2026-02-18,Changampuzha Park,19,218,0,0,1
2026-02-18,Changampuzha Park,20,206,0,0,1
2026-02-18,Changampuzha Park,21,73,0,0,0
2026-02-18,Changampuzha Park,22,78,0,0,0
2026-02-18,Palarivattom,6,84,0,0,0
2026-02-18,Palarivattom,7,82,0,0,0
2026-02-18,Palarivattom,8,190,0,1,0
2026-02-18,Palarivattom,9,209,0,1,0
2026-02-18,Palarivattom,10,190,0,1,0
2026-02-18,Palarivattom,11,92,0,0,0
2026-02-18,Palarivattom,12,73,0,0,0
2026-02-18,Palarivattom,13,95,0,0,0
2026-02-18,Palarivattom,14,68,0,0,0
2026-02-18,Palarivattom,15,78,0,0,0
2026-02-18,Palarivattom,16,75,0,0,0
2026-02-18,Palarivattom,17,208,0,0,1
2026-02-18,Palarivattom,18,206,0,0,1
2026-02-18,Palarivattom,19,212,0,0,1
2026-02-18,Palarivattom,20,219,0,0,1
2026-02-18,Palarivattom,21,92,0,0,0
2026-02-18,Palarivattom,22,81,0,0,0
2026-02-18,JLN Stadium,6,82,0,0,0
2026-02-18,JLN Stadium,7,67,0,0,0
2026-02-18,JLN Stadium,8,213,0,1,0
2026-02-18,JLN Stadium,9,201,0,1,0
2026-02-18,JLN Stadium,10,192,0,1,0
2026-02-18,JLN Stadium,11,81,0,0,0
2026-02-18,JLN Stadium,12,83,0,0,0
2026-02-18,JLN Stadium,13,81,0,0,0
2026-02-18,JLN Stadium,14,84,0,0,0
2026-02-18,JLN Stadium,15,72,0,0,0
2026-02-18,JLN Stadium,16,92,0,0,0
2026-02-18,JLN Stadium,17,201,0,0,1
2026-02-18,JLN Stadium,18,201,0,0,1
2026-02-18,JLN Stadium,19,184,0,0,1
2026-02-18,JLN Stadium,20,218,0,0,1
2026-02-18,JLN Stadium,21,75,0,0,0
2026-02-18,JLN Stadium,22,105,0,0,0
2026-02-18,Kaloor Town Hall,6,70,0,0,0
2026-02-18,Kaloor Town Hall,7,80,0,0,0
2026-02-18,Kaloor Town Hall,8,199,0,1,0
2026-02-18,Kaloor Town Hall,9,210,0,1,0
2026-02-18,Kaloor Town Hall,10,181,0,1,0
2026-02-18,Kaloor Town Hall,11,77,0,0,0
2026-02-18,Kaloor Town Hall,12,79,0,0,0
2026-02-18,Kaloor Town Hall,13,78,0,0,0
2026-02-18,Kaloor Town Hall,14,69,0,0,0
2026-02-18,Kaloor Town Hall,15,84,0,0,0
2026-02-18,Kaloor Town Hall,16,83,0,0,0
2026-02-18,Kaloor Town Hall,17,218,0,0,1
2026-02-18,Kaloor Town Hall,18,193,0,0,1
2026-02-18,Kaloor Town Hall,19,214,0,0,1
2026-02-18,Kaloor Town Hall,20,207,0,0,1
2026-02-18,Kaloor Town Hall,21,88,0,0,0
2026-02-18,Kaloor Town Hall,22,67,0,0,0
2026-02-18,MG Road,6,192,0,0,0
2026-02-18,MG Road,7,184,0,0,0
2026-02-18,MG Road,8,505,0,1,0
2026-02-18,MG Road,9,487,0,1,0
2026-02-18,MG Road,10,520,0,1,0
2026-02-18,MG Road,11,188,0,0,0
2026-02-18,MG Road,12,161,0,0,0
2026-02-18,MG Road,13,197,0,0,0
2026-02-18,MG Road,14,198,0,0,0
2026-02-18,MG Road,15,190,0,0,0
2026-02-18,MG Road,16,204,0,0,0
2026-02-18,MG Road,17,501,0,0,1
2026-02-18,MG Road,18,524,0,0,1
2026-02-18,MG Road,19,483,0,0,1
2026-02-18,MG Road,20,519,0,0,1
2026-02-18,MG Road,21,211,0,0,0
2026-02-18,MG Road,22,202,0,0,0
2026-02-18,Maharaja's College,6,88,0,0,0
2026-02-18,Maharaja's College,7,69,0,0,0
2026-02-18,Maharaja's College,8,210,0,1,0
2026-02-18,Maharaja's College,9,187,0,1,0
2026-02-18,Maharaja's College,10,184,0,1,0
2026-02-18,Maharaja's College,11,84,0,0,0
2026-02-18,Maharaja's College,12,81,0,0,0
2026-02-18,Maharaja's College,13,71,0,0,0
2026-02-18,Maharaja's College,14,90,0,0,0
2026-02-18,Maharaja's College,15,86,0,0,0
2026-02-18,Maharaja's College,16,66,0,0,0
2026-02-18,Maharaja's College,17,201,0,0,1
2026-02-18,Maharaja's College,18,198,0,0,1
2026-02-18,Maharaja's College,19,215,0,0,1
2026-02-18,Maharaja's College,20,198,0,0,1
2026-02-18,Maharaja's College,21,82,0,0,0
2026-02-18,Maharaja's College,22,70,0,0,0
2026-02-18,Ernakulam South,6,190,0,0,0
2026-02-18,Ernakulam South,7,212,0,0,0
2026-02-18,Ernakulam South,8,508,0,1,0
2026-02-18,Ernakulam South,9,499,0,1,0
2026-02-18,Ernakulam South,10,510,0,1,0
2026-02-18,Ernakulam South,11,190,0,0,0
2026-02-18,Ernakulam South,12,215,0,0,0
2026-02-18,Ernakulam South,13,184,0,0,0
2026-02-18,Ernakulam South,14,184,0,0,0
2026-02-18,Ernakulam South,15,212,0,0,0
2026-02-18,Ernakulam South,16,202,0,0,0
2026-02-18,Ernakulam South,17,511,0,0,1
2026-02-18,Ernakulam South,18,496,0,0,1
2026-02-18,Ernakulam South,19,486,0,0,1
2026-02-18,Ernakulam South,20,493,0,0,1
2026-02-18,Ernakulam South,21,187,0,0,0
2026-02-18,Ernakulam South,22,199,0,0,0
2026-02-18,Kadavanthra,6,87,0,0,0
2026-02-18,Kadavanthra,7,82,0,0,0
2026-02-18,Kadavanthra,8,194,0,1,0
2026-02-18,Kadavanthra,9,213,0,1,0
2026-02-18,Kadavanthra,10,205,0,1,0
2026-02-18,Kadavanthra,11,94,0,0,0
2026-02-18,Kadavanthra,12,83,0,0,0
2026-02-18,Kadavanthra,13,75,0,0,0
2026-02-18,Kadavanthra,14,102,0,0,0
2026-02-18,Kadavanthra,15,81,0,0,0
2026-02-18,Kadavanthra,16,89,0,0,0
2026-02-18,Kadavanthra,17,195,0,0,1
2026-02-18,Kadavanthra,18,184,0,0,1
2026-02-18,Kadavanthra,19,194,0,0,1
2026-02-18,Kadavanthra,20,186,0,0,1
2026-02-18,Kadavanthra,21,72,0,0,0
2026-02-18,Kadavanthra,22,88,0,0,0
2026-02-18,Elamkulam,6,71,0,0,0
2026-02-18,Elamkulam,7,73,0,0,0
2026-02-18,Elamkulam,8,194,0,1,0
2026-02-18,Elamkulam,9,217,0,1,0
2026-02-18,Elamkulam,10,175,0,1,0
2026-02-18,Elamkulam,11,81,0,0,0
2026-02-18,Elamkulam,12,82,0,0,0
2026-02-18,Elamkulam,13,86,0,0,0
2026-02-18,Elamkulam,14,80,0,0,0
2026-02-18,Elamkulam,15,88,0,0,0
2026-02-18,Elamkulam,16,78,0,0,0
2026-02-18,Elamkulam,17,205,0,0,1
2026-02-18,Elamkulam,18,223,0,0,1
2026-02-18,Elamkulam,19,198,0,0,1
2026-02-18,Elamkulam,20,204,0,0,1
2026-02-18,Elamkulam,21,69,0,0,0
2026-02-18,Elamkulam,22,78,0,0,0
2026-02-18,Vyttila,6,90,0,0,0
2026-02-18,Vyttila,7,91,0,0,0
2026-02-18,Vyttila,8,187,0,1,0
2026-02-18,Vyttila,9,196,0,1,0
2026-02-18,Vyttila,10,208,0,1,0
2026-02-18,Vyttila,11,82,0,0,0
2026-02-18,Vyttila,12,90,0,0,0
2026-02-18,Vyttila,13,76,0,0,0
2026-02-18,Vyttila,14,77,0,0,0
2026-02-18,Vyttila,15,84,0,0,0
2026-02-18,Vyttila,16,97,0,0,0
2026-02-18,Vyttila,17,181,0,0,1
2026-02-18,Vyttila,18,206,0,0,1
2026-02-18,Vyttila,19,203,0,0,1
2026-02-18,Vyttila,20,198,0,0,1
2026-02-18,Vyttila,21,85,0,0,0
2026-02-18,Vyttila,22,89,0,0,0
2026-02-18,Thaikoodam,6,88,0,0,0
2026-02-18,Thaikoodam,7,79,0,0,0
2026-02-18,Thaikoodam,8,202,0,1,0
2026-02-18,Thaikoodam,9,190,0,1,0
2026-02-18,Thaikoodam,10,201,0,1,0
2026-02-18,Thaikoodam,11,64,0,0,0
2026-02-18,Thaikoodam,12,89,0,0,0
2026-02-18,Thaikoodam,13,80,0,0,0
2026-02-18,Thaikoodam,14,90,0,0,0
2026-02-18,Thaikoodam,15,76,0,0,0
2026-02-18,Thaikoodam,16,89,0,0,0
2026-02-18,Thaikoodam,17,201,0,0,1
2026-02-18,Thaikoodam,18,227,0,0,1
2026-02-18,Thaikoodam,19,215,0,0,1
2026-02-18,Thaikoodam,20,204,0,0,1
2026-02-18,Thaikoodam,21,90,0,0,0
2026-02-18,Thaikoodam,22,63,0,0,0
2026-02-18,Petta,6,84,0,0,0
2026-02-18,Petta,7,79,0,0,0
2026-02-18,Petta,8,175,0,1,0
2026-02-18,Petta,9,207,0,1,0
2026-02-18,Petta,10,216,0,1,0
2026-02-18,Petta,11,88,0,0,0
2026-02-18,Petta,12,79,0,0,0
2026-02-18,Petta,13,86,0,0,0
2026-02-18,Petta,14,64,0,0,0
2026-02-18,Petta,15,83,0,0,0
2026-02-18,Petta,16,66,0,0,0
2026-02-18,Petta,17,199,0,0,1
2026-02-18,Petta,18,191,0,0,1
2026-02-18,Petta,19,216,0,0,1
2026-02-18,Petta,20,182,0,0,1
2026-02-18,Petta,21,82,0,0,0
2026-02-18,Petta,22,78,0,0,0
2026-02-18,Vadakkekotta,6,70,0,0,0
2026-02-18,Vadakkekotta,7,84,0,0,0
2026-02-18,Vadakkekotta,8,177,0,1,0
2026-02-18,Vadakkekotta,9,202,0,1,0
2026-02-18,Vadakkekotta,10,204,0,1,0
2026-02-18,Vadakkekotta,11,70,0,0,0
2026-02-18,Vadakkekotta,12,75,0,0,0
2026-02-18,Vadakkekotta,13,104,0,0,0
2026-02-18,Vadakkekotta,14,82,0,0,0
2026-02-18,Vadakkekotta,15,87,0,0,0
2026-02-18,Vadakkekotta,16,81,0,0,0
2026-02-18,Vadakkekotta,17,197,0,0,1
2026-02-18,Vadakkekotta,18,177,0,0,1
2026-02-18,Vadakkekotta,19,197,0,0,1
2026-02-18,Vadakkekotta,20,184,0,0,1
2026-02-18,Vadakkekotta,21,55,0,0,0
2026-02-18,Vadakkekotta,22,67,0,0,0
2026-02-18,SN Junction,6,77,0,0,0
2026-02-18,SN Junction,7,80,0,0,0
2026-02-18,SN Junction,8,205,0,1,0
2026-02-18,SN Junction,9,226,0,1,0
2026-02-18,SN Junction,10,210,0,1,0
2026-02-18,SN Junction,11,74,0,0,0
2026-02-18,SN Junction,12,63,0,0,0
2026-02-18,SN Junction,13,69,0,0,0
2026-02-18,SN Junction,14,68,0,0,0
2026-02-18,SN Junction,15,100,0,0,0
2026-02-18,SN Junction,16,80,0,0,0
2026-02-18,SN Junction,17,202,0,0,1
2026-02-18,SN Junction,18,210,0,0,1
2026-02-18,SN Junction,19,212,0,0,1
2026-02-18,SN Junction,20,211,0,0,1
2026-02-18,SN Junction,21,85,0,0,0
2026-02-18,SN Junction,22,72,0,0,0
2026-02-18,Tripunithura Terminal,6,75,0,0,0
2026-02-18,Tripunithura Terminal,7,85,0,0,0
2026-02-18,Tripunithura Terminal,8,193,0,1,0
2026-02-18,Tripunithura Terminal,9,175,0,1,0
2026-02-18,Tripunithura Terminal,10,231,0,1,0
2026-02-18,Tripunithura Terminal,11,80,0,0,0
2026-02-18,Tripunithura Terminal,12,106,0,0,0
2026-02-18,Tripunithura Terminal,13,79,0,0,0
2026-02-18,Tripunithura Terminal,14,70,0,0,0
2026-02-18,Tripunithura Terminal,15,71,0,0,0
2026-02-18,Tripunithura Terminal,16,73,0,0,0
2026-02-18,Tripunithura Terminal,17,196,0,0,1
2026-02-18,Tripunithura Terminal,18,198,0,0,1
2026-02-18,Tripunithura Terminal,19,192,0,0,1
2026-02-18,Tripunithura Terminal,20,209,0,0,1
2026-02-18,Tripunithura Terminal,21,77,0,0,0
2026-02-18,Tripunithura Terminal,22,78,0,0,0
2026-02-25,Aluva,6,188,0,0,0
2026-02-25,Aluva,7,186,0,0,0
2026-02-25,Aluva,8,490,0,1,0
2026-02-25,Aluva,9,472,0,1,0
2026-02-25,Aluva,10,505,0,1,0
2026-02-25,Aluva,11,210,0,0,0
2026-02-25,Aluva,12,200,0,0,0
2026-02-25,Aluva,13,207,0,0,0
2026-02-25,Aluva,14,205,0,0,0
2026-02-25,Aluva,15,200,0,0,0
2026-02-25,Aluva,16,190,0,0,0
2026-02-25,Aluva,17,499,0,0,1
2026-02-25,Aluva,18,482,0,0,1
2026-02-25,Aluva,19,507,0,0,1
2026-02-25,Aluva,20,530,0,0,1
2026-02-25,Aluva,21,171,0,0,0
2026-02-25,Aluva,22,199,0,0,0
2026-02-25,Pulinchodu,6,78,0,0,0
2026-02-25,Pulinchodu,7,85,0,0,0
2026-02-25,Pulinchodu,8,197,0,1,0
2026-02-25,Pulinchodu,9,199,0,1,0
2026-02-25,Pulinchodu,10,209,0,1,0
2026-02-25,Pulinchodu,11,82,0,0,0
2026-02-25,Pulinchodu,12,76,0,0,0
2026-02-25,Pulinchodu,13,111,0,0,0
2026-02-25,Pulinchodu,14,74,0,0,0
2026-02-25,Pulinchodu,15,76,0,0,0
2026-02-25,Pulinchodu,16,94,0,0,0
2026-02-25,Pulinchodu,17,182,0,0,1
2026-02-25,Pulinchodu,18,193,0,0,1
2026-02-25,Pulinchodu,19,188,0,0,1
2026-02-25,Pulinchodu,20,187,0,0,1
2026-02-25,Pulinchodu,21,84,0,0,0
2026-02-25,Pulinchodu,22,92,0,0,0
2026-02-25,Companypady,6,79,0,0,0
2026-02-25,Companypady,7,80,0,0,0
2026-02-25,Companypady,8,186,0,1,0
2026-02-25,Companypady,9,216,0,1,0
2026-02-25,Companypady,10,199,0,1,0
2026-02-25,Companypady,11,85,0,0,0
2026-02-25,Companypady,12,65,0,0,0
2026-02-25,Companypady,13,66,0,0,0
2026-02-25,Companypady,14,85,0,0,0
2026-02-25,Companypady,15,66,0,0,0
2026-02-25,Companypady,16,89,0,0,0
2026-02-25,Companypady,17,210,0,0,1
2026-02-25,Companypady,18,190,0,0,1
2026-02-25,Companypady,19,182,0,0,1
2026-02-25,Companypady,20,196,0,0,1
2026-02-25,Companypady,21,70,0,0,0
2026-02-25,Companypady,22,74,0,0,0
2026-02-25,Ambattukavu,6,85,0,0,0
2026-02-25,Ambattukavu,7,81,0,0,0
2026-02-25,Ambattukavu,8,208,0,1,0
2026-02-25,Ambattukavu,9,206,0,1,0
2026-02-25,Ambattukavu,10,199,0,1,0
2026-02-25,Ambattukavu,11,75,0,0,0
2026-02-25,Ambattukavu,12,93,0,0,0
2026-02-25,Ambattukavu,13,92,0,0,0
2026-02-25,Ambattukavu,14,87,0,0,0
2026-02-25,Ambattukavu,15,87,0,0,0
2026-02-25,Ambattukavu,16,95,0,0,0
2026-02-25,Ambattukavu,17,190,0,0,1
2026-02-25,Ambattukavu,18,207,0,0,1
2026-02-25,Ambattukavu,19,187,0,0,1
2026-02-25,Ambattukavu,20,214,0,0,1
2026-02-25,Ambattukavu,21,61,0,0,0
2026-02-25,Ambattukavu,22,80,0,0,0
2026-02-25,Muttom,6,84,0,0,0
2026-02-25,Muttom,7,73,0,0,0
2026-02-25,Muttom,8,213,0,1,0
2026-02-25,Muttom,9,187,0,1,0
2026-02-25,Muttom,10,230,0,1,0
2026-02-25,Muttom,11,82,0,0,0
2026-02-25,Muttom,12,81,0,0,0
2026-02-25,Muttom,13,93,0,0,0
2026-02-25,Muttom,14,73,0,0,0
2026-02-25,Muttom,15,76,0,0,0
2026-02-25,Muttom,16,76,0,0,0
2026-02-25,Muttom,17,204,0,0,1
2026-02-25,Muttom,18,209,0,0,1
2026-02-25,Muttom,19,202,0,0,1
2026-02-25,Muttom,20,181,0,0,1
2026-02-25,Muttom,21,80,0,0,0
2026-02-25,Muttom,22,75,0,0,0
2026-02-25,Kalamassery,6,198,0,0,0
2026-02-25,Kalamassery,7,192,0,0,0
2026-02-25,Kalamassery,8,476,0,1,0
2026-02-25,Kalamassery,9,481,0,1,0
2026-02-25,Kalamassery,10,521,0,1,0
2026-02-25,Kalamassery,11,216,0,0,0
2026-02-25,Kalamassery,12,222,0,0,0
2026-02-25,Kalamassery,13,219,0,0,0
2026-02-25,Kalamassery,14,208,0,0,0
2026-02-25,Kalamassery,15,198,0,0,0
2026-02-25,Kalamassery,16,204,0,0,0
2026-02-25,Kalamassery,17,501,0,0,1
2026-02-25,Kalamassery,18,509,0,0,1
2026-02-25,Kalamassery,19,548,0,0,1
2026-02-25,Kalamassery,20,491,0,0,1
2026-02-25,Kalamassery,21,208,0,0,0
2026-02-25,Kalamassery,22,189,0,0,0
2026-02-25,CUSAT,6,94,0,0,0
2026-02-25,CUSAT,7,61,0,0,0
2026-02-25,CUSAT,8,195,0,1,0
2026-02-25,CUSAT,9,198,0,1,0
2026-02-25,CUSAT,10,224,0,1,0
2026-02-25,CUSAT,11,70,0,0,0
2026-02-25,CUSAT,12,83,0,0,0
2026-02-25,CUSAT,13,80,0,0,0
2026-02-25,CUSAT,14,86,0,0,0
2026-02-25,CUSAT,15,84,0,0,0
2026-02-25,CUSAT,16,80,0,0,0
2026-02-25,CUSAT,17,230,0,0,1
2026-02-25,CUSAT,18,212,0,0,1
2026-02-25,CUSAT,19,208,0,0,1
2026-02-25,CUSAT,20,198,0,0,1
2026-02-25,CUSAT,21,89,0,0,0
2026-02-25,CUSAT,22,73,0,0,0
2026-02-25,Pathadipalam,6,90,0,0,0
2026-02-25,Pathadipalam,7,76,0,0,0
2026-02-25,Pathadipalam,8,199,0,1,0
2026-02-25,Pathadipalam,9,197,0,1,0
2026-02-25,Pathadipalam,10,174,0,1,0
2026-02-25,Pathadipalam,11,94,0,0,0
2026-02-25,Pathadipalam,12,73,0,0,0
2026-02-25,Pathadipalam,13,79,0,0,0
2026-02-25,Pathadipalam,14,70,0,0,0
2026-02-25,Pathadipalam,15,68,0,0,0
2026-02-25,Pathadipalam,16,97,0,0,0
2026-02-25,Pathadipalam,17,199,0,0,1
2026-02-25,Pathadipalam,18,195,0,0,1
2026-02-25,Pathadipalam,19,213,0,0,1
2026-02-25,Pathadipalam,20,210,0,0,1
2026-02-25,Pathadipalam,21,91,0,0,0
2026-02-25,Pathadipalam,22,88,0,0,0
2026-02-25,Edappally,6,198,0,0,0
2026-02-25,Edappally,7,214,0,0,0
2026-02-25,Edappally,8,520,0,1,0
2026-02-25,Edappally,9,528,0,1,0
2026-02-25,Edappally,10,476,0,1,0
2026-02-25,Edappally,11,205,0,0,0
2026-02-25,Edappally,12,199,0,0,0
2026-02-25,Edappally,13,210,0,0,0
2026-02-25,Edappally,14,196,0,0,0
2026-02-25,Edappally,15,188,0,0,0
2026-02-25,Edappally,16,214,0,0,0
2026-02-25,Edappally,17,507,0,0,1
2026-02-25,Edappally,18,541,0,0,1
2026-02-25,Edappally,19,499,0,0,1
2026-02-25,Edappally,20,498,0,0,1
2026-02-25,Edappally,21,182,0,0,0
2026-02-25,Edappally,22,215,0,0,0
2026-02-25,Changampuzha Park,6,77,0,0,0
2026-02-25,Changampuzha Park,7,80,0,0,0
2026-02-25,Changampuzha Park,8,196,0,1,0
2026-02-25,Changampuzha Park,9,199,0,1,0
2026-02-25,Changampuzha Park,10,180,0,1,0
2026-02-25,Changampuzha Park,11,78,0,0,0
2026-02-25,Changampuzha Park,12,68,0,0,0
2026-02-25,Changampuzha Park,13,76,0,0,0
2026-02-25,Changampuzha Park,14,79,0,0,0
2026-02-25,Changampuzha Park,15,101,0,0,0
2026-02-25,Changampuzha Park,16,64,0,0,0
2026-02-25,Changampuzha Park,17,175,0,0,1
2026-02-25,Changampuzha Park,18,185,0,0,1
2026-02-25,Changampuzha Park,19,204,0,0,1
2026-02-25,Changampuzha Park,20,199,0,0,1
2026-02-25,Changampuzha Park,21,85,0,0,0
2026-02-25,Changampuzha Park,22,84,0,0,0
2026-02-25,Palarivattom,6,77,0,0,0
2026-02-25,Palarivattom,7,84,0,0,0
2026-02-25,Palarivattom,8,204,0,1,0
2026-02-25,Palarivattom,9,202,0,1,0
2026-02-25,Palarivattom,10,195,0,1,0
2026-02-25,Palarivattom,11,79,0,0,0
2026-02-25,Palarivattom,12,81,0,0,0
2026-02-25,Palarivattom,13,84,0,0,0
2026-02-25,Palarivattom,14,91,0,0,0
2026-02-25,Palarivattom,15,82,0,0,0
2026-02-25,Palarivattom,16,75,0,0,0
2026-02-25,Palarivattom,17,184,0,0,1
2026-02-25,Palarivattom,18,206,0,0,1
2026-02-25,Palarivattom,19,211,0,0,1
2026-02-25,Palarivattom,20,189,0,0,1
2026-02-25,Palarivattom,21,73,0,0,0
2026-02-25,Palarivattom,22,89,0,0,0
2026-02-25,JLN Stadium,6,91,0,0,0
2026-02-25,JLN Stadium,7,73,0,0,0
2026-02-25,JLN Stadium,8,208,0,1,0
2026-02-25,JLN Stadium,9,186,0,1,0
2026-02-25,JLN Stadium,10,191,0,1,0
2026-02-25,JLN Stadium,11,81,0,0,0
2026-02-25,JLN Stadium,12,87,0,0,0
2026-02-25,JLN Stadium,13,63,0,0,0
2026-02-25,JLN Stadium,14,85,0,0,0
2026-02-25,JLN Stadium,15,73,0,0,0
2026-02-25,JLN Stadium,16,82,0,0,0
2026-02-25,JLN Stadium,17,194,0,0,1
2026-02-25,JLN Stadium,18,199,0,0,1
2026-02-25,JLN Stadium,19,184,0,0,1
2026-02-25,JLN Stadium,20,225,0,0,1
2026-02-25,JLN Stadium,21,76,0,0,0
2026-02-25,JLN Stadium,22,72,0,0,0
2026-02-25,Kaloor Town Hall,6,65,0,0,0
2026-02-25,Kaloor Town Hall,7,87,0,0,0
2026-02-25,Kaloor Town Hall,8,214,0,1,0
2026-02-25,Kaloor Town Hall,9,215,0,1,0
2026-02-25,Kaloor Town Hall,10,181,0,1,0
2026-02-25,Kaloor Town Hall,11,83,0,0,0
2026-02-25,Kaloor Town Hall,12,87,0,0,0
2026-02-25,Kaloor Town Hall,13,73,0,0,0
2026-02-25,Kaloor Town Hall,14,84,0,0,0
2026-02-25,Kaloor Town Hall,15,73,0,0,0
2026-02-25,Kaloor Town Hall,16,67,0,0,0
2026-02-25,Kaloor Town Hall,17,220,0,0,1
2026-02-25,Kaloor Town Hall,18,198,0,0,1
2026-02-25,Kaloor Town Hall,19,209,0,0,1
2026-02-25,Kaloor Town Hall,20,210,0,0,1
2026-02-25,Kaloor Town Hall,21,89,0,0,0
2026-02-25,Kaloor Town Hall,22,82,0,0,0
2026-02-25,MG Road,6,205,0,0,0
2026-02-25,MG Road,7,207,0,0,0
2026-02-25,MG Road,8,449,0,1,0
2026-02-25,MG Road,9,496,0,1,0
2026-02-25,MG Road,10,485,0,1,0
2026-02-25,MG Road,11,199,0,0,0
2026-02-25,MG Road,12,203,0,0,0
2026-02-25,MG Road,13,214,0,0,0
2026-02-25,MG Road,14,190,0,0,0
2026-02-25,MG Road,15,200,0,0,0
2026-02-25,MG Road,16,212,0,0,0
2026-02-25,MG Road,17,483,0,0,1
2026-02-25,MG Road,18,468,0,0,1
2026-02-25,MG Road,19,503,0,0,1
2026-02-25,MG Road,20,487,0,0,1
2026-02-25,MG Road,21,186,0,0,0
2026-02-25,MG Road,22,207,0,0,0
2026-02-25,Maharaja's College,6,74,0,0,0
2026-02-25,Maharaja's College,7,73,0,0,0
2026-02-25,Maharaja's College,8,177,0,1,0
2026-02-25,Maharaja's College,9,212,0,1,0
2026-02-25,Maharaja's College,10,196,0,1,0
2026-02-25,Maharaja's College,11,83,0,0,0
2026-02-25,Maharaja's College,12,71,0,0,0
2026-02-25,Maharaja's College,13,71,0,0,0
2026-02-25,Maharaja's College,14,81,0,0,0
2026-02-25,Maharaja's College,15,91,0,0,0
2026-02-25,Maharaja's College,16,80,0,0,0
2026-02-25,Maharaja's College,17,207,0,0,1
2026-02-25,Maharaja's College,18,211,0,0,1
2026-02-25,Maharaja's College,19,177,0,0,1
2026-02-25,Maharaja's College,20,208,0,0,1
2026-02-25,Maharaja's College,21,71,0,0,0
2026-02-25,Maharaja's College,22,83,0,0,0
2026-02-25,Ernakulam South,6,198,0,0,0
2026-02-25,Ernakulam South,7,212,0,0,0
2026-02-25,Ernakulam South,8,507,0,1,0
2026-02-25,Ernakulam South,9,521,0,1,0
2026-02-25,Ernakulam South,10,526,0,1,0
2026-02-25,Ernakulam South,11,202,0,0,0
2026-02-25,Ernakulam South,12,209,0,0,0
2026-02-25,Ernakulam South,13,209,0,0,0
2026-02-25,Ernakulam South,14,182,0,0,0
2026-02-25,Ernakulam South,15,217,0,0,0
2026-02-25,Ernakulam South,16,195,0,0,0
2026-02-25,Ernakulam South,17,546,0,0,1
2026-02-25,Ernakulam South,18,490,0,0,1
2026-02-25,Ernakulam South,19,489,0,0,1
2026-02-25,Ernakulam South,20,448,0,0,1
2026-02-25,Ernakulam South,21,199,0,0,0
2026-02-25,Ernakulam South,22,196,0,0,0
2026-02-25,Kadavanthra,6,95,0,0,0
2026-02-25,Kadavanthra,7,87,0,0,0
2026-02-25,Kadavanthra,8,218,0,1,0
2026-02-25,Kadavanthra,9,202,0,1,0
2026-02-25,Kadavanthra,10,164,0,1,0
2026-02-25,Kadavanthra,11,94,0,0,0
2026-02-25,Kadavanthra,12,72,0,0,0
2026-02-25,Kadavanthra,13,70,0,0,0
2026-02-25,Kadavanthra,14,79,0,0,0
2026-02-25,Kadavanthra,15,88,0,0,0
2026-02-25,Kadavanthra,16,91,0,0,0
2026-02-25,Kadavanthra,17,228,0,0,1
2026-02-25,Kadavanthra,18,204,0,0,1
2026-02-25,Kadavanthra,19,202,0,0,1
2026-02-25,Kadavanthra,20,203,0,0,1
2026-02-25,Kadavanthra,21,94,0,0,0
2026-02-25,Kadavanthra,22,76,0,0,0
2026-02-25,Elamkulam,6,91,0,0,0
2026-02-25,Elamkulam,7,74,0,0,0
2026-02-25,Elamkulam,8,198,0,1,0
2026-02-25,Elamkulam,9,194,0,1,0
2026-02-25,Elamkulam,10,214,0,1,0
2026-02-25,Elamkulam,11,84,0,0,0
2026-02-25,Elamkulam,12,83,0,0,0
2026-02-25,Elamkulam,13,80,0,0,0
2026-02-25,Elamkulam,14,76,0,0,0
2026-02-25,Elamkulam,15,79,0,0,0
2026-02-25,Elamkulam,16,85,0,0,0
2026-02-25,Elamkulam,17,195,0,0,1
2026-02-25,Elamkulam,18,197,0,0,1
2026-02-25,Elamkulam,19,186,0,0,1
2026-02-25,Elamkulam,20,201,0,0,1
2026-02-25,Elamkulam,21,79,0,0,0
2026-02-25,Elamkulam,22,67,0,0,0
2026-02-25,Vyttila,6,77,0,0,0
2026-02-25,Vyttila,7,77,0,0,0
2026-02-25,Vyttila,8,213,0,1,0
2026-02-25,Vyttila,9,191,0,1,0
2026-02-25,Vyttila,10,178,0,1,0
2026-02-25,Vyttila,11,76,0,0,0
2026-02-25,Vyttila,12,71,0,0,0
2026-02-25,Vyttila,13,78,0,0,0
2026-02-25,Vyttila,14,88,0,0,0
2026-02-25,Vyttila,15,84,0,0,0
2026-02-25,Vyttila,16,71,0,0,0
2026-02-25,Vyttila,17,197,0,0,1
2026-02-25,Vyttila,18,187,0,0,1
2026-02-25,Vyttila,19,196,0,0,1
2026-02-25,Vyttila,20,177,0,0,1
2026-02-25,Vyttila,21,76,0,0,0
2026-02-25,Vyttila,22,71,0,0,0
2026-02-25,Thaikoodam,6,73,0,0,0
2026-02-25,Thaikoodam,7,92,0,0,0
2026-02-25,Thaikoodam,8,202,0,1,0
2026-02-25,Thaikoodam,9,205,0,1,0
2026-02-25,Thaikoodam,10,197,0,1,0
2026-02-25,Thaikoodam,11,86,0,0,0
2026-02-25,Thaikoodam,12,63,0,0,0
2026-02-25,Thaikoodam,13,75,0,0,0
2026-02-25,Thaikoodam,14,94,0,0,0
2026-02-25,Thaikoodam,15,89,0,0,0
2026-02-25,Thaikoodam,16,75,0,0,0
2026-02-25,Thaikoodam,17,209,0,0,1
2026-02-25,Thaikoodam,18,168,0,0,1
2026-02-25,Thaikoodam,19,185,0,0,1
2026-02-25,Thaikoodam,20,201,0,0,1
2026-02-25,Thaikoodam,21,83,0,0,0
2026-02-25,Thaikoodam,22,86,0,0,0
2026-02-25,Petta,6,87,0,0,0
2026-02-25,Petta,7,63,0,0,0
2026-02-25,Petta,8,208,0,1,0
2026-02-25,Petta,9,184,0,1,0
2026-02-25,Petta,10,204,0,1,0
2026-02-25,Petta,11,82,0,0,0
2026-02-25,Petta,12,75,0,0,0
2026-02-25,Petta,13,82,0,0,0
2026-02-25,Petta,14,86,0,0,0
2026-02-25,Petta,15,88,0,0,0
2026-02-25,Petta,16,81,0,0,0
2026-02-25,Petta,17,183,0,0,1
2026-02-25,Petta,18,198,0,0,1
2026-02-25,Petta,19,207,0,0,1
2026-02-25,Petta,20,203,0,0,1
2026-02-25,Petta,21,68,0,0,0
2026-02-25,Petta,22,79,0,0,0
2026-02-25,Vadakkekotta,6,86,0,0,0
2026-02-25,Vadakkekotta,7,78,0,0,0
2026-02-25,Vadakkekotta,8,201,0,1,0
2026-02-25,Vadakkekotta,9,195,0,1,0
2026-02-25,Vadakkekotta,10,197,0,1,0
2026-02-25,Vadakkekotta,11,82,0,0,0
2026-02-25,Vadakkekotta,12,85,0,0,0
2026-02-25,Vadakkekotta,13,75,0,0,0
2026-02-25,Vadakkekotta,14,93,0,0,0
2026-02-25,Vadakkekotta,15,72,0,0,0
2026-02-25,Vadakkekotta,16,83,0,0,0
2026-02-25,Vadakkekotta,17,198,0,0,1
2026-02-25,Vadakkekotta,18,216,0,0,1
2026-02-25,Vadakkekotta,19,199,0,0,1
2026-02-25,Vadakkekotta,20,197,0,0,1
2026-02-25,Vadakkekotta,21,71,0,0,0
2026-02-25,Vadakkekotta,22,89,0,0,0
2026-02-25,SN Junction,6,66,0,0,0
2026-02-25,SN Junction,7,104,0,0,0
2026-02-25,SN Junction,8,212,0,1,0
2026-02-25,SN Junction,9,194,0,1,0
2026-02-25,SN Junction,10,200,0,1,0
2026-02-25,SN Junction,11,90,0,0,0
2026-02-25,SN Junction,12,83,0,0,0
2026-02-25,SN Junction,13,68,0,0,0
2026-02-25,SN Junction,14,83,0,0,0
2026-02-25,SN Junction,15,88,0,0,0
2026-02-25,SN Junction,16,67,0,0,0
2026-02-25,SN Junction,17,197,0,0,1
2026-02-25,SN Junction,18,203,0,0,1
2026-02-25,SN Junction,19,189,0,0,1
2026-02-25,SN Junction,20,212,0,0,1
2026-02-25,SN Junction,21,81,0,0,0
2026-02-25,SN Junction,22,58,0,0,0
2026-02-25,Tripunithura Terminal,6,89,0,0,0
2026-02-25,Tripunithura Terminal,7,85,0,0,0
2026-02-25,Tripunithura Terminal,8,195,0,1,0
2026-02-25,Tripunithura Terminal,9,198,0,1,0
2026-02-25,Tripunithura Terminal,10,216,0,1,0
2026-02-25,Tripunithura Terminal,11,88,0,0,0
2026-02-25,Tripunithura Terminal,12,73,0,0,0
2026-02-25,Tripunithura Terminal,13,67,0,0,0
2026-02-25,Tripunithura Terminal,14,69,0,0,0
2026-02-25,Tripunithura Terminal,15,61,0,0,0
2026-02-25,Tripunithura Terminal,16,91,0,0,0
2026-02-25,Tripunithura Terminal,17,197,0,0,1
2026-02-25,Tripunithura Terminal,18,209,0,0,1
2026-02-25,Tripunithura Terminal,19,232,0,0,1
2026-02-25,Tripunithura Terminal,20,198,0,0,1
2026-02-25,Tripunithura Terminal,21,71,0,0,0
2026-02-25,Tripunithura Terminal,22,81,0,0,0
